Data_Hora,Fase,ID_Container,Nome,CPU_%,Mem_Usage,Mem_%,Net_IO,Block_IO
2026-04-04 17:40:59,repouso,510b28b5e515,sistemas-distribuidos-crm-1,2.15%,68.35MiB / 7.654GiB,0.87%,31.3MB / 52.7MB,3.47MB / 401kB
2026-04-04 17:40:59,repouso,ff3bf187a9b9,sistemas-distribuidos-delivery-1,2.52%,69.28MiB / 7.654GiB,0.88%,36.7MB / 55.9MB,4.65MB / 401kB
2026-04-04 17:40:59,repouso,ecbfb6f4687b,sistemas-distribuidos-payments-1,1.99%,68.83MiB / 7.654GiB,0.88%,35.1MB / 55.2MB,6.24MB / 401kB
2026-04-04 17:40:59,repouso,ee13bc4e589c,sistemas-distribuidos-accounts-1,2.44%,70.16MiB / 7.654GiB,0.90%,31.7MB / 55.6MB,14.9MB / 406kB
2026-04-04 17:40:59,repouso,a117783aa7c8,sistemas-distribuidos-middleware-1,1.19%,79.48MiB / 7.654GiB,1.01%,387MB / 364MB,201kB / 786kB
2026-04-04 17:40:59,repouso,088ebce9e27e,kafka-ui,0.12%,551.9MiB / 7.654GiB,7.04%,5.23MB / 26.6MB,92MB / 3.07MB
2026-04-04 17:40:59,repouso,ee37a20584eb,sistemas-distribuidos-kafka-1,6.78%,695.9MiB / 7.654GiB,8.88%,157MB / 189MB,70.2MB / 54.3MB
2026-04-04 17:40:59,repouso,b1267530f40d,sistemas-distribuidos-crm_db-1,0.00%,27.7MiB / 7.654GiB,0.35%,16MB / 12.7MB,8.72MB / 175MB
2026-04-04 17:40:59,repouso,f1f8000a605f,sistemas-distribuidos-middleware_db-1,2.39%,67.01MiB / 7.654GiB,0.85%,232MB / 369MB,15.4MB / 799MB
2026-04-04 17:40:59,repouso,ff53aa714b0f,sistemas-distribuidos-accounts_db-1,0.03%,52.39MiB / 7.654GiB,0.67%,16MB / 12.1MB,5.3MB / 179MB
2026-04-04 17:40:59,repouso,489d7ba9a64c,sistemas-distribuidos-delivery_db-1,0.00%,30.02MiB / 7.654GiB,0.38%,22.7MB / 19.4MB,10.1MB / 180MB
2026-04-04 17:40:59,repouso,a32314d4dd03,sistemas-distribuidos-payments_db-1,0.00%,31.47MiB / 7.654GiB,0.40%,20.4MB / 17.3MB,12.9MB / 178MB
2026-04-04 17:40:59,repouso,f5429bdd2fb0,sistemas-distribuidos-zookeeper-1,1.92%,157.6MiB / 7.654GiB,2.01%,428kB / 426kB,47.8MB / 430kB
2026-04-04 17:40:59,repouso,86aa92827ac9,sistemas-distribuidos-otel-1,7.36%,935.7MiB / 7.654GiB,11.94%,232MB / 1.09MB,488MB / 433MB
2026-04-04 17:41:02,repouso,510b28b5e515,sistemas-distribuidos-crm-1,3.41%,68.36MiB / 7.654GiB,0.87%,31.3MB / 52.7MB,3.47MB / 401kB
2026-04-04 17:41:02,repouso,ff3bf187a9b9,sistemas-distribuidos-delivery-1,3.55%,69.28MiB / 7.654GiB,0.88%,36.7MB / 55.9MB,4.65MB / 401kB
2026-04-04 17:41:02,repouso,ecbfb6f4687b,sistemas-distribuidos-payments-1,3.37%,68.34MiB / 7.654GiB,0.87%,35.1MB / 55.2MB,6.24MB / 401kB
2026-04-04 17:41:02,repouso,ee13bc4e589c,sistemas-distribuidos-accounts-1,4.42%,70.16MiB / 7.654GiB,0.90%,31.7MB / 55.6MB,14.9MB / 406kB
2026-04-04 17:41:02,repouso,a117783aa7c8,sistemas-distribuidos-middleware-1,1.15%,79.48MiB / 7.654GiB,1.01%,387MB / 364MB,201kB / 786kB
2026-04-04 17:41:02,repouso,088ebce9e27e,kafka-ui,0.15%,551.9MiB / 7.654GiB,7.04%,5.23MB / 26.6MB,92MB / 3.07MB
2026-04-04 17:41:02,repouso,ee37a20584eb,sistemas-distribuidos-kafka-1,8.89%,695.9MiB / 7.654GiB,8.88%,157MB / 189MB,70.2MB / 54.3MB
2026-04-04 17:41:02,repouso,b1267530f40d,sistemas-distribuidos-crm_db-1,0.00%,27.7MiB / 7.654GiB,0.35%,16MB / 12.7MB,8.72MB / 175MB
2026-04-04 17:41:02,repouso,f1f8000a605f,sistemas-distribuidos-middleware_db-1,0.08%,67MiB / 7.654GiB,0.85%,232MB / 369MB,15.4MB / 799MB
2026-04-04 17:41:02,repouso,ff53aa714b0f,sistemas-distribuidos-accounts_db-1,0.00%,52.39MiB / 7.654GiB,0.67%,16MB / 12.1MB,5.3MB / 179MB
2026-04-04 17:41:02,repouso,489d7ba9a64c,sistemas-distribuidos-delivery_db-1,0.00%,30.02MiB / 7.654GiB,0.38%,22.7MB / 19.4MB,10.1MB / 180MB
2026-04-04 17:41:02,repouso,a32314d4dd03,sistemas-distribuidos-payments_db-1,0.00%,31.46MiB / 7.654GiB,0.40%,20.4MB / 17.3MB,12.9MB / 178MB
2026-04-04 17:41:02,repouso,f5429bdd2fb0,sistemas-distribuidos-zookeeper-1,4.56%,157.6MiB / 7.654GiB,2.01%,428kB / 426kB,47.8MB / 430kB
2026-04-04 17:41:02,repouso,86aa92827ac9,sistemas-distribuidos-otel-1,9.15%,935.7MiB / 7.654GiB,11.94%,232MB / 1.09MB,488MB / 433MB
2026-04-04 17:41:06,repouso,510b28b5e515,sistemas-distribuidos-crm-1,4.96%,68.35MiB / 7.654GiB,0.87%,31.3MB / 52.7MB,3.47MB / 401kB
2026-04-04 17:41:06,repouso,ff3bf187a9b9,sistemas-distribuidos-delivery-1,3.88%,69.28MiB / 7.654GiB,0.88%,36.7MB / 55.9MB,4.65MB / 401kB
2026-04-04 17:41:06,repouso,ecbfb6f4687b,sistemas-distribuidos-payments-1,2.26%,68.34MiB / 7.654GiB,0.87%,35.1MB / 55.2MB,6.24MB / 401kB
2026-04-04 17:41:06,repouso,ee13bc4e589c,sistemas-distribuidos-accounts-1,2.27%,70.16MiB / 7.654GiB,0.90%,31.7MB / 55.7MB,14.9MB / 406kB
2026-04-04 17:41:06,repouso,a117783aa7c8,sistemas-distribuidos-middleware-1,1.61%,79.48MiB / 7.654GiB,1.01%,387MB / 364MB,201kB / 786kB
2026-04-04 17:41:06,repouso,088ebce9e27e,kafka-ui,0.18%,551.9MiB / 7.654GiB,7.04%,5.23MB / 26.6MB,92MB / 3.07MB
2026-04-04 17:41:06,repouso,ee37a20584eb,sistemas-distribuidos-kafka-1,10.57%,695.9MiB / 7.654GiB,8.88%,157MB / 189MB,70.2MB / 54.3MB
2026-04-04 17:41:06,repouso,b1267530f40d,sistemas-distribuidos-crm_db-1,0.00%,27.7MiB / 7.654GiB,0.35%,16MB / 12.7MB,8.72MB / 175MB
2026-04-04 17:41:06,repouso,f1f8000a605f,sistemas-distribuidos-middleware_db-1,0.11%,67MiB / 7.654GiB,0.85%,232MB / 369MB,15.4MB / 799MB
2026-04-04 17:41:06,repouso,ff53aa714b0f,sistemas-distribuidos-accounts_db-1,0.00%,52.39MiB / 7.654GiB,0.67%,16MB / 12.1MB,5.3MB / 179MB
2026-04-04 17:41:06,repouso,489d7ba9a64c,sistemas-distribuidos-delivery_db-1,0.00%,30.02MiB / 7.654GiB,0.38%,22.7MB / 19.4MB,10.1MB / 180MB
2026-04-04 17:41:06,repouso,a32314d4dd03,sistemas-distribuidos-payments_db-1,0.00%,31.46MiB / 7.654GiB,0.40%,20.4MB / 17.3MB,12.9MB / 178MB
2026-04-04 17:41:06,repouso,f5429bdd2fb0,sistemas-distribuidos-zookeeper-1,0.63%,157.6MiB / 7.654GiB,2.01%,428kB / 426kB,47.8MB / 430kB
2026-04-04 17:41:06,repouso,86aa92827ac9,sistemas-distribuidos-otel-1,3.60%,935.7MiB / 7.654GiB,11.94%,232MB / 1.09MB,488MB / 433MB
2026-04-04 17:41:10,repouso,510b28b5e515,sistemas-distribuidos-crm-1,2.22%,68.35MiB / 7.654GiB,0.87%,31.3MB / 52.7MB,3.47MB / 401kB
2026-04-04 17:41:10,repouso,ff3bf187a9b9,sistemas-distribuidos-delivery-1,3.95%,69.54MiB / 7.654GiB,0.89%,36.7MB / 55.9MB,4.65MB / 401kB
2026-04-04 17:41:10,repouso,ecbfb6f4687b,sistemas-distribuidos-payments-1,2.54%,68.34MiB / 7.654GiB,0.87%,35.1MB / 55.2MB,6.24MB / 401kB
2026-04-04 17:41:10,repouso,ee13bc4e589c,sistemas-distribuidos-accounts-1,2.10%,70.16MiB / 7.654GiB,0.90%,31.7MB / 55.7MB,14.9MB / 406kB
2026-04-04 17:41:10,repouso,a117783aa7c8,sistemas-distribuidos-middleware-1,0.97%,79.48MiB / 7.654GiB,1.01%,387MB / 364MB,201kB / 786kB
2026-04-04 17:41:10,repouso,088ebce9e27e,kafka-ui,11.02%,551.9MiB / 7.654GiB,7.04%,5.24MB / 26.6MB,92MB / 3.08MB
2026-04-04 17:41:10,repouso,ee37a20584eb,sistemas-distribuidos-kafka-1,12.51%,696MiB / 7.654GiB,8.88%,157MB / 189MB,70.2MB / 54.3MB
2026-04-04 17:41:10,repouso,b1267530f40d,sistemas-distribuidos-crm_db-1,0.52%,27.7MiB / 7.654GiB,0.35%,16MB / 12.7MB,8.72MB / 175MB
2026-04-04 17:41:10,repouso,f1f8000a605f,sistemas-distribuidos-middleware_db-1,0.05%,67MiB / 7.654GiB,0.85%,232MB / 369MB,15.4MB / 799MB
2026-04-04 17:41:10,repouso,ff53aa714b0f,sistemas-distribuidos-accounts_db-1,0.01%,52.39MiB / 7.654GiB,0.67%,16MB / 12.1MB,5.3MB / 179MB
2026-04-04 17:41:10,repouso,489d7ba9a64c,sistemas-distribuidos-delivery_db-1,0.02%,30.02MiB / 7.654GiB,0.38%,22.7MB / 19.4MB,10.1MB / 180MB
2026-04-04 17:41:10,repouso,a32314d4dd03,sistemas-distribuidos-payments_db-1,0.03%,31.46MiB / 7.654GiB,0.40%,20.4MB / 17.3MB,12.9MB / 178MB
2026-04-04 17:41:10,repouso,f5429bdd2fb0,sistemas-distribuidos-zookeeper-1,0.93%,157.6MiB / 7.654GiB,2.01%,428kB / 426kB,47.8MB / 430kB
2026-04-04 17:41:10,repouso,86aa92827ac9,sistemas-distribuidos-otel-1,7.57%,935.9MiB / 7.654GiB,11.94%,232MB / 1.09MB,488MB / 433MB
2026-04-04 17:41:13,repouso,510b28b5e515,sistemas-distribuidos-crm-1,3.53%,68.35MiB / 7.654GiB,0.87%,31.3MB / 52.8MB,3.47MB / 401kB
2026-04-04 17:41:13,repouso,ff3bf187a9b9,sistemas-distribuidos-delivery-1,5.91%,69.29MiB / 7.654GiB,0.88%,36.7MB / 56MB,4.65MB / 401kB
2026-04-04 17:41:13,repouso,ecbfb6f4687b,sistemas-distribuidos-payments-1,4.22%,68.34MiB / 7.654GiB,0.87%,35.1MB / 55.2MB,6.24MB / 401kB
2026-04-04 17:41:13,repouso,ee13bc4e589c,sistemas-distribuidos-accounts-1,3.33%,70.16MiB / 7.654GiB,0.90%,31.7MB / 55.7MB,14.9MB / 406kB
2026-04-04 17:41:13,repouso,a117783aa7c8,sistemas-distribuidos-middleware-1,1.56%,79.49MiB / 7.654GiB,1.01%,387MB / 364MB,201kB / 786kB
2026-04-04 17:41:13,repouso,088ebce9e27e,kafka-ui,0.15%,551.9MiB / 7.654GiB,7.04%,5.24MB / 26.6MB,92MB / 3.08MB
2026-04-04 17:41:13,repouso,ee37a20584eb,sistemas-distribuidos-kafka-1,12.68%,695.9MiB / 7.654GiB,8.88%,157MB / 189MB,70.2MB / 54.4MB
2026-04-04 17:41:13,repouso,b1267530f40d,sistemas-distribuidos-crm_db-1,0.00%,27.7MiB / 7.654GiB,0.35%,16MB / 12.7MB,8.72MB / 175MB
2026-04-04 17:41:13,repouso,f1f8000a605f,sistemas-distribuidos-middleware_db-1,0.09%,67MiB / 7.654GiB,0.85%,232MB / 369MB,15.4MB / 799MB
2026-04-04 17:41:13,repouso,ff53aa714b0f,sistemas-distribuidos-accounts_db-1,0.05%,52.39MiB / 7.654GiB,0.67%,16MB / 12.1MB,5.3MB / 179MB
2026-04-04 17:41:13,repouso,489d7ba9a64c,sistemas-distribuidos-delivery_db-1,0.05%,30.02MiB / 7.654GiB,0.38%,22.7MB / 19.4MB,10.1MB / 180MB
2026-04-04 17:41:13,repouso,a32314d4dd03,sistemas-distribuidos-payments_db-1,0.00%,31.46MiB / 7.654GiB,0.40%,20.4MB / 17.3MB,12.9MB / 178MB
2026-04-04 17:41:13,repouso,f5429bdd2fb0,sistemas-distribuidos-zookeeper-1,0.62%,157.6MiB / 7.654GiB,2.01%,429kB / 427kB,47.8MB / 430kB
2026-04-04 17:41:13,repouso,86aa92827ac9,sistemas-distribuidos-otel-1,18.90%,921.5MiB / 7.654GiB,11.76%,232MB / 1.09MB,488MB / 435MB
2026-04-04 17:41:17,repouso,510b28b5e515,sistemas-distribuidos-crm-1,3.46%,68.35MiB / 7.654GiB,0.87%,31.3MB / 52.8MB,3.47MB / 401kB
2026-04-04 17:41:17,repouso,ff3bf187a9b9,sistemas-distribuidos-delivery-1,4.92%,69.28MiB / 7.654GiB,0.88%,36.7MB / 56MB,4.65MB / 401kB
2026-04-04 17:41:17,repouso,ecbfb6f4687b,sistemas-distribuidos-payments-1,3.77%,68.34MiB / 7.654GiB,0.87%,35.1MB / 55.3MB,6.24MB / 401kB
2026-04-04 17:41:17,repouso,ee13bc4e589c,sistemas-distribuidos-accounts-1,5.96%,70.16MiB / 7.654GiB,0.90%,31.7MB / 55.7MB,14.9MB / 406kB
2026-04-04 17:41:17,repouso,a117783aa7c8,sistemas-distribuidos-middleware-1,6.39%,79.48MiB / 7.654GiB,1.01%,387MB / 365MB,201kB / 786kB
2026-04-04 17:41:17,repouso,088ebce9e27e,kafka-ui,0.33%,551.9MiB / 7.654GiB,7.04%,5.24MB / 26.6MB,92MB / 3.08MB
2026-04-04 17:41:17,repouso,ee37a20584eb,sistemas-distribuidos-kafka-1,17.65%,696MiB / 7.654GiB,8.88%,157MB / 189MB,70.2MB / 54.4MB
2026-04-04 17:41:17,repouso,b1267530f40d,sistemas-distribuidos-crm_db-1,0.00%,27.7MiB / 7.654GiB,0.35%,16MB / 12.7MB,8.72MB / 175MB
2026-04-04 17:41:17,repouso,f1f8000a605f,sistemas-distribuidos-middleware_db-1,0.76%,67MiB / 7.654GiB,0.85%,232MB / 369MB,15.4MB / 799MB
2026-04-04 17:41:17,repouso,ff53aa714b0f,sistemas-distribuidos-accounts_db-1,0.00%,52.39MiB / 7.654GiB,0.67%,16MB / 12.1MB,5.3MB / 179MB
2026-04-04 17:41:17,repouso,489d7ba9a64c,sistemas-distribuidos-delivery_db-1,0.00%,30.02MiB / 7.654GiB,0.38%,22.7MB / 19.4MB,10.1MB / 180MB
2026-04-04 17:41:17,repouso,a32314d4dd03,sistemas-distribuidos-payments_db-1,0.00%,31.46MiB / 7.654GiB,0.40%,20.4MB / 17.3MB,12.9MB / 178MB
2026-04-04 17:41:17,repouso,f5429bdd2fb0,sistemas-distribuidos-zookeeper-1,0.67%,157.6MiB / 7.654GiB,2.01%,429kB / 427kB,47.8MB / 430kB
2026-04-04 17:41:17,repouso,86aa92827ac9,sistemas-distribuidos-otel-1,20.66%,797.2MiB / 7.654GiB,10.17%,232MB / 1.09MB,488MB / 435MB
2026-04-04 17:41:21,repouso,510b28b5e515,sistemas-distribuidos-crm-1,2.11%,68.35MiB / 7.654GiB,0.87%,31.4MB / 52.8MB,3.47MB / 401kB
2026-04-04 17:41:21,repouso,ff3bf187a9b9,sistemas-distribuidos-delivery-1,2.89%,69.28MiB / 7.654GiB,0.88%,36.7MB / 56MB,4.65MB / 401kB
2026-04-04 17:41:21,repouso,ecbfb6f4687b,sistemas-distribuidos-payments-1,2.58%,68.34MiB / 7.654GiB,0.87%,35.2MB / 55.3MB,6.24MB / 401kB
2026-04-04 17:41:21,repouso,ee13bc4e589c,sistemas-distribuidos-accounts-1,2.55%,70.41MiB / 7.654GiB,0.90%,31.7MB / 55.7MB,14.9MB / 406kB
2026-04-04 17:41:21,repouso,a117783aa7c8,sistemas-distribuidos-middleware-1,2.40%,79.48MiB / 7.654GiB,1.01%,387MB / 365MB,201kB / 786kB
2026-04-04 17:41:21,repouso,088ebce9e27e,kafka-ui,0.15%,551.9MiB / 7.654GiB,7.04%,5.24MB / 26.6MB,92MB / 3.08MB
2026-04-04 17:41:21,repouso,ee37a20584eb,sistemas-distribuidos-kafka-1,10.30%,696MiB / 7.654GiB,8.88%,157MB / 189MB,70.2MB / 54.4MB
2026-04-04 17:41:21,repouso,b1267530f40d,sistemas-distribuidos-crm_db-1,0.04%,27.7MiB / 7.654GiB,0.35%,16MB / 12.7MB,8.72MB / 175MB
2026-04-04 17:41:21,repouso,f1f8000a605f,sistemas-distribuidos-middleware_db-1,0.00%,66.99MiB / 7.654GiB,0.85%,232MB / 369MB,15.4MB / 799MB
2026-04-04 17:41:21,repouso,ff53aa714b0f,sistemas-distribuidos-accounts_db-1,0.00%,52.39MiB / 7.654GiB,0.67%,16MB / 12.1MB,5.3MB / 179MB
2026-04-04 17:41:21,repouso,489d7ba9a64c,sistemas-distribuidos-delivery_db-1,0.00%,30.02MiB / 7.654GiB,0.38%,22.7MB / 19.4MB,10.1MB / 180MB
2026-04-04 17:41:21,repouso,a32314d4dd03,sistemas-distribuidos-payments_db-1,0.36%,31.46MiB / 7.654GiB,0.40%,20.4MB / 17.3MB,12.9MB / 178MB
2026-04-04 17:41:21,repouso,f5429bdd2fb0,sistemas-distribuidos-zookeeper-1,0.73%,157.6MiB / 7.654GiB,2.01%,429kB / 427kB,47.8MB / 430kB
2026-04-04 17:41:21,repouso,86aa92827ac9,sistemas-distribuidos-otel-1,4.36%,797.2MiB / 7.654GiB,10.17%,232MB / 1.09MB,488MB / 435MB
2026-04-04 17:41:25,repouso,510b28b5e515,sistemas-distribuidos-crm-1,3.17%,68.35MiB / 7.654GiB,0.87%,31.4MB / 52.8MB,3.47MB / 401kB
2026-04-04 17:41:25,repouso,ff3bf187a9b9,sistemas-distribuidos-delivery-1,2.85%,69.28MiB / 7.654GiB,0.88%,36.8MB / 56MB,4.65MB / 401kB
2026-04-04 17:41:25,repouso,ecbfb6f4687b,sistemas-distribuidos-payments-1,2.48%,68.34MiB / 7.654GiB,0.87%,35.2MB / 55.3MB,6.24MB / 401kB
2026-04-04 17:41:25,repouso,ee13bc4e589c,sistemas-distribuidos-accounts-1,2.51%,70.16MiB / 7.654GiB,0.90%,31.8MB / 55.7MB,14.9MB / 406kB
2026-04-04 17:41:25,repouso,a117783aa7c8,sistemas-distribuidos-middleware-1,1.34%,79.48MiB / 7.654GiB,1.01%,387MB / 365MB,201kB / 786kB
2026-04-04 17:41:25,repouso,088ebce9e27e,kafka-ui,0.13%,551.9MiB / 7.654GiB,7.04%,5.24MB / 26.6MB,92MB / 3.08MB
2026-04-04 17:41:25,repouso,ee37a20584eb,sistemas-distribuidos-kafka-1,6.20%,695.9MiB / 7.654GiB,8.88%,157MB / 189MB,70.2MB / 54.4MB
2026-04-04 17:41:25,repouso,b1267530f40d,sistemas-distribuidos-crm_db-1,0.03%,27.7MiB / 7.654GiB,0.35%,16MB / 12.7MB,8.72MB / 175MB
2026-04-04 17:41:25,repouso,f1f8000a605f,sistemas-distribuidos-middleware_db-1,0.00%,66.99MiB / 7.654GiB,0.85%,232MB / 369MB,15.4MB / 799MB
2026-04-04 17:41:25,repouso,ff53aa714b0f,sistemas-distribuidos-accounts_db-1,0.00%,52.39MiB / 7.654GiB,0.67%,16MB / 12.1MB,5.3MB / 179MB
2026-04-04 17:41:25,repouso,489d7ba9a64c,sistemas-distribuidos-delivery_db-1,0.00%,30.02MiB / 7.654GiB,0.38%,22.7MB / 19.4MB,10.1MB / 180MB
2026-04-04 17:41:25,repouso,a32314d4dd03,sistemas-distribuidos-payments_db-1,0.02%,31.46MiB / 7.654GiB,0.40%,20.4MB / 17.3MB,12.9MB / 178MB
2026-04-04 17:41:25,repouso,f5429bdd2fb0,sistemas-distribuidos-zookeeper-1,0.23%,157.6MiB / 7.654GiB,2.01%,429kB / 427kB,47.8MB / 430kB
2026-04-04 17:41:25,repouso,86aa92827ac9,sistemas-distribuidos-otel-1,2.51%,797.2MiB / 7.654GiB,10.17%,232MB / 1.09MB,488MB / 435MB
2026-04-04 17:41:28,repouso,510b28b5e515,sistemas-distribuidos-crm-1,2.99%,68.36MiB / 7.654GiB,0.87%,31.4MB / 52.8MB,3.47MB / 401kB
2026-04-04 17:41:28,repouso,ff3bf187a9b9,sistemas-distribuidos-delivery-1,3.33%,69.28MiB / 7.654GiB,0.88%,36.8MB / 56MB,4.65MB / 401kB
2026-04-04 17:41:28,repouso,ecbfb6f4687b,sistemas-distribuidos-payments-1,2.71%,68.34MiB / 7.654GiB,0.87%,35.2MB / 55.3MB,6.24MB / 401kB
2026-04-04 17:41:28,repouso,ee13bc4e589c,sistemas-distribuidos-accounts-1,2.89%,70.16MiB / 7.654GiB,0.90%,31.8MB / 55.7MB,14.9MB / 406kB
2026-04-04 17:41:28,repouso,a117783aa7c8,sistemas-distribuidos-middleware-1,1.08%,79.48MiB / 7.654GiB,1.01%,387MB / 365MB,201kB / 786kB
2026-04-04 17:41:28,repouso,088ebce9e27e,kafka-ui,0.23%,551.9MiB / 7.654GiB,7.04%,5.24MB / 26.6MB,92MB / 3.08MB
2026-04-04 17:41:28,repouso,ee37a20584eb,sistemas-distribuidos-kafka-1,5.91%,696MiB / 7.654GiB,8.88%,157MB / 189MB,70.2MB / 54.4MB
2026-04-04 17:41:28,repouso,b1267530f40d,sistemas-distribuidos-crm_db-1,0.00%,27.7MiB / 7.654GiB,0.35%,16MB / 12.7MB,8.72MB / 175MB
2026-04-04 17:41:28,repouso,f1f8000a605f,sistemas-distribuidos-middleware_db-1,0.05%,67MiB / 7.654GiB,0.85%,232MB / 369MB,15.4MB / 799MB
2026-04-04 17:41:28,repouso,ff53aa714b0f,sistemas-distribuidos-accounts_db-1,0.03%,52.39MiB / 7.654GiB,0.67%,16MB / 12.1MB,5.3MB / 179MB
2026-04-04 17:41:28,repouso,489d7ba9a64c,sistemas-distribuidos-delivery_db-1,0.08%,30.02MiB / 7.654GiB,0.38%,22.7MB / 19.4MB,10.1MB / 180MB
2026-04-04 17:41:28,repouso,a32314d4dd03,sistemas-distribuidos-payments_db-1,0.00%,31.46MiB / 7.654GiB,0.40%,20.4MB / 17.3MB,12.9MB / 178MB
2026-04-04 17:41:28,repouso,f5429bdd2fb0,sistemas-distribuidos-zookeeper-1,0.25%,157.6MiB / 7.654GiB,2.01%,429kB / 427kB,47.8MB / 430kB
2026-04-04 17:41:28,repouso,86aa92827ac9,sistemas-distribuidos-otel-1,22.24%,797.3MiB / 7.654GiB,10.17%,232MB / 1.09MB,488MB / 435MB
2026-04-04 17:41:32,repouso,510b28b5e515,sistemas-distribuidos-crm-1,3.16%,68.35MiB / 7.654GiB,0.87%,31.4MB / 52.8MB,3.47MB / 401kB
2026-04-04 17:41:32,repouso,ff3bf187a9b9,sistemas-distribuidos-delivery-1,3.11%,69.28MiB / 7.654GiB,0.88%,36.8MB / 56MB,4.65MB / 401kB
2026-04-04 17:41:32,repouso,ecbfb6f4687b,sistemas-distribuidos-payments-1,3.39%,68.34MiB / 7.654GiB,0.87%,35.2MB / 55.3MB,6.24MB / 401kB
2026-04-04 17:41:32,repouso,ee13bc4e589c,sistemas-distribuidos-accounts-1,3.30%,70.16MiB / 7.654GiB,0.90%,31.8MB / 55.7MB,14.9MB / 406kB
2026-04-04 17:41:32,repouso,a117783aa7c8,sistemas-distribuidos-middleware-1,1.22%,79.48MiB / 7.654GiB,1.01%,387MB / 365MB,201kB / 786kB
2026-04-04 17:41:32,repouso,088ebce9e27e,kafka-ui,0.17%,551.9MiB / 7.654GiB,7.04%,5.24MB / 26.6MB,92MB / 3.08MB
2026-04-04 17:41:32,repouso,ee37a20584eb,sistemas-distribuidos-kafka-1,7.96%,695.9MiB / 7.654GiB,8.88%,157MB / 189MB,70.2MB / 54.4MB
2026-04-04 17:41:32,repouso,b1267530f40d,sistemas-distribuidos-crm_db-1,0.00%,27.7MiB / 7.654GiB,0.35%,16MB / 12.7MB,8.72MB / 175MB
2026-04-04 17:41:32,repouso,f1f8000a605f,sistemas-distribuidos-middleware_db-1,0.00%,66.99MiB / 7.654GiB,0.85%,232MB / 369MB,15.4MB / 799MB
2026-04-04 17:41:32,repouso,ff53aa714b0f,sistemas-distribuidos-accounts_db-1,0.00%,52.39MiB / 7.654GiB,0.67%,16MB / 12.1MB,5.3MB / 179MB
2026-04-04 17:41:32,repouso,489d7ba9a64c,sistemas-distribuidos-delivery_db-1,0.00%,30.02MiB / 7.654GiB,0.38%,22.7MB / 19.4MB,10.1MB / 180MB
2026-04-04 17:41:32,repouso,a32314d4dd03,sistemas-distribuidos-payments_db-1,0.01%,31.46MiB / 7.654GiB,0.40%,20.4MB / 17.3MB,12.9MB / 178MB
2026-04-04 17:41:32,repouso,f5429bdd2fb0,sistemas-distribuidos-zookeeper-1,0.34%,157.6MiB / 7.654GiB,2.01%,429kB / 427kB,47.8MB / 430kB
2026-04-04 17:41:32,repouso,86aa92827ac9,sistemas-distribuidos-otel-1,5.95%,797.8MiB / 7.654GiB,10.18%,232MB / 1.09MB,488MB / 435MB
2026-04-04 17:41:36,repouso,510b28b5e515,sistemas-distribuidos-crm-1,4.21%,68.35MiB / 7.654GiB,0.87%,31.4MB / 52.8MB,3.47MB / 401kB
2026-04-04 17:41:36,repouso,ff3bf187a9b9,sistemas-distribuidos-delivery-1,2.96%,69.28MiB / 7.654GiB,0.88%,36.8MB / 56MB,4.65MB / 401kB
2026-04-04 17:41:36,repouso,ecbfb6f4687b,sistemas-distribuidos-payments-1,2.51%,68.59MiB / 7.654GiB,0.88%,35.2MB / 55.3MB,6.24MB / 401kB
2026-04-04 17:41:36,repouso,ee13bc4e589c,sistemas-distribuidos-accounts-1,3.70%,70.16MiB / 7.654GiB,0.90%,31.8MB / 55.8MB,14.9MB / 406kB
2026-04-04 17:41:36,repouso,a117783aa7c8,sistemas-distribuidos-middleware-1,1.63%,79.48MiB / 7.654GiB,1.01%,387MB / 365MB,201kB / 786kB
2026-04-04 17:41:36,repouso,088ebce9e27e,kafka-ui,0.15%,551.9MiB / 7.654GiB,7.04%,5.24MB / 26.6MB,92MB / 3.08MB
2026-04-04 17:41:36,repouso,ee37a20584eb,sistemas-distribuidos-kafka-1,32.33%,695.9MiB / 7.654GiB,8.88%,157MB / 189MB,70.2MB / 54.4MB
2026-04-04 17:41:36,repouso,b1267530f40d,sistemas-distribuidos-crm_db-1,0.00%,27.7MiB / 7.654GiB,0.35%,16MB / 12.7MB,8.72MB / 175MB
2026-04-04 17:41:36,repouso,f1f8000a605f,sistemas-distribuidos-middleware_db-1,0.00%,66.99MiB / 7.654GiB,0.85%,232MB / 369MB,15.4MB / 799MB
2026-04-04 17:41:36,repouso,ff53aa714b0f,sistemas-distribuidos-accounts_db-1,0.00%,52.39MiB / 7.654GiB,0.67%,16MB / 12.1MB,5.3MB / 179MB
2026-04-04 17:41:36,repouso,489d7ba9a64c,sistemas-distribuidos-delivery_db-1,0.00%,30.02MiB / 7.654GiB,0.38%,22.7MB / 19.4MB,10.1MB / 180MB
2026-04-04 17:41:36,repouso,a32314d4dd03,sistemas-distribuidos-payments_db-1,0.00%,31.46MiB / 7.654GiB,0.40%,20.4MB / 17.3MB,12.9MB / 178MB
2026-04-04 17:41:36,repouso,f5429bdd2fb0,sistemas-distribuidos-zookeeper-1,0.28%,157.6MiB / 7.654GiB,2.01%,429kB / 427kB,47.8MB / 430kB
2026-04-04 17:41:36,repouso,86aa92827ac9,sistemas-distribuidos-otel-1,4.04%,797.8MiB / 7.654GiB,10.18%,232MB / 1.09MB,488MB / 435MB
2026-04-04 17:41:40,repouso,510b28b5e515,sistemas-distribuidos-crm-1,3.58%,68.35MiB / 7.654GiB,0.87%,31.4MB / 52.8MB,3.47MB / 401kB
2026-04-04 17:41:40,repouso,ff3bf187a9b9,sistemas-distribuidos-delivery-1,9.24%,69.28MiB / 7.654GiB,0.88%,36.8MB / 56MB,4.65MB / 401kB
2026-04-04 17:41:40,repouso,ecbfb6f4687b,sistemas-distribuidos-payments-1,2.25%,68.34MiB / 7.654GiB,0.87%,35.2MB / 55.3MB,6.24MB / 401kB
2026-04-04 17:41:40,repouso,ee13bc4e589c,sistemas-distribuidos-accounts-1,2.80%,70.16MiB / 7.654GiB,0.90%,31.8MB / 55.8MB,14.9MB / 406kB
2026-04-04 17:41:40,repouso,a117783aa7c8,sistemas-distribuidos-middleware-1,6.93%,79.48MiB / 7.654GiB,1.01%,387MB / 365MB,201kB / 786kB
2026-04-04 17:41:40,repouso,088ebce9e27e,kafka-ui,15.33%,551.9MiB / 7.654GiB,7.04%,5.26MB / 26.6MB,92MB / 3.08MB
2026-04-04 17:41:40,repouso,ee37a20584eb,sistemas-distribuidos-kafka-1,20.24%,695.9MiB / 7.654GiB,8.88%,157MB / 189MB,70.2MB / 54.4MB
2026-04-04 17:41:40,repouso,b1267530f40d,sistemas-distribuidos-crm_db-1,0.00%,27.7MiB / 7.654GiB,0.35%,16MB / 12.7MB,8.72MB / 175MB
2026-04-04 17:41:40,repouso,f1f8000a605f,sistemas-distribuidos-middleware_db-1,0.00%,67MiB / 7.654GiB,0.85%,232MB / 369MB,15.4MB / 799MB
2026-04-04 17:41:40,repouso,ff53aa714b0f,sistemas-distribuidos-accounts_db-1,0.04%,52.39MiB / 7.654GiB,0.67%,16MB / 12.1MB,5.3MB / 179MB
2026-04-04 17:41:40,repouso,489d7ba9a64c,sistemas-distribuidos-delivery_db-1,0.07%,30.02MiB / 7.654GiB,0.38%,22.7MB / 19.4MB,10.1MB / 180MB
2026-04-04 17:41:40,repouso,a32314d4dd03,sistemas-distribuidos-payments_db-1,0.02%,31.46MiB / 7.654GiB,0.40%,20.4MB / 17.3MB,12.9MB / 178MB
2026-04-04 17:41:40,repouso,f5429bdd2fb0,sistemas-distribuidos-zookeeper-1,4.05%,157.6MiB / 7.654GiB,2.01%,430kB / 428kB,47.8MB / 430kB
2026-04-04 17:41:40,repouso,86aa92827ac9,sistemas-distribuidos-otel-1,40.41%,797.5MiB / 7.654GiB,10.18%,232MB / 1.09MB,488MB / 435MB
2026-04-04 17:41:44,repouso,510b28b5e515,sistemas-distribuidos-crm-1,2.97%,68.36MiB / 7.654GiB,0.87%,31.5MB / 52.9MB,3.47MB / 401kB
2026-04-04 17:41:44,repouso,ff3bf187a9b9,sistemas-distribuidos-delivery-1,3.29%,69.29MiB / 7.654GiB,0.88%,36.8MB / 56.1MB,4.65MB / 401kB
2026-04-04 17:41:44,repouso,ecbfb6f4687b,sistemas-distribuidos-payments-1,3.14%,68.34MiB / 7.654GiB,0.87%,35.3MB / 55.4MB,6.24MB / 401kB
2026-04-04 17:41:44,repouso,ee13bc4e589c,sistemas-distribuidos-accounts-1,5.88%,70.16MiB / 7.654GiB,0.90%,31.8MB / 55.8MB,14.9MB / 406kB
2026-04-04 17:41:44,repouso,a117783aa7c8,sistemas-distribuidos-middleware-1,1.94%,79.48MiB / 7.654GiB,1.01%,387MB / 365MB,201kB / 786kB
2026-04-04 17:41:44,repouso,088ebce9e27e,kafka-ui,0.15%,551.9MiB / 7.654GiB,7.04%,5.26MB / 26.6MB,92MB / 3.08MB
2026-04-04 17:41:44,repouso,ee37a20584eb,sistemas-distribuidos-kafka-1,7.68%,696MiB / 7.654GiB,8.88%,158MB / 189MB,70.2MB / 54.4MB
2026-04-04 17:41:44,repouso,b1267530f40d,sistemas-distribuidos-crm_db-1,0.39%,27.7MiB / 7.654GiB,0.35%,16MB / 12.7MB,8.72MB / 175MB
2026-04-04 17:41:44,repouso,f1f8000a605f,sistemas-distribuidos-middleware_db-1,0.00%,67MiB / 7.654GiB,0.85%,232MB / 369MB,15.4MB / 799MB
2026-04-04 17:41:44,repouso,ff53aa714b0f,sistemas-distribuidos-accounts_db-1,0.00%,52.39MiB / 7.654GiB,0.67%,16MB / 12.1MB,5.3MB / 179MB
2026-04-04 17:41:44,repouso,489d7ba9a64c,sistemas-distribuidos-delivery_db-1,0.00%,30.02MiB / 7.654GiB,0.38%,22.7MB / 19.4MB,10.1MB / 180MB
2026-04-04 17:41:44,repouso,a32314d4dd03,sistemas-distribuidos-payments_db-1,0.00%,31.46MiB / 7.654GiB,0.40%,20.4MB / 17.3MB,12.9MB / 178MB
2026-04-04 17:41:44,repouso,f5429bdd2fb0,sistemas-distribuidos-zookeeper-1,0.33%,157.6MiB / 7.654GiB,2.01%,430kB / 428kB,47.8MB / 430kB
2026-04-04 17:41:44,repouso,86aa92827ac9,sistemas-distribuidos-otel-1,3.73%,797.3MiB / 7.654GiB,10.17%,232MB / 1.09MB,488MB / 435MB
2026-04-04 17:41:48,repouso,510b28b5e515,sistemas-distribuidos-crm-1,3.32%,68.36MiB / 7.654GiB,0.87%,31.5MB / 52.9MB,3.47MB / 401kB
2026-04-04 17:41:48,repouso,ff3bf187a9b9,sistemas-distribuidos-delivery-1,3.53%,69.29MiB / 7.654GiB,0.88%,36.9MB / 56.1MB,4.65MB / 401kB
2026-04-04 17:41:48,repouso,ecbfb6f4687b,sistemas-distribuidos-payments-1,3.79%,68.34MiB / 7.654GiB,0.87%,35.3MB / 55.4MB,6.24MB / 401kB
2026-04-04 17:41:48,repouso,ee13bc4e589c,sistemas-distribuidos-accounts-1,2.99%,70.16MiB / 7.654GiB,0.90%,31.9MB / 55.8MB,14.9MB / 406kB
2026-04-04 17:41:48,repouso,a117783aa7c8,sistemas-distribuidos-middleware-1,1.00%,79.48MiB / 7.654GiB,1.01%,387MB / 365MB,201kB / 786kB
2026-04-04 17:41:48,repouso,088ebce9e27e,kafka-ui,0.26%,551.9MiB / 7.654GiB,7.04%,5.26MB / 26.6MB,92MB / 3.08MB
2026-04-04 17:41:48,repouso,ee37a20584eb,sistemas-distribuidos-kafka-1,6.61%,696MiB / 7.654GiB,8.88%,158MB / 190MB,70.2MB / 54.5MB
2026-04-04 17:41:48,repouso,b1267530f40d,sistemas-distribuidos-crm_db-1,0.00%,27.7MiB / 7.654GiB,0.35%,16MB / 12.7MB,8.72MB / 175MB
2026-04-04 17:41:48,repouso,f1f8000a605f,sistemas-distribuidos-middleware_db-1,0.04%,67MiB / 7.654GiB,0.85%,232MB / 369MB,15.4MB / 799MB
2026-04-04 17:41:48,repouso,ff53aa714b0f,sistemas-distribuidos-accounts_db-1,0.04%,52.39MiB / 7.654GiB,0.67%,16MB / 12.1MB,5.3MB / 179MB
2026-04-04 17:41:48,repouso,489d7ba9a64c,sistemas-distribuidos-delivery_db-1,0.14%,30.02MiB / 7.654GiB,0.38%,22.7MB / 19.4MB,10.1MB / 180MB
2026-04-04 17:41:48,repouso,a32314d4dd03,sistemas-distribuidos-payments_db-1,0.00%,31.46MiB / 7.654GiB,0.40%,20.4MB / 17.3MB,12.9MB / 178MB
2026-04-04 17:41:48,repouso,f5429bdd2fb0,sistemas-distribuidos-zookeeper-1,0.46%,157.6MiB / 7.654GiB,2.01%,430kB / 428kB,47.8MB / 430kB
2026-04-04 17:41:48,repouso,86aa92827ac9,sistemas-distribuidos-otel-1,3.34%,797.3MiB / 7.654GiB,10.17%,232MB / 1.09MB,488MB / 435MB
2026-04-04 17:41:52,repouso,510b28b5e515,sistemas-distribuidos-crm-1,2.26%,68.36MiB / 7.654GiB,0.87%,31.5MB / 52.9MB,3.47MB / 401kB
2026-04-04 17:41:52,repouso,ff3bf187a9b9,sistemas-distribuidos-delivery-1,2.89%,69.29MiB / 7.654GiB,0.88%,36.9MB / 56.1MB,4.65MB / 401kB
2026-04-04 17:41:52,repouso,ecbfb6f4687b,sistemas-distribuidos-payments-1,3.67%,68.34MiB / 7.654GiB,0.87%,35.3MB / 55.4MB,6.24MB / 401kB
2026-04-04 17:41:52,repouso,ee13bc4e589c,sistemas-distribuidos-accounts-1,2.48%,70.16MiB / 7.654GiB,0.90%,31.9MB / 55.8MB,14.9MB / 406kB
2026-04-04 17:41:52,repouso,a117783aa7c8,sistemas-distribuidos-middleware-1,1.28%,79.48MiB / 7.654GiB,1.01%,387MB / 365MB,201kB / 786kB
2026-04-04 17:41:52,repouso,088ebce9e27e,kafka-ui,0.18%,551.9MiB / 7.654GiB,7.04%,5.26MB / 26.6MB,92MB / 3.08MB
2026-04-04 17:41:52,repouso,ee37a20584eb,sistemas-distribuidos-kafka-1,8.26%,696MiB / 7.654GiB,8.88%,158MB / 190MB,70.2MB / 54.5MB
2026-04-04 17:41:52,repouso,b1267530f40d,sistemas-distribuidos-crm_db-1,0.10%,27.7MiB / 7.654GiB,0.35%,16MB / 12.7MB,8.72MB / 175MB
2026-04-04 17:41:52,repouso,f1f8000a605f,sistemas-distribuidos-middleware_db-1,0.00%,66.99MiB / 7.654GiB,0.85%,232MB / 369MB,15.4MB / 799MB
2026-04-04 17:41:52,repouso,ff53aa714b0f,sistemas-distribuidos-accounts_db-1,0.00%,52.39MiB / 7.654GiB,0.67%,16MB / 12.1MB,5.3MB / 179MB
2026-04-04 17:41:52,repouso,489d7ba9a64c,sistemas-distribuidos-delivery_db-1,0.00%,30.02MiB / 7.654GiB,0.38%,22.7MB / 19.4MB,10.1MB / 180MB
2026-04-04 17:41:52,repouso,a32314d4dd03,sistemas-distribuidos-payments_db-1,0.03%,31.46MiB / 7.654GiB,0.40%,20.4MB / 17.3MB,12.9MB / 178MB
2026-04-04 17:41:52,repouso,f5429bdd2fb0,sistemas-distribuidos-zookeeper-1,2.23%,157.6MiB / 7.654GiB,2.01%,430kB / 428kB,47.8MB / 430kB
2026-04-04 17:41:52,repouso,86aa92827ac9,sistemas-distribuidos-otel-1,5.94%,756MiB / 7.654GiB,9.65%,232MB / 1.09MB,488MB / 435MB
2026-04-04 17:41:55,repouso,510b28b5e515,sistemas-distribuidos-crm-1,3.23%,68.36MiB / 7.654GiB,0.87%,31.5MB / 52.9MB,3.47MB / 401kB
2026-04-04 17:41:55,repouso,ff3bf187a9b9,sistemas-distribuidos-delivery-1,2.40%,69.29MiB / 7.654GiB,0.88%,36.9MB / 56.1MB,4.65MB / 401kB
2026-04-04 17:41:55,repouso,ecbfb6f4687b,sistemas-distribuidos-payments-1,2.89%,68.59MiB / 7.654GiB,0.88%,35.3MB / 55.4MB,6.24MB / 401kB
2026-04-04 17:41:55,repouso,ee13bc4e589c,sistemas-distribuidos-accounts-1,2.77%,70.16MiB / 7.654GiB,0.90%,31.9MB / 55.8MB,14.9MB / 406kB
2026-04-04 17:41:55,repouso,a117783aa7c8,sistemas-distribuidos-middleware-1,0.94%,79.48MiB / 7.654GiB,1.01%,387MB / 365MB,201kB / 786kB
2026-04-04 17:41:55,repouso,088ebce9e27e,kafka-ui,0.13%,551.9MiB / 7.654GiB,7.04%,5.26MB / 26.6MB,92MB / 3.08MB
2026-04-04 17:41:55,repouso,ee37a20584eb,sistemas-distribuidos-kafka-1,7.21%,696MiB / 7.654GiB,8.88%,158MB / 190MB,70.2MB / 54.5MB
2026-04-04 17:41:55,repouso,b1267530f40d,sistemas-distribuidos-crm_db-1,0.05%,27.7MiB / 7.654GiB,0.35%,16MB / 12.7MB,8.72MB / 175MB
2026-04-04 17:41:55,repouso,f1f8000a605f,sistemas-distribuidos-middleware_db-1,0.00%,67MiB / 7.654GiB,0.85%,232MB / 369MB,15.4MB / 799MB
2026-04-04 17:41:55,repouso,ff53aa714b0f,sistemas-distribuidos-accounts_db-1,0.00%,52.39MiB / 7.654GiB,0.67%,16MB / 12.1MB,5.3MB / 179MB
2026-04-04 17:41:55,repouso,489d7ba9a64c,sistemas-distribuidos-delivery_db-1,0.00%,30.02MiB / 7.654GiB,0.38%,22.7MB / 19.4MB,10.1MB / 180MB
2026-04-04 17:41:55,repouso,a32314d4dd03,sistemas-distribuidos-payments_db-1,0.00%,31.46MiB / 7.654GiB,0.40%,20.4MB / 17.3MB,12.9MB / 178MB
2026-04-04 17:41:55,repouso,f5429bdd2fb0,sistemas-distribuidos-zookeeper-1,0.32%,157.6MiB / 7.654GiB,2.01%,430kB / 428kB,47.8MB / 430kB
2026-04-04 17:41:55,repouso,86aa92827ac9,sistemas-distribuidos-otel-1,3.11%,756.2MiB / 7.654GiB,9.65%,232MB / 1.09MB,488MB / 435MB
2026-04-04 17:41:59,pico,510b28b5e515,sistemas-distribuidos-crm-1,1.43%,68.36MiB / 7.654GiB,0.87%,31.5MB / 52.9MB,3.47MB / 401kB
2026-04-04 17:41:59,pico,ff3bf187a9b9,sistemas-distribuidos-delivery-1,1.46%,69.29MiB / 7.654GiB,0.88%,36.9MB / 56.1MB,4.65MB / 401kB
2026-04-04 17:41:59,pico,ecbfb6f4687b,sistemas-distribuidos-payments-1,1.94%,68.34MiB / 7.654GiB,0.87%,35.3MB / 55.4MB,6.24MB / 401kB
2026-04-04 17:41:59,pico,ee13bc4e589c,sistemas-distribuidos-accounts-1,1.59%,70.16MiB / 7.654GiB,0.90%,31.9MB / 55.8MB,14.9MB / 406kB
2026-04-04 17:41:59,pico,a117783aa7c8,sistemas-distribuidos-middleware-1,0.80%,79.48MiB / 7.654GiB,1.01%,387MB / 365MB,201kB / 786kB
2026-04-04 17:41:59,pico,088ebce9e27e,kafka-ui,0.10%,551.1MiB / 7.654GiB,7.03%,5.26MB / 26.6MB,92MB / 3.08MB
2026-04-04 17:41:59,pico,ee37a20584eb,sistemas-distribuidos-kafka-1,4.19%,696MiB / 7.654GiB,8.88%,158MB / 190MB,70.2MB / 54.5MB
2026-04-04 17:41:59,pico,b1267530f40d,sistemas-distribuidos-crm_db-1,5.65%,29.23MiB / 7.654GiB,0.37%,16.3MB / 12.8MB,8.72MB / 179MB
2026-04-04 17:41:59,pico,f1f8000a605f,sistemas-distribuidos-middleware_db-1,0.05%,67MiB / 7.654GiB,0.85%,232MB / 369MB,15.4MB / 799MB
2026-04-04 17:41:59,pico,ff53aa714b0f,sistemas-distribuidos-accounts_db-1,6.96%,53.92MiB / 7.654GiB,0.69%,16.3MB / 12.2MB,5.3MB / 183MB
2026-04-04 17:41:59,pico,489d7ba9a64c,sistemas-distribuidos-delivery_db-1,18.19%,31.58MiB / 7.654GiB,0.40%,23.1MB / 19.5MB,10.1MB / 184MB
2026-04-04 17:41:59,pico,a32314d4dd03,sistemas-distribuidos-payments_db-1,8.85%,33.28MiB / 7.654GiB,0.42%,20.7MB / 17.5MB,12.9MB / 183MB
2026-04-04 17:41:59,pico,f5429bdd2fb0,sistemas-distribuidos-zookeeper-1,0.28%,157.6MiB / 7.654GiB,2.01%,431kB / 428kB,47.8MB / 430kB
2026-04-04 17:41:59,pico,86aa92827ac9,sistemas-distribuidos-otel-1,11.00%,755.9MiB / 7.654GiB,9.65%,232MB / 1.09MB,488MB / 435MB
2026-04-04 17:42:03,pico,510b28b5e515,sistemas-distribuidos-crm-1,29.04%,68.37MiB / 7.654GiB,0.87%,31.6MB / 53MB,3.47MB / 401kB
2026-04-04 17:42:03,pico,ff3bf187a9b9,sistemas-distribuidos-delivery-1,26.93%,69.3MiB / 7.654GiB,0.88%,37MB / 56.2MB,4.65MB / 401kB
2026-04-04 17:42:03,pico,ecbfb6f4687b,sistemas-distribuidos-payments-1,26.11%,68.36MiB / 7.654GiB,0.87%,35.4MB / 55.5MB,6.24MB / 401kB
2026-04-04 17:42:03,pico,ee13bc4e589c,sistemas-distribuidos-accounts-1,27.24%,70.16MiB / 7.654GiB,0.90%,32MB / 55.9MB,14.9MB / 406kB
2026-04-04 17:42:03,pico,a117783aa7c8,sistemas-distribuidos-middleware-1,48.99%,79.99MiB / 7.654GiB,1.02%,388MB / 365MB,201kB / 786kB
2026-04-04 17:42:03,pico,088ebce9e27e,kafka-ui,0.09%,551.1MiB / 7.654GiB,7.03%,5.26MB / 26.6MB,92MB / 3.08MB
2026-04-04 17:42:03,pico,ee37a20584eb,sistemas-distribuidos-kafka-1,22.62%,696MiB / 7.654GiB,8.88%,158MB / 190MB,70.2MB / 54.5MB
2026-04-04 17:42:03,pico,b1267530f40d,sistemas-distribuidos-crm_db-1,3.99%,27.73MiB / 7.654GiB,0.35%,16.5MB / 12.9MB,8.72MB / 183MB
2026-04-04 17:42:03,pico,f1f8000a605f,sistemas-distribuidos-middleware_db-1,48.57%,67.02MiB / 7.654GiB,0.86%,232MB / 370MB,15.4MB / 801MB
2026-04-04 17:42:03,pico,ff53aa714b0f,sistemas-distribuidos-accounts_db-1,21.78%,52.42MiB / 7.654GiB,0.67%,16.5MB / 12.4MB,5.3MB / 187MB
2026-04-04 17:42:03,pico,489d7ba9a64c,sistemas-distribuidos-delivery_db-1,6.49%,30.05MiB / 7.654GiB,0.38%,23.5MB / 19.7MB,10.1MB / 188MB
2026-04-04 17:42:03,pico,a32314d4dd03,sistemas-distribuidos-payments_db-1,7.22%,31.5MiB / 7.654GiB,0.40%,21.1MB / 17.6MB,12.9MB / 187MB
2026-04-04 17:42:03,pico,f5429bdd2fb0,sistemas-distribuidos-zookeeper-1,0.22%,157.6MiB / 7.654GiB,2.01%,431kB / 428kB,47.8MB / 430kB
2026-04-04 17:42:03,pico,86aa92827ac9,sistemas-distribuidos-otel-1,26.91%,757.2MiB / 7.654GiB,9.66%,232MB / 1.09MB,488MB / 435MB
2026-04-04 17:42:06,pico,510b28b5e515,sistemas-distribuidos-crm-1,18.27%,69.17MiB / 7.654GiB,0.88%,31.7MB / 53.2MB,3.47MB / 401kB
2026-04-04 17:42:06,pico,ff3bf187a9b9,sistemas-distribuidos-delivery-1,13.73%,69.99MiB / 7.654GiB,0.89%,37.2MB / 56.5MB,4.65MB / 401kB
2026-04-04 17:42:06,pico,ecbfb6f4687b,sistemas-distribuidos-payments-1,15.63%,69.58MiB / 7.654GiB,0.89%,35.6MB / 55.7MB,6.24MB / 401kB
2026-04-04 17:42:06,pico,ee13bc4e589c,sistemas-distribuidos-accounts-1,14.07%,69.48MiB / 7.654GiB,0.89%,32.1MB / 56.1MB,14.9MB / 406kB
2026-04-04 17:42:06,pico,a117783aa7c8,sistemas-distribuidos-middleware-1,65.42%,80.24MiB / 7.654GiB,1.02%,389MB / 366MB,201kB / 786kB
2026-04-04 17:42:06,pico,088ebce9e27e,kafka-ui,0.14%,551.1MiB / 7.654GiB,7.03%,5.26MB / 26.6MB,92MB / 3.08MB
2026-04-04 17:42:06,pico,ee37a20584eb,sistemas-distribuidos-kafka-1,42.36%,696.4MiB / 7.654GiB,8.89%,158MB / 190MB,70.2MB / 54.7MB
2026-04-04 17:42:06,pico,b1267530f40d,sistemas-distribuidos-crm_db-1,3.84%,27.72MiB / 7.654GiB,0.35%,16.6MB / 13MB,8.72MB / 183MB
2026-04-04 17:42:06,pico,f1f8000a605f,sistemas-distribuidos-middleware_db-1,33.63%,67.27MiB / 7.654GiB,0.86%,233MB / 372MB,15.4MB / 806MB
2026-04-04 17:42:06,pico,ff53aa714b0f,sistemas-distribuidos-accounts_db-1,4.84%,52.43MiB / 7.654GiB,0.67%,16.6MB / 12.4MB,5.3MB / 188MB
2026-04-04 17:42:06,pico,489d7ba9a64c,sistemas-distribuidos-delivery_db-1,6.36%,30.05MiB / 7.654GiB,0.38%,23.6MB / 19.8MB,10.1MB / 188MB
2026-04-04 17:42:06,pico,a32314d4dd03,sistemas-distribuidos-payments_db-1,2.96%,31.5MiB / 7.654GiB,0.40%,21.2MB / 17.7MB,12.9MB / 187MB
2026-04-04 17:42:06,pico,f5429bdd2fb0,sistemas-distribuidos-zookeeper-1,0.29%,157.6MiB / 7.654GiB,2.01%,431kB / 429kB,47.8MB / 430kB
2026-04-04 17:42:06,pico,86aa92827ac9,sistemas-distribuidos-otel-1,14.06%,796.9MiB / 7.654GiB,10.17%,234MB / 1.09MB,488MB / 435MB
2026-04-04 17:42:10,pico,510b28b5e515,sistemas-distribuidos-crm-1,15.94%,69.59MiB / 7.654GiB,0.89%,31.8MB / 53.5MB,3.47MB / 401kB
2026-04-04 17:42:10,pico,ff3bf187a9b9,sistemas-distribuidos-delivery-1,21.29%,69.96MiB / 7.654GiB,0.89%,37.3MB / 56.8MB,4.65MB / 401kB
2026-04-04 17:42:10,pico,ecbfb6f4687b,sistemas-distribuidos-payments-1,15.24%,70.04MiB / 7.654GiB,0.89%,35.7MB / 56.1MB,6.24MB / 401kB
2026-04-04 17:42:10,pico,ee13bc4e589c,sistemas-distribuidos-accounts-1,16.65%,70.59MiB / 7.654GiB,0.90%,32.2MB / 56.5MB,14.9MB / 406kB
2026-04-04 17:42:10,pico,a117783aa7c8,sistemas-distribuidos-middleware-1,64.03%,80.21MiB / 7.654GiB,1.02%,392MB / 369MB,201kB / 786kB
2026-04-04 17:42:10,pico,088ebce9e27e,kafka-ui,21.13%,551.1MiB / 7.654GiB,7.03%,5.27MB / 26.6MB,92MB / 3.1MB
2026-04-04 17:42:10,pico,ee37a20584eb,sistemas-distribuidos-kafka-1,28.33%,696.2MiB / 7.654GiB,8.88%,159MB / 191MB,70.2MB / 54.7MB
2026-04-04 17:42:10,pico,b1267530f40d,sistemas-distribuidos-crm_db-1,2.19%,27.72MiB / 7.654GiB,0.35%,16.6MB / 13MB,8.72MB / 183MB
2026-04-04 17:42:10,pico,f1f8000a605f,sistemas-distribuidos-middleware_db-1,29.42%,67.04MiB / 7.654GiB,0.86%,234MB / 373MB,15.4MB / 809MB
2026-04-04 17:42:10,pico,ff53aa714b0f,sistemas-distribuidos-accounts_db-1,5.63%,52.45MiB / 7.654GiB,0.67%,16.7MB / 12.5MB,5.3MB / 188MB
2026-04-04 17:42:10,pico,489d7ba9a64c,sistemas-distribuidos-delivery_db-1,4.00%,30.05MiB / 7.654GiB,0.38%,23.7MB / 19.9MB,10.1MB / 189MB
2026-04-04 17:42:10,pico,a32314d4dd03,sistemas-distribuidos-payments_db-1,2.98%,31.49MiB / 7.654GiB,0.40%,21.2MB / 17.8MB,12.9MB / 187MB
2026-04-04 17:42:10,pico,f5429bdd2fb0,sistemas-distribuidos-zookeeper-1,10.53%,157.6MiB / 7.654GiB,2.01%,432kB / 430kB,47.8MB / 430kB
2026-04-04 17:42:10,pico,86aa92827ac9,sistemas-distribuidos-otel-1,25.72%,819.1MiB / 7.654GiB,10.45%,235MB / 1.1MB,488MB / 435MB
2026-04-04 17:42:14,pico,510b28b5e515,sistemas-distribuidos-crm-1,16.49%,69.22MiB / 7.654GiB,0.88%,32MB / 53.9MB,3.47MB / 401kB
2026-04-04 17:42:14,pico,ff3bf187a9b9,sistemas-distribuidos-delivery-1,17.52%,69.96MiB / 7.654GiB,0.89%,37.5MB / 57MB,4.65MB / 401kB
2026-04-04 17:42:14,pico,ecbfb6f4687b,sistemas-distribuidos-payments-1,17.25%,70.04MiB / 7.654GiB,0.89%,35.9MB / 56.5MB,6.24MB / 401kB
2026-04-04 17:42:14,pico,ee13bc4e589c,sistemas-distribuidos-accounts-1,17.10%,70.58MiB / 7.654GiB,0.90%,32.4MB / 56.8MB,14.9MB / 406kB
2026-04-04 17:42:14,pico,a117783aa7c8,sistemas-distribuidos-middleware-1,63.71%,79.97MiB / 7.654GiB,1.02%,394MB / 371MB,201kB / 786kB
2026-04-04 17:42:14,pico,088ebce9e27e,kafka-ui,0.12%,551.1MiB / 7.654GiB,7.03%,5.27MB / 26.6MB,92MB / 3.1MB
2026-04-04 17:42:14,pico,ee37a20584eb,sistemas-distribuidos-kafka-1,33.33%,696.4MiB / 7.654GiB,8.89%,159MB / 191MB,70.2MB / 54.7MB
2026-04-04 17:42:14,pico,b1267530f40d,sistemas-distribuidos-crm_db-1,3.05%,27.72MiB / 7.654GiB,0.35%,16.7MB / 13.1MB,8.72MB / 184MB
2026-04-04 17:42:14,pico,f1f8000a605f,sistemas-distribuidos-middleware_db-1,30.72%,67.29MiB / 7.654GiB,0.86%,236MB / 376MB,15.4MB / 813MB
2026-04-04 17:42:14,pico,ff53aa714b0f,sistemas-distribuidos-accounts_db-1,4.45%,52.43MiB / 7.654GiB,0.67%,16.7MB / 12.6MB,5.3MB / 188MB
2026-04-04 17:42:14,pico,489d7ba9a64c,sistemas-distribuidos-delivery_db-1,4.24%,30.05MiB / 7.654GiB,0.38%,23.8MB / 20MB,10.1MB / 189MB
2026-04-04 17:42:14,pico,a32314d4dd03,sistemas-distribuidos-payments_db-1,3.15%,31.49MiB / 7.654GiB,0.40%,21.3MB / 17.9MB,12.9MB / 188MB
2026-04-04 17:42:14,pico,f5429bdd2fb0,sistemas-distribuidos-zookeeper-1,1.01%,157.6MiB / 7.654GiB,2.01%,432kB / 430kB,47.8MB / 430kB
2026-04-04 17:42:14,pico,86aa92827ac9,sistemas-distribuidos-otel-1,14.38%,837.4MiB / 7.654GiB,10.69%,236MB / 1.1MB,488MB / 439MB
2026-04-04 17:42:18,pico,510b28b5e515,sistemas-distribuidos-crm-1,20.06%,69.54MiB / 7.654GiB,0.89%,32MB / 54.1MB,3.47MB / 401kB
2026-04-04 17:42:18,pico,ff3bf187a9b9,sistemas-distribuidos-delivery-1,7.03%,70.05MiB / 7.654GiB,0.89%,37.6MB / 57.3MB,4.65MB / 401kB
2026-04-04 17:42:18,pico,ecbfb6f4687b,sistemas-distribuidos-payments-1,10.27%,70.28MiB / 7.654GiB,0.90%,35.9MB / 56.6MB,6.24MB / 401kB
2026-04-04 17:42:18,pico,ee13bc4e589c,sistemas-distribuidos-accounts-1,7.60%,70.32MiB / 7.654GiB,0.90%,32.4MB / 57MB,14.9MB / 406kB
2026-04-04 17:42:18,pico,a117783aa7c8,sistemas-distribuidos-middleware-1,25.50%,78.09MiB / 7.654GiB,1.00%,395MB / 372MB,201kB / 786kB
2026-04-04 17:42:18,pico,088ebce9e27e,kafka-ui,0.24%,551.1MiB / 7.654GiB,7.03%,5.27MB / 26.6MB,92MB / 3.1MB
2026-04-04 17:42:18,pico,ee37a20584eb,sistemas-distribuidos-kafka-1,13.15%,696.1MiB / 7.654GiB,8.88%,160MB / 191MB,70.2MB / 54.7MB
2026-04-04 17:42:18,pico,b1267530f40d,sistemas-distribuidos-crm_db-1,0.86%,27.73MiB / 7.654GiB,0.35%,16.7MB / 13.1MB,8.72MB / 184MB
2026-04-04 17:42:18,pico,f1f8000a605f,sistemas-distribuidos-middleware_db-1,10.41%,67.03MiB / 7.654GiB,0.86%,236MB / 377MB,15.4MB / 815MB
2026-04-04 17:42:18,pico,ff53aa714b0f,sistemas-distribuidos-accounts_db-1,3.88%,52.43MiB / 7.654GiB,0.67%,16.8MB / 12.6MB,5.3MB / 188MB
2026-04-04 17:42:18,pico,489d7ba9a64c,sistemas-distribuidos-delivery_db-1,1.81%,30.13MiB / 7.654GiB,0.38%,23.8MB / 20MB,10.1MB / 189MB
2026-04-04 17:42:18,pico,a32314d4dd03,sistemas-distribuidos-payments_db-1,1.16%,31.55MiB / 7.654GiB,0.40%,21.4MB / 17.9MB,12.9MB / 188MB
2026-04-04 17:42:18,pico,f5429bdd2fb0,sistemas-distribuidos-zookeeper-1,0.82%,157.6MiB / 7.654GiB,2.01%,432kB / 430kB,47.8MB / 430kB
2026-04-04 17:42:18,pico,86aa92827ac9,sistemas-distribuidos-otel-1,126.50%,858.1MiB / 7.654GiB,10.95%,237MB / 1.11MB,488MB / 439MB
2026-04-04 17:42:23,pico,510b28b5e515,sistemas-distribuidos-crm-1,14.67%,69.38MiB / 7.654GiB,0.89%,32.1MB / 54.2MB,3.47MB / 401kB
2026-04-04 17:42:23,pico,ff3bf187a9b9,sistemas-distribuidos-delivery-1,12.22%,70.05MiB / 7.654GiB,0.89%,37.6MB / 57.5MB,4.65MB / 401kB
2026-04-04 17:42:23,pico,ecbfb6f4687b,sistemas-distribuidos-payments-1,11.67%,70.04MiB / 7.654GiB,0.89%,36MB / 56.7MB,6.24MB / 401kB
2026-04-04 17:42:23,pico,ee13bc4e589c,sistemas-distribuidos-accounts-1,15.17%,70.32MiB / 7.654GiB,0.90%,32.5MB / 57.2MB,14.9MB / 406kB
2026-04-04 17:42:23,pico,a117783aa7c8,sistemas-distribuidos-middleware-1,45.81%,80.05MiB / 7.654GiB,1.02%,396MB / 373MB,201kB / 786kB
2026-04-04 17:42:23,pico,088ebce9e27e,kafka-ui,0.12%,551.1MiB / 7.654GiB,7.03%,5.27MB / 26.6MB,92MB / 3.1MB
2026-04-04 17:42:23,pico,ee37a20584eb,sistemas-distribuidos-kafka-1,17.77%,696.4MiB / 7.654GiB,8.89%,160MB / 192MB,70.2MB / 54.7MB
2026-04-04 17:42:23,pico,b1267530f40d,sistemas-distribuidos-crm_db-1,1.67%,27.73MiB / 7.654GiB,0.35%,16.8MB / 13.2MB,8.72MB / 184MB
2026-04-04 17:42:23,pico,f1f8000a605f,sistemas-distribuidos-middleware_db-1,23.80%,67.04MiB / 7.654GiB,0.86%,237MB / 377MB,15.4MB / 816MB
2026-04-04 17:42:23,pico,ff53aa714b0f,sistemas-distribuidos-accounts_db-1,3.81%,52.43MiB / 7.654GiB,0.67%,16.8MB / 12.6MB,5.3MB / 189MB
2026-04-04 17:42:23,pico,489d7ba9a64c,sistemas-distribuidos-delivery_db-1,3.19%,30.05MiB / 7.654GiB,0.38%,23.9MB / 20.1MB,10.1MB / 189MB
2026-04-04 17:42:23,pico,a32314d4dd03,sistemas-distribuidos-payments_db-1,2.68%,31.49MiB / 7.654GiB,0.40%,21.4MB / 18MB,12.9MB / 188MB
2026-04-04 17:42:23,pico,f5429bdd2fb0,sistemas-distribuidos-zookeeper-1,1.29%,157.6MiB / 7.654GiB,2.01%,432kB / 430kB,47.8MB / 430kB
2026-04-04 17:42:23,pico,86aa92827ac9,sistemas-distribuidos-otel-1,106.62%,862.9MiB / 7.654GiB,11.01%,238MB / 1.11MB,488MB / 439MB
2026-04-04 17:42:26,pico,510b28b5e515,sistemas-distribuidos-crm-1,16.88%,69.38MiB / 7.654GiB,0.89%,32.2MB / 54.4MB,3.47MB / 401kB
2026-04-04 17:42:26,pico,ff3bf187a9b9,sistemas-distribuidos-delivery-1,14.98%,70.02MiB / 7.654GiB,0.89%,37.8MB / 57.7MB,4.65MB / 401kB
2026-04-04 17:42:26,pico,ecbfb6f4687b,sistemas-distribuidos-payments-1,14.90%,69.71MiB / 7.654GiB,0.89%,36.2MB / 57MB,6.24MB / 401kB
2026-04-04 17:42:26,pico,ee13bc4e589c,sistemas-distribuidos-accounts-1,15.88%,70.32MiB / 7.654GiB,0.90%,32.6MB / 57.3MB,14.9MB / 406kB
2026-04-04 17:42:26,pico,a117783aa7c8,sistemas-distribuidos-middleware-1,66.93%,80.19MiB / 7.654GiB,1.02%,398MB / 375MB,201kB / 786kB
2026-04-04 17:42:26,pico,088ebce9e27e,kafka-ui,0.14%,551.1MiB / 7.654GiB,7.03%,5.27MB / 26.6MB,92MB / 3.1MB
2026-04-04 17:42:26,pico,ee37a20584eb,sistemas-distribuidos-kafka-1,20.73%,696.2MiB / 7.654GiB,8.88%,160MB / 192MB,70.2MB / 54.7MB
2026-04-04 17:42:26,pico,b1267530f40d,sistemas-distribuidos-crm_db-1,13.47%,27.73MiB / 7.654GiB,0.35%,16.8MB / 13.2MB,8.72MB / 184MB
2026-04-04 17:42:26,pico,f1f8000a605f,sistemas-distribuidos-middleware_db-1,35.73%,67.05MiB / 7.654GiB,0.86%,238MB / 379MB,15.4MB / 820MB
2026-04-04 17:42:26,pico,ff53aa714b0f,sistemas-distribuidos-accounts_db-1,15.84%,52.45MiB / 7.654GiB,0.67%,16.9MB / 12.7MB,5.3MB / 189MB
2026-04-04 17:42:26,pico,489d7ba9a64c,sistemas-distribuidos-delivery_db-1,4.24%,30.05MiB / 7.654GiB,0.38%,23.9MB / 20.2MB,10.1MB / 190MB
2026-04-04 17:42:26,pico,a32314d4dd03,sistemas-distribuidos-payments_db-1,22.29%,31.5MiB / 7.654GiB,0.40%,21.5MB / 18MB,12.9MB / 188MB
2026-04-04 17:42:26,pico,f5429bdd2fb0,sistemas-distribuidos-zookeeper-1,0.40%,157.6MiB / 7.654GiB,2.01%,432kB / 430kB,47.8MB / 430kB
2026-04-04 17:42:26,pico,86aa92827ac9,sistemas-distribuidos-otel-1,117.92%,866.7MiB / 7.654GiB,11.06%,238MB / 1.11MB,488MB / 439MB
2026-04-04 17:42:30,pico,510b28b5e515,sistemas-distribuidos-crm-1,21.25%,69.71MiB / 7.654GiB,0.89%,32.3MB / 54.7MB,3.47MB / 401kB
2026-04-04 17:42:30,pico,ff3bf187a9b9,sistemas-distribuidos-delivery-1,22.76%,70.05MiB / 7.654GiB,0.89%,38MB / 58.1MB,4.65MB / 401kB
2026-04-04 17:42:30,pico,ecbfb6f4687b,sistemas-distribuidos-payments-1,18.00%,70.02MiB / 7.654GiB,0.89%,36.3MB / 57.3MB,6.24MB / 401kB
2026-04-04 17:42:30,pico,ee13bc4e589c,sistemas-distribuidos-accounts-1,19.80%,70.59MiB / 7.654GiB,0.90%,32.7MB / 57.7MB,14.9MB / 406kB
2026-04-04 17:42:30,pico,a117783aa7c8,sistemas-distribuidos-middleware-1,63.48%,80.57MiB / 7.654GiB,1.03%,401MB / 377MB,201kB / 786kB
2026-04-04 17:42:30,pico,088ebce9e27e,kafka-ui,0.25%,551.1MiB / 7.654GiB,7.03%,5.27MB / 26.6MB,92MB / 3.1MB
2026-04-04 17:42:30,pico,ee37a20584eb,sistemas-distribuidos-kafka-1,23.49%,696.7MiB / 7.654GiB,8.89%,161MB / 193MB,70.2MB / 54.7MB
2026-04-04 17:42:30,pico,b1267530f40d,sistemas-distribuidos-crm_db-1,2.58%,27.73MiB / 7.654GiB,0.35%,16.9MB / 13.3MB,8.72MB / 185MB
2026-04-04 17:42:30,pico,f1f8000a605f,sistemas-distribuidos-middleware_db-1,32.01%,67.04MiB / 7.654GiB,0.86%,239MB / 381MB,15.4MB / 823MB
2026-04-04 17:42:30,pico,ff53aa714b0f,sistemas-distribuidos-accounts_db-1,4.27%,52.45MiB / 7.654GiB,0.67%,16.9MB / 12.7MB,5.3MB / 189MB
2026-04-04 17:42:30,pico,489d7ba9a64c,sistemas-distribuidos-delivery_db-1,6.73%,30.05MiB / 7.654GiB,0.38%,24MB / 20.3MB,10.1MB / 190MB
2026-04-04 17:42:30,pico,a32314d4dd03,sistemas-distribuidos-payments_db-1,5.83%,31.5MiB / 7.654GiB,0.40%,21.5MB / 18.1MB,12.9MB / 189MB
2026-04-04 17:42:30,pico,f5429bdd2fb0,sistemas-distribuidos-zookeeper-1,0.25%,157.6MiB / 7.654GiB,2.01%,432kB / 430kB,47.8MB / 430kB
2026-04-04 17:42:30,pico,86aa92827ac9,sistemas-distribuidos-otel-1,26.29%,876.3MiB / 7.654GiB,11.18%,240MB / 1.11MB,488MB / 443MB
2026-04-04 17:42:34,pico,510b28b5e515,sistemas-distribuidos-crm-1,16.62%,69.14MiB / 7.654GiB,0.88%,32.5MB / 55.1MB,3.47MB / 401kB
2026-04-04 17:42:34,pico,ff3bf187a9b9,sistemas-distribuidos-delivery-1,23.97%,70.06MiB / 7.654GiB,0.89%,38.2MB / 58.3MB,4.65MB / 401kB
2026-04-04 17:42:34,pico,ecbfb6f4687b,sistemas-distribuidos-payments-1,18.59%,70.02MiB / 7.654GiB,0.89%,36.5MB / 57.7MB,6.24MB / 401kB
2026-04-04 17:42:34,pico,ee13bc4e589c,sistemas-distribuidos-accounts-1,18.46%,70.6MiB / 7.654GiB,0.90%,32.9MB / 58MB,14.9MB / 406kB
2026-04-04 17:42:34,pico,a117783aa7c8,sistemas-distribuidos-middleware-1,68.26%,80MiB / 7.654GiB,1.02%,402MB / 379MB,201kB / 786kB
2026-04-04 17:42:34,pico,088ebce9e27e,kafka-ui,0.11%,551.1MiB / 7.654GiB,7.03%,5.27MB / 26.6MB,92MB / 3.1MB
2026-04-04 17:42:34,pico,ee37a20584eb,sistemas-distribuidos-kafka-1,17.11%,696.2MiB / 7.654GiB,8.88%,161MB / 193MB,70.2MB / 56.1MB
2026-04-04 17:42:34,pico,b1267530f40d,sistemas-distribuidos-crm_db-1,3.77%,27.73MiB / 7.654GiB,0.35%,17MB / 13.3MB,8.72MB / 185MB
2026-04-04 17:42:34,pico,f1f8000a605f,sistemas-distribuidos-middleware_db-1,29.52%,67.3MiB / 7.654GiB,0.86%,241MB / 383MB,15.4MB / 827MB
2026-04-04 17:42:34,pico,ff53aa714b0f,sistemas-distribuidos-accounts_db-1,5.83%,52.44MiB / 7.654GiB,0.67%,17MB / 12.8MB,5.3MB / 190MB
2026-04-04 17:42:34,pico,489d7ba9a64c,sistemas-distribuidos-delivery_db-1,3.79%,30.05MiB / 7.654GiB,0.38%,24.1MB / 20.4MB,10.1MB / 190MB
2026-04-04 17:42:34,pico,a32314d4dd03,sistemas-distribuidos-payments_db-1,3.65%,31.5MiB / 7.654GiB,0.40%,21.6MB / 18.2MB,12.9MB / 189MB
2026-04-04 17:42:34,pico,f5429bdd2fb0,sistemas-distribuidos-zookeeper-1,2.16%,157.6MiB / 7.654GiB,2.01%,432kB / 430kB,47.8MB / 430kB
2026-04-04 17:42:34,pico,86aa92827ac9,sistemas-distribuidos-otel-1,15.96%,907.3MiB / 7.654GiB,11.58%,242MB / 1.12MB,488MB / 443MB
2026-04-04 17:42:38,pico,510b28b5e515,sistemas-distribuidos-crm-1,32.28%,69.96MiB / 7.654GiB,0.89%,32.6MB / 55.4MB,3.47MB / 401kB
2026-04-04 17:42:38,pico,ff3bf187a9b9,sistemas-distribuidos-delivery-1,25.16%,70.05MiB / 7.654GiB,0.89%,38.3MB / 58.6MB,4.65MB / 401kB
2026-04-04 17:42:38,pico,ecbfb6f4687b,sistemas-distribuidos-payments-1,22.88%,70.02MiB / 7.654GiB,0.89%,36.6MB / 58MB,6.24MB / 401kB
2026-04-04 17:42:38,pico,ee13bc4e589c,sistemas-distribuidos-accounts-1,25.62%,70.59MiB / 7.654GiB,0.90%,33MB / 58.4MB,14.9MB / 406kB
2026-04-04 17:42:38,pico,a117783aa7c8,sistemas-distribuidos-middleware-1,68.84%,80.95MiB / 7.654GiB,1.03%,405MB / 381MB,201kB / 786kB
2026-04-04 17:42:38,pico,088ebce9e27e,kafka-ui,56.95%,551.4MiB / 7.654GiB,7.04%,5.28MB / 26.6MB,92MB / 3.1MB
2026-04-04 17:42:38,pico,ee37a20584eb,sistemas-distribuidos-kafka-1,31.83%,696.2MiB / 7.654GiB,8.88%,161MB / 193MB,70.2MB / 56.1MB
2026-04-04 17:42:38,pico,b1267530f40d,sistemas-distribuidos-crm_db-1,2.56%,27.73MiB / 7.654GiB,0.35%,17MB / 13.4MB,8.72MB / 185MB
2026-04-04 17:42:38,pico,f1f8000a605f,sistemas-distribuidos-middleware_db-1,29.50%,67.06MiB / 7.654GiB,0.86%,242MB / 385MB,15.4MB / 830MB
2026-04-04 17:42:38,pico,ff53aa714b0f,sistemas-distribuidos-accounts_db-1,4.48%,52.43MiB / 7.654GiB,0.67%,17.1MB / 12.9MB,5.3MB / 190MB
2026-04-04 17:42:38,pico,489d7ba9a64c,sistemas-distribuidos-delivery_db-1,5.04%,30.05MiB / 7.654GiB,0.38%,24.2MB / 20.5MB,10.1MB / 191MB
2026-04-04 17:42:38,pico,a32314d4dd03,sistemas-distribuidos-payments_db-1,2.57%,31.5MiB / 7.654GiB,0.40%,21.7MB / 18.3MB,12.9MB / 189MB
2026-04-04 17:42:38,pico,f5429bdd2fb0,sistemas-distribuidos-zookeeper-1,0.23%,157.6MiB / 7.654GiB,2.01%,432kB / 430kB,47.8MB / 430kB
2026-04-04 17:42:38,pico,86aa92827ac9,sistemas-distribuidos-otel-1,143.11%,909.5MiB / 7.654GiB,11.60%,243MB / 1.12MB,488MB / 443MB
2026-04-04 17:42:42,pico,510b28b5e515,sistemas-distribuidos-crm-1,26.47%,69.71MiB / 7.654GiB,0.89%,32.7MB / 55.5MB,3.47MB / 401kB
2026-04-04 17:42:42,pico,ff3bf187a9b9,sistemas-distribuidos-delivery-1,16.86%,70MiB / 7.654GiB,0.89%,38.4MB / 58.9MB,4.65MB / 401kB
2026-04-04 17:42:42,pico,ecbfb6f4687b,sistemas-distribuidos-payments-1,20.26%,70.03MiB / 7.654GiB,0.89%,36.7MB / 58.1MB,6.24MB / 401kB
2026-04-04 17:42:42,pico,ee13bc4e589c,sistemas-distribuidos-accounts-1,33.05%,70.59MiB / 7.654GiB,0.90%,33MB / 58.4MB,14.9MB / 406kB
2026-04-04 17:42:42,pico,a117783aa7c8,sistemas-distribuidos-middleware-1,65.36%,79.74MiB / 7.654GiB,1.02%,405MB / 382MB,201kB / 786kB
2026-04-04 17:42:42,pico,088ebce9e27e,kafka-ui,76.76%,551.4MiB / 7.654GiB,7.04%,5.3MB / 26.6MB,92MB / 3.11MB
2026-04-04 17:42:42,pico,ee37a20584eb,sistemas-distribuidos-kafka-1,44.38%,696.2MiB / 7.654GiB,8.88%,162MB / 194MB,70.2MB / 56.1MB
2026-04-04 17:42:42,pico,b1267530f40d,sistemas-distribuidos-crm_db-1,2.34%,27.73MiB / 7.654GiB,0.35%,17MB / 13.4MB,8.72MB / 186MB
2026-04-04 17:42:42,pico,f1f8000a605f,sistemas-distribuidos-middleware_db-1,30.77%,67.06MiB / 7.654GiB,0.86%,242MB / 386MB,15.4MB / 833MB
2026-04-04 17:42:42,pico,ff53aa714b0f,sistemas-distribuidos-accounts_db-1,7.17%,52.43MiB / 7.654GiB,0.67%,17.1MB / 12.9MB,5.3MB / 190MB
2026-04-04 17:42:42,pico,489d7ba9a64c,sistemas-distribuidos-delivery_db-1,4.58%,30.05MiB / 7.654GiB,0.38%,24.2MB / 20.5MB,10.1MB / 191MB
2026-04-04 17:42:42,pico,a32314d4dd03,sistemas-distribuidos-payments_db-1,2.88%,31.5MiB / 7.654GiB,0.40%,21.7MB / 18.4MB,12.9MB / 190MB
2026-04-04 17:42:42,pico,f5429bdd2fb0,sistemas-distribuidos-zookeeper-1,0.85%,157.6MiB / 7.654GiB,2.01%,433kB / 431kB,47.8MB / 430kB
2026-04-04 17:42:42,pico,86aa92827ac9,sistemas-distribuidos-otel-1,65.80%,909.4MiB / 7.654GiB,11.60%,243MB / 1.12MB,488MB / 443MB
2026-04-04 17:42:46,pico,510b28b5e515,sistemas-distribuidos-crm-1,21.13%,69.72MiB / 7.654GiB,0.89%,32.8MB / 55.7MB,3.47MB / 401kB
2026-04-04 17:42:46,pico,ff3bf187a9b9,sistemas-distribuidos-delivery-1,16.33%,70.02MiB / 7.654GiB,0.89%,38.6MB / 59.2MB,4.65MB / 401kB
2026-04-04 17:42:46,pico,ecbfb6f4687b,sistemas-distribuidos-payments-1,21.26%,70.02MiB / 7.654GiB,0.89%,36.9MB / 58.3MB,6.24MB / 401kB
2026-04-04 17:42:46,pico,ee13bc4e589c,sistemas-distribuidos-accounts-1,16.02%,70.03MiB / 7.654GiB,0.89%,33.1MB / 58.6MB,14.9MB / 406kB
2026-04-04 17:42:46,pico,a117783aa7c8,sistemas-distribuidos-middleware-1,64.88%,80.4MiB / 7.654GiB,1.03%,408MB / 384MB,201kB / 786kB
2026-04-04 17:42:46,pico,088ebce9e27e,kafka-ui,1.37%,551.4MiB / 7.654GiB,7.04%,5.3MB / 26.6MB,92MB / 3.11MB
2026-04-04 17:42:46,pico,ee37a20584eb,sistemas-distribuidos-kafka-1,23.50%,696.5MiB / 7.654GiB,8.89%,162MB / 194MB,70.2MB / 56.1MB
2026-04-04 17:42:46,pico,b1267530f40d,sistemas-distribuidos-crm_db-1,3.31%,27.73MiB / 7.654GiB,0.35%,17.1MB / 13.5MB,8.72MB / 186MB
2026-04-04 17:42:46,pico,f1f8000a605f,sistemas-distribuidos-middleware_db-1,32.55%,67.07MiB / 7.654GiB,0.86%,243MB / 388MB,15.4MB / 836MB
2026-04-04 17:42:46,pico,ff53aa714b0f,sistemas-distribuidos-accounts_db-1,4.61%,52.43MiB / 7.654GiB,0.67%,17.2MB / 12.9MB,5.3MB / 190MB
2026-04-04 17:42:46,pico,489d7ba9a64c,sistemas-distribuidos-delivery_db-1,5.93%,30.05MiB / 7.654GiB,0.38%,24.3MB / 20.6MB,10.1MB / 191MB
2026-04-04 17:42:46,pico,a32314d4dd03,sistemas-distribuidos-payments_db-1,3.79%,31.5MiB / 7.654GiB,0.40%,21.8MB / 18.4MB,12.9MB / 190MB
2026-04-04 17:42:46,pico,f5429bdd2fb0,sistemas-distribuidos-zookeeper-1,2.22%,157.6MiB / 7.654GiB,2.01%,433kB / 431kB,47.8MB / 430kB
2026-04-04 17:42:46,pico,86aa92827ac9,sistemas-distribuidos-otel-1,21.23%,911MiB / 7.654GiB,11.62%,244MB / 1.13MB,488MB / 450MB
2026-04-04 17:42:50,pico,510b28b5e515,sistemas-distribuidos-crm-1,16.14%,69.05MiB / 7.654GiB,0.88%,32.9MB / 56MB,3.47MB / 401kB
2026-04-04 17:42:50,pico,ff3bf187a9b9,sistemas-distribuidos-delivery-1,26.86%,70.05MiB / 7.654GiB,0.89%,38.7MB / 59.5MB,4.65MB / 401kB
2026-04-04 17:42:50,pico,ecbfb6f4687b,sistemas-distribuidos-payments-1,45.33%,70.07MiB / 7.654GiB,0.89%,37MB / 58.7MB,6.24MB / 401kB
2026-04-04 17:42:50,pico,ee13bc4e589c,sistemas-distribuidos-accounts-1,19.35%,70.59MiB / 7.654GiB,0.90%,33.3MB / 59MB,14.9MB / 406kB
2026-04-04 17:42:50,pico,a117783aa7c8,sistemas-distribuidos-middleware-1,63.33%,79.84MiB / 7.654GiB,1.02%,410MB / 386MB,201kB / 786kB
2026-04-04 17:42:50,pico,088ebce9e27e,kafka-ui,1.06%,551.4MiB / 7.654GiB,7.04%,5.3MB / 26.6MB,92MB / 3.11MB
2026-04-04 17:42:50,pico,ee37a20584eb,sistemas-distribuidos-kafka-1,33.56%,696.2MiB / 7.654GiB,8.88%,162MB / 194MB,70.2MB / 56.9MB
2026-04-04 17:42:50,pico,b1267530f40d,sistemas-distribuidos-crm_db-1,1.39%,27.72MiB / 7.654GiB,0.35%,17.2MB / 13.5MB,8.72MB / 186MB
2026-04-04 17:42:50,pico,f1f8000a605f,sistemas-distribuidos-middleware_db-1,35.50%,67.05MiB / 7.654GiB,0.86%,244MB / 389MB,15.4MB / 840MB
2026-04-04 17:42:50,pico,ff53aa714b0f,sistemas-distribuidos-accounts_db-1,3.75%,52.43MiB / 7.654GiB,0.67%,17.2MB / 13MB,5.3MB / 191MB
2026-04-04 17:42:50,pico,489d7ba9a64c,sistemas-distribuidos-delivery_db-1,3.56%,30.05MiB / 7.654GiB,0.38%,24.4MB / 20.7MB,10.1MB / 191MB
2026-04-04 17:42:50,pico,a32314d4dd03,sistemas-distribuidos-payments_db-1,2.90%,31.49MiB / 7.654GiB,0.40%,21.9MB / 18.5MB,12.9MB / 190MB
2026-04-04 17:42:50,pico,f5429bdd2fb0,sistemas-distribuidos-zookeeper-1,5.05%,157.6MiB / 7.654GiB,2.01%,433kB / 431kB,47.8MB / 430kB
2026-04-04 17:42:50,pico,86aa92827ac9,sistemas-distribuidos-otel-1,34.26%,919.8MiB / 7.654GiB,11.74%,246MB / 1.13MB,488MB / 450MB
2026-04-04 17:42:54,pico,510b28b5e515,sistemas-distribuidos-crm-1,24.25%,69.31MiB / 7.654GiB,0.88%,33MB / 56.3MB,3.47MB / 401kB
2026-04-04 17:42:54,pico,ff3bf187a9b9,sistemas-distribuidos-delivery-1,29.74%,69.9MiB / 7.654GiB,0.89%,38.8MB / 59.8MB,4.65MB / 401kB
2026-04-04 17:42:54,pico,ecbfb6f4687b,sistemas-distribuidos-payments-1,30.87%,70.07MiB / 7.654GiB,0.89%,37.1MB / 59MB,6.24MB / 401kB
2026-04-04 17:42:54,pico,ee13bc4e589c,sistemas-distribuidos-accounts-1,23.11%,70.57MiB / 7.654GiB,0.90%,33.4MB / 59.3MB,14.9MB / 406kB
2026-04-04 17:42:54,pico,a117783aa7c8,sistemas-distribuidos-middleware-1,71.15%,80.75MiB / 7.654GiB,1.03%,411MB / 387MB,201kB / 786kB
2026-04-04 17:42:54,pico,088ebce9e27e,kafka-ui,1.79%,551.4MiB / 7.654GiB,7.04%,5.3MB / 26.6MB,92MB / 3.11MB
2026-04-04 17:42:54,pico,ee37a20584eb,sistemas-distribuidos-kafka-1,57.12%,696.2MiB / 7.654GiB,8.88%,163MB / 195MB,70.2MB / 56.9MB
2026-04-04 17:42:54,pico,b1267530f40d,sistemas-distribuidos-crm_db-1,1.76%,27.72MiB / 7.654GiB,0.35%,17.2MB / 13.6MB,8.72MB / 186MB
2026-04-04 17:42:54,pico,f1f8000a605f,sistemas-distribuidos-middleware_db-1,33.35%,67.06MiB / 7.654GiB,0.86%,245MB / 391MB,15.4MB / 842MB
2026-04-04 17:42:54,pico,ff53aa714b0f,sistemas-distribuidos-accounts_db-1,13.40%,52.68MiB / 7.654GiB,0.67%,17.3MB / 13MB,5.3MB / 191MB
2026-04-04 17:42:54,pico,489d7ba9a64c,sistemas-distribuidos-delivery_db-1,2.81%,30.05MiB / 7.654GiB,0.38%,24.5MB / 20.8MB,10.1MB / 192MB
2026-04-04 17:42:54,pico,a32314d4dd03,sistemas-distribuidos-payments_db-1,2.82%,31.49MiB / 7.654GiB,0.40%,21.9MB / 18.6MB,12.9MB / 190MB
2026-04-04 17:42:54,pico,f5429bdd2fb0,sistemas-distribuidos-zookeeper-1,2.85%,157.7MiB / 7.654GiB,2.01%,433kB / 431kB,47.8MB / 430kB
2026-04-04 17:42:54,pico,86aa92827ac9,sistemas-distribuidos-otel-1,180.50%,927.6MiB / 7.654GiB,11.84%,247MB / 1.13MB,488MB / 450MB
2026-04-04 17:42:59,pico,510b28b5e515,sistemas-distribuidos-crm-1,21.89%,68.75MiB / 7.654GiB,0.88%,33.1MB / 56.5MB,3.47MB / 401kB
2026-04-04 17:42:59,pico,ff3bf187a9b9,sistemas-distribuidos-delivery-1,21.70%,69.92MiB / 7.654GiB,0.89%,39MB / 59.9MB,4.65MB / 401kB
2026-04-04 17:42:59,pico,ecbfb6f4687b,sistemas-distribuidos-payments-1,24.16%,70.21MiB / 7.654GiB,0.90%,37.2MB / 59.2MB,6.24MB / 401kB
2026-04-04 17:42:59,pico,ee13bc4e589c,sistemas-distribuidos-accounts-1,21.19%,70.04MiB / 7.654GiB,0.89%,33.5MB / 59.5MB,14.9MB / 406kB
2026-04-04 17:42:59,pico,a117783aa7c8,sistemas-distribuidos-middleware-1,63.63%,80.71MiB / 7.654GiB,1.03%,413MB / 389MB,201kB / 786kB
2026-04-04 17:42:59,pico,088ebce9e27e,kafka-ui,0.49%,551.4MiB / 7.654GiB,7.04%,5.3MB / 26.6MB,92MB / 3.11MB
2026-04-04 17:42:59,pico,ee37a20584eb,sistemas-distribuidos-kafka-1,41.84%,696.2MiB / 7.654GiB,8.88%,163MB / 195MB,70.2MB / 56.9MB
2026-04-04 17:42:59,pico,b1267530f40d,sistemas-distribuidos-crm_db-1,4.80%,27.73MiB / 7.654GiB,0.35%,17.3MB / 13.6MB,8.72MB / 187MB
2026-04-04 17:42:59,pico,f1f8000a605f,sistemas-distribuidos-middleware_db-1,28.31%,67.08MiB / 7.654GiB,0.86%,246MB / 392MB,15.4MB / 845MB
2026-04-04 17:42:59,pico,ff53aa714b0f,sistemas-distribuidos-accounts_db-1,6.41%,53.74MiB / 7.654GiB,0.69%,17.3MB / 13.1MB,5.3MB / 191MB
2026-04-04 17:42:59,pico,489d7ba9a64c,sistemas-distribuidos-delivery_db-1,4.76%,30.06MiB / 7.654GiB,0.38%,24.5MB / 20.9MB,10.1MB / 192MB
2026-04-04 17:42:59,pico,a32314d4dd03,sistemas-distribuidos-payments_db-1,2.76%,31.5MiB / 7.654GiB,0.40%,22MB / 18.7MB,12.9MB / 191MB
2026-04-04 17:42:59,pico,f5429bdd2fb0,sistemas-distribuidos-zookeeper-1,4.00%,157.7MiB / 7.654GiB,2.01%,434kB / 431kB,47.8MB / 430kB
2026-04-04 17:42:59,pico,86aa92827ac9,sistemas-distribuidos-otel-1,56.55%,930MiB / 7.654GiB,11.87%,248MB / 1.14MB,488MB / 450MB
2026-04-04 17:43:03,pico,510b28b5e515,sistemas-distribuidos-crm-1,14.74%,68.75MiB / 7.654GiB,0.88%,33.2MB / 56.6MB,3.47MB / 401kB
2026-04-04 17:43:03,pico,ff3bf187a9b9,sistemas-distribuidos-delivery-1,13.53%,69.98MiB / 7.654GiB,0.89%,39.1MB / 60.1MB,4.65MB / 401kB
2026-04-04 17:43:03,pico,ecbfb6f4687b,sistemas-distribuidos-payments-1,14.39%,69.95MiB / 7.654GiB,0.89%,37.4MB / 59.4MB,6.24MB / 401kB
2026-04-04 17:43:03,pico,ee13bc4e589c,sistemas-distribuidos-accounts-1,18.55%,70.6MiB / 7.654GiB,0.90%,33.6MB / 59.9MB,14.9MB / 406kB
2026-04-04 17:43:03,pico,a117783aa7c8,sistemas-distribuidos-middleware-1,62.72%,79.22MiB / 7.654GiB,1.01%,415MB / 391MB,201kB / 786kB
2026-04-04 17:43:03,pico,088ebce9e27e,kafka-ui,0.11%,551.4MiB / 7.654GiB,7.04%,5.3MB / 26.6MB,92MB / 3.11MB
2026-04-04 17:43:03,pico,ee37a20584eb,sistemas-distribuidos-kafka-1,21.12%,696.3MiB / 7.654GiB,8.88%,163MB / 195MB,70.2MB / 56.9MB
2026-04-04 17:43:03,pico,b1267530f40d,sistemas-distribuidos-crm_db-1,1.89%,27.73MiB / 7.654GiB,0.35%,17.3MB / 13.7MB,8.72MB / 187MB
2026-04-04 17:43:03,pico,f1f8000a605f,sistemas-distribuidos-middleware_db-1,32.91%,67.08MiB / 7.654GiB,0.86%,247MB / 394MB,15.4MB / 848MB
2026-04-04 17:43:03,pico,ff53aa714b0f,sistemas-distribuidos-accounts_db-1,6.22%,52.45MiB / 7.654GiB,0.67%,17.4MB / 13.1MB,5.3MB / 192MB
2026-04-04 17:43:03,pico,489d7ba9a64c,sistemas-distribuidos-delivery_db-1,4.08%,30.05MiB / 7.654GiB,0.38%,24.6MB / 21MB,10.1MB / 192MB
2026-04-04 17:43:03,pico,a32314d4dd03,sistemas-distribuidos-payments_db-1,2.67%,31.49MiB / 7.654GiB,0.40%,22.1MB / 18.7MB,12.9MB / 191MB
2026-04-04 17:43:03,pico,f5429bdd2fb0,sistemas-distribuidos-zookeeper-1,0.32%,157.7MiB / 7.654GiB,2.01%,434kB / 431kB,47.8MB / 430kB
2026-04-04 17:43:03,pico,86aa92827ac9,sistemas-distribuidos-otel-1,13.28%,930.5MiB / 7.654GiB,11.87%,249MB / 1.14MB,488MB / 457MB
2026-04-04 17:43:06,pico,510b28b5e515,sistemas-distribuidos-crm-1,14.31%,69.04MiB / 7.654GiB,0.88%,33.4MB / 57MB,3.47MB / 401kB
2026-04-04 17:43:06,pico,ff3bf187a9b9,sistemas-distribuidos-delivery-1,13.99%,70.05MiB / 7.654GiB,0.89%,39.3MB / 60.6MB,4.65MB / 401kB
2026-04-04 17:43:06,pico,ecbfb6f4687b,sistemas-distribuidos-payments-1,14.25%,70.04MiB / 7.654GiB,0.89%,37.6MB / 59.8MB,6.24MB / 401kB
2026-04-04 17:43:06,pico,ee13bc4e589c,sistemas-distribuidos-accounts-1,15.40%,70.6MiB / 7.654GiB,0.90%,33.7MB / 60MB,14.9MB / 406kB
2026-04-04 17:43:06,pico,a117783aa7c8,sistemas-distribuidos-middleware-1,63.89%,80.25MiB / 7.654GiB,1.02%,417MB / 393MB,201kB / 786kB
2026-04-04 17:43:06,pico,088ebce9e27e,kafka-ui,0.22%,551.4MiB / 7.654GiB,7.04%,5.3MB / 26.6MB,92MB / 3.11MB
2026-04-04 17:43:06,pico,ee37a20584eb,sistemas-distribuidos-kafka-1,19.98%,696.3MiB / 7.654GiB,8.88%,164MB / 196MB,70.2MB / 57.6MB
2026-04-04 17:43:06,pico,b1267530f40d,sistemas-distribuidos-crm_db-1,2.15%,27.73MiB / 7.654GiB,0.35%,17.4MB / 13.8MB,8.72MB / 187MB
2026-04-04 17:43:06,pico,f1f8000a605f,sistemas-distribuidos-middleware_db-1,32.38%,67.08MiB / 7.654GiB,0.86%,249MB / 396MB,15.4MB / 853MB
2026-04-04 17:43:06,pico,ff53aa714b0f,sistemas-distribuidos-accounts_db-1,3.38%,52.45MiB / 7.654GiB,0.67%,17.5MB / 13.2MB,5.3MB / 192MB
2026-04-04 17:43:06,pico,489d7ba9a64c,sistemas-distribuidos-delivery_db-1,3.90%,30.05MiB / 7.654GiB,0.38%,24.7MB / 21MB,10.1MB / 193MB
2026-04-04 17:43:06,pico,a32314d4dd03,sistemas-distribuidos-payments_db-1,2.62%,31.5MiB / 7.654GiB,0.40%,22.2MB / 18.8MB,12.9MB / 191MB
2026-04-04 17:43:06,pico,f5429bdd2fb0,sistemas-distribuidos-zookeeper-1,0.33%,157.7MiB / 7.654GiB,2.01%,434kB / 432kB,47.8MB / 430kB
2026-04-04 17:43:06,pico,86aa92827ac9,sistemas-distribuidos-otel-1,7.41%,931MiB / 7.654GiB,11.88%,250MB / 1.15MB,488MB / 457MB
2026-04-04 17:43:10,pico,510b28b5e515,sistemas-distribuidos-crm-1,23.38%,70.12MiB / 7.654GiB,0.89%,33.5MB / 57.3MB,3.47MB / 401kB
2026-04-04 17:43:10,pico,ff3bf187a9b9,sistemas-distribuidos-delivery-1,28.04%,69.52MiB / 7.654GiB,0.89%,39.5MB / 60.9MB,4.65MB / 401kB
2026-04-04 17:43:10,pico,ecbfb6f4687b,sistemas-distribuidos-payments-1,31.76%,70.05MiB / 7.654GiB,0.89%,37.7MB / 60.1MB,6.24MB / 401kB
2026-04-04 17:43:10,pico,ee13bc4e589c,sistemas-distribuidos-accounts-1,25.93%,70.39MiB / 7.654GiB,0.90%,33.9MB / 60.4MB,14.9MB / 406kB
2026-04-04 17:43:10,pico,a117783aa7c8,sistemas-distribuidos-middleware-1,68.36%,80.88MiB / 7.654GiB,1.03%,419MB / 394MB,201kB / 786kB
2026-04-04 17:43:10,pico,088ebce9e27e,kafka-ui,18.41%,551.4MiB / 7.654GiB,7.04%,5.31MB / 26.6MB,92MB / 3.13MB
2026-04-04 17:43:10,pico,ee37a20584eb,sistemas-distribuidos-kafka-1,38.11%,696.5MiB / 7.654GiB,8.89%,164MB / 196MB,70.2MB / 57.6MB
2026-04-04 17:43:10,pico,b1267530f40d,sistemas-distribuidos-crm_db-1,2.78%,27.72MiB / 7.654GiB,0.35%,17.4MB / 13.8MB,8.72MB / 188MB
2026-04-04 17:43:10,pico,f1f8000a605f,sistemas-distribuidos-middleware_db-1,28.35%,67.08MiB / 7.654GiB,0.86%,250MB / 398MB,15.4MB / 855MB
2026-04-04 17:43:10,pico,ff53aa714b0f,sistemas-distribuidos-accounts_db-1,6.78%,52.43MiB / 7.654GiB,0.67%,17.5MB / 13.3MB,5.3MB / 192MB
2026-04-04 17:43:10,pico,489d7ba9a64c,sistemas-distribuidos-delivery_db-1,5.22%,30.05MiB / 7.654GiB,0.38%,24.8MB / 21.2MB,10.1MB / 193MB
2026-04-04 17:43:10,pico,a32314d4dd03,sistemas-distribuidos-payments_db-1,4.33%,31.5MiB / 7.654GiB,0.40%,22.2MB / 18.9MB,12.9MB / 192MB
2026-04-04 17:43:10,pico,f5429bdd2fb0,sistemas-distribuidos-zookeeper-1,7.14%,157.7MiB / 7.654GiB,2.01%,434kB / 433kB,47.8MB / 430kB
2026-04-04 17:43:10,pico,86aa92827ac9,sistemas-distribuidos-otel-1,40.95%,931.1MiB / 7.654GiB,11.88%,251MB / 1.15MB,488MB / 457MB
2026-04-04 17:43:14,pico,510b28b5e515,sistemas-distribuidos-crm-1,14.52%,68.72MiB / 7.654GiB,0.88%,33.6MB / 57.7MB,3.47MB / 401kB
2026-04-04 17:43:14,pico,ff3bf187a9b9,sistemas-distribuidos-delivery-1,15.76%,69.52MiB / 7.654GiB,0.89%,39.6MB / 61.1MB,4.65MB / 401kB
2026-04-04 17:43:14,pico,ecbfb6f4687b,sistemas-distribuidos-payments-1,14.89%,70.05MiB / 7.654GiB,0.89%,37.8MB / 60.3MB,6.24MB / 401kB
2026-04-04 17:43:14,pico,ee13bc4e589c,sistemas-distribuidos-accounts-1,14.59%,70.59MiB / 7.654GiB,0.90%,34MB / 60.7MB,14.9MB / 406kB
2026-04-04 17:43:14,pico,a117783aa7c8,sistemas-distribuidos-middleware-1,63.10%,80.44MiB / 7.654GiB,1.03%,421MB / 397MB,201kB / 786kB
2026-04-04 17:43:14,pico,088ebce9e27e,kafka-ui,0.32%,551.4MiB / 7.654GiB,7.04%,5.31MB / 26.6MB,92MB / 3.13MB
2026-04-04 17:43:14,pico,ee37a20584eb,sistemas-distribuidos-kafka-1,31.59%,696.3MiB / 7.654GiB,8.88%,165MB / 197MB,70.2MB / 57.6MB
2026-04-04 17:43:14,pico,b1267530f40d,sistemas-distribuidos-crm_db-1,1.92%,27.73MiB / 7.654GiB,0.35%,17.5MB / 13.9MB,8.72MB / 188MB
2026-04-04 17:43:14,pico,f1f8000a605f,sistemas-distribuidos-middleware_db-1,31.00%,67.09MiB / 7.654GiB,0.86%,251MB / 400MB,15.4MB / 860MB
2026-04-04 17:43:14,pico,ff53aa714b0f,sistemas-distribuidos-accounts_db-1,4.77%,52.42MiB / 7.654GiB,0.67%,17.6MB / 13.3MB,5.3MB / 192MB
2026-04-04 17:43:14,pico,489d7ba9a64c,sistemas-distribuidos-delivery_db-1,3.79%,30.05MiB / 7.654GiB,0.38%,24.8MB / 21.3MB,10.1MB / 193MB
2026-04-04 17:43:14,pico,a32314d4dd03,sistemas-distribuidos-payments_db-1,2.47%,31.49MiB / 7.654GiB,0.40%,22.3MB / 19MB,12.9MB / 192MB
2026-04-04 17:43:14,pico,f5429bdd2fb0,sistemas-distribuidos-zookeeper-1,1.89%,157.7MiB / 7.654GiB,2.01%,434kB / 433kB,47.8MB / 430kB
2026-04-04 17:43:14,pico,86aa92827ac9,sistemas-distribuidos-otel-1,172.57%,950.6MiB / 7.654GiB,12.13%,252MB / 1.15MB,488MB / 457MB
2026-04-04 17:43:18,pos,510b28b5e515,sistemas-distribuidos-crm-1,11.24%,68.84MiB / 7.654GiB,0.88%,33.7MB / 57.9MB,3.47MB / 401kB
2026-04-04 17:43:18,pos,ff3bf187a9b9,sistemas-distribuidos-delivery-1,10.91%,70.04MiB / 7.654GiB,0.89%,39.7MB / 61.4MB,4.65MB / 401kB
2026-04-04 17:43:18,pos,ecbfb6f4687b,sistemas-distribuidos-payments-1,12.82%,70.02MiB / 7.654GiB,0.89%,37.9MB / 60.7MB,6.24MB / 401kB
2026-04-04 17:43:18,pos,ee13bc4e589c,sistemas-distribuidos-accounts-1,60.79%,70.52MiB / 7.654GiB,0.90%,34MB / 60.9MB,14.9MB / 406kB
2026-04-04 17:43:18,pos,a117783aa7c8,sistemas-distribuidos-middleware-1,67.74%,80.53MiB / 7.654GiB,1.03%,423MB / 398MB,201kB / 786kB
2026-04-04 17:43:18,pos,088ebce9e27e,kafka-ui,0.22%,551.4MiB / 7.654GiB,7.04%,5.31MB / 26.6MB,92MB / 3.13MB
2026-04-04 17:43:18,pos,ee37a20584eb,sistemas-distribuidos-kafka-1,30.61%,696.2MiB / 7.654GiB,8.88%,165MB / 197MB,70.2MB / 57.6MB
2026-04-04 17:43:18,pos,b1267530f40d,sistemas-distribuidos-crm_db-1,1.37%,27.73MiB / 7.654GiB,0.35%,17.5MB / 13.9MB,8.72MB / 188MB
2026-04-04 17:43:18,pos,f1f8000a605f,sistemas-distribuidos-middleware_db-1,35.03%,67.34MiB / 7.654GiB,0.86%,252MB / 402MB,15.4MB / 863MB
2026-04-04 17:43:18,pos,ff53aa714b0f,sistemas-distribuidos-accounts_db-1,13.37%,52.42MiB / 7.654GiB,0.67%,17.6MB / 13.4MB,5.3MB / 193MB
2026-04-04 17:43:18,pos,489d7ba9a64c,sistemas-distribuidos-delivery_db-1,4.37%,30.05MiB / 7.654GiB,0.38%,24.9MB / 21.3MB,10.1MB / 194MB
2026-04-04 17:43:18,pos,a32314d4dd03,sistemas-distribuidos-payments_db-1,1.41%,31.49MiB / 7.654GiB,0.40%,22.4MB / 19.1MB,12.9MB / 192MB
2026-04-04 17:43:18,pos,f5429bdd2fb0,sistemas-distribuidos-zookeeper-1,2.75%,157.7MiB / 7.654GiB,2.01%,435kB / 433kB,47.8MB / 430kB
2026-04-04 17:43:18,pos,86aa92827ac9,sistemas-distribuidos-otel-1,43.56%,966MiB / 7.654GiB,12.33%,254MB / 1.16MB,488MB / 461MB
2026-04-04 17:43:23,pos,510b28b5e515,sistemas-distribuidos-crm-1,10.38%,68.84MiB / 7.654GiB,0.88%,33.8MB / 57.9MB,3.47MB / 401kB
2026-04-04 17:43:23,pos,ff3bf187a9b9,sistemas-distribuidos-delivery-1,11.67%,70.04MiB / 7.654GiB,0.89%,39.8MB / 61.5MB,4.65MB / 401kB
2026-04-04 17:43:23,pos,ecbfb6f4687b,sistemas-distribuidos-payments-1,10.14%,70.02MiB / 7.654GiB,0.89%,38MB / 60.7MB,6.24MB / 401kB
2026-04-04 17:43:23,pos,ee13bc4e589c,sistemas-distribuidos-accounts-1,11.19%,70.52MiB / 7.654GiB,0.90%,34.1MB / 61MB,14.9MB / 406kB
2026-04-04 17:43:23,pos,a117783aa7c8,sistemas-distribuidos-middleware-1,57.16%,79.86MiB / 7.654GiB,1.02%,425MB / 401MB,201kB / 786kB
2026-04-04 17:43:23,pos,088ebce9e27e,kafka-ui,0.14%,551.4MiB / 7.654GiB,7.04%,5.31MB / 26.6MB,92MB / 3.13MB
2026-04-04 17:43:23,pos,ee37a20584eb,sistemas-distribuidos-kafka-1,17.49%,696.3MiB / 7.654GiB,8.88%,165MB / 197MB,70.2MB / 57.6MB
2026-04-04 17:43:23,pos,b1267530f40d,sistemas-distribuidos-crm_db-1,1.02%,27.73MiB / 7.654GiB,0.35%,17.6MB / 13.9MB,8.72MB / 189MB
2026-04-04 17:43:23,pos,f1f8000a605f,sistemas-distribuidos-middleware_db-1,39.57%,67.1MiB / 7.654GiB,0.86%,253MB / 404MB,15.4MB / 866MB
2026-04-04 17:43:23,pos,ff53aa714b0f,sistemas-distribuidos-accounts_db-1,3.57%,52.43MiB / 7.654GiB,0.67%,17.7MB / 13.4MB,5.3MB / 193MB
2026-04-04 17:43:23,pos,489d7ba9a64c,sistemas-distribuidos-delivery_db-1,2.19%,30.06MiB / 7.654GiB,0.38%,24.9MB / 21.4MB,10.1MB / 194MB
2026-04-04 17:43:23,pos,a32314d4dd03,sistemas-distribuidos-payments_db-1,1.61%,31.5MiB / 7.654GiB,0.40%,22.4MB / 19.1MB,12.9MB / 193MB
2026-04-04 17:43:23,pos,f5429bdd2fb0,sistemas-distribuidos-zookeeper-1,1.96%,157.7MiB / 7.654GiB,2.01%,435kB / 433kB,47.8MB / 430kB
2026-04-04 17:43:23,pos,86aa92827ac9,sistemas-distribuidos-otel-1,17.72%,977.4MiB / 7.654GiB,12.47%,255MB / 1.16MB,488MB / 461MB
2026-04-04 17:43:27,pos,510b28b5e515,sistemas-distribuidos-crm-1,11.02%,68.67MiB / 7.654GiB,0.88%,33.8MB / 58.1MB,3.47MB / 401kB
2026-04-04 17:43:27,pos,ff3bf187a9b9,sistemas-distribuidos-delivery-1,8.97%,69.77MiB / 7.654GiB,0.89%,39.9MB / 61.7MB,4.65MB / 401kB
2026-04-04 17:43:27,pos,ecbfb6f4687b,sistemas-distribuidos-payments-1,10.33%,69.66MiB / 7.654GiB,0.89%,38.1MB / 60.9MB,6.24MB / 401kB
2026-04-04 17:43:27,pos,ee13bc4e589c,sistemas-distribuidos-accounts-1,70.06%,70.54MiB / 7.654GiB,0.90%,34.2MB / 61.2MB,14.9MB / 406kB
2026-04-04 17:43:27,pos,a117783aa7c8,sistemas-distribuidos-middleware-1,57.74%,80.49MiB / 7.654GiB,1.03%,428MB / 403MB,201kB / 786kB
2026-04-04 17:43:27,pos,088ebce9e27e,kafka-ui,0.32%,551.4MiB / 7.654GiB,7.04%,5.31MB / 26.6MB,92MB / 3.13MB
2026-04-04 17:43:27,pos,ee37a20584eb,sistemas-distribuidos-kafka-1,20.36%,696.3MiB / 7.654GiB,8.89%,166MB / 198MB,70.2MB / 57.6MB
2026-04-04 17:43:27,pos,b1267530f40d,sistemas-distribuidos-crm_db-1,7.14%,27.73MiB / 7.654GiB,0.35%,17.6MB / 14MB,8.73MB / 189MB
2026-04-04 17:43:27,pos,f1f8000a605f,sistemas-distribuidos-middleware_db-1,53.33%,67.11MiB / 7.654GiB,0.86%,255MB / 406MB,15.4MB / 870MB
2026-04-04 17:43:27,pos,ff53aa714b0f,sistemas-distribuidos-accounts_db-1,9.30%,52.44MiB / 7.654GiB,0.67%,17.7MB / 13.4MB,5.3MB / 194MB
2026-04-04 17:43:27,pos,489d7ba9a64c,sistemas-distribuidos-delivery_db-1,1.91%,30.06MiB / 7.654GiB,0.38%,25MB / 21.4MB,10.1MB / 194MB
2026-04-04 17:43:27,pos,a32314d4dd03,sistemas-distribuidos-payments_db-1,8.66%,31.5MiB / 7.654GiB,0.40%,22.4MB / 19.2MB,12.9MB / 193MB
2026-04-04 17:43:27,pos,f5429bdd2fb0,sistemas-distribuidos-zookeeper-1,0.30%,157.7MiB / 7.654GiB,2.01%,435kB / 433kB,47.8MB / 430kB
2026-04-04 17:43:27,pos,86aa92827ac9,sistemas-distribuidos-otel-1,61.25%,988.3MiB / 7.654GiB,12.61%,255MB / 1.16MB,488MB / 462MB
2026-04-04 17:43:30,pos,510b28b5e515,sistemas-distribuidos-crm-1,9.23%,68.79MiB / 7.654GiB,0.88%,33.9MB / 58.3MB,3.47MB / 401kB
2026-04-04 17:43:30,pos,ff3bf187a9b9,sistemas-distribuidos-delivery-1,18.43%,69.77MiB / 7.654GiB,0.89%,40MB / 61.8MB,4.65MB / 401kB
2026-04-04 17:43:30,pos,ecbfb6f4687b,sistemas-distribuidos-payments-1,10.30%,69.66MiB / 7.654GiB,0.89%,38.2MB / 61.1MB,6.24MB / 401kB
2026-04-04 17:43:30,pos,ee13bc4e589c,sistemas-distribuidos-accounts-1,14.56%,70.18MiB / 7.654GiB,0.90%,34.3MB / 61.4MB,14.9MB / 406kB
2026-04-04 17:43:30,pos,a117783aa7c8,sistemas-distribuidos-middleware-1,63.56%,79.57MiB / 7.654GiB,1.02%,430MB / 405MB,201kB / 786kB
2026-04-04 17:43:30,pos,088ebce9e27e,kafka-ui,0.18%,551.4MiB / 7.654GiB,7.04%,5.31MB / 26.6MB,92MB / 3.13MB
2026-04-04 17:43:30,pos,ee37a20584eb,sistemas-distribuidos-kafka-1,24.11%,696.8MiB / 7.654GiB,8.89%,166MB / 198MB,70.2MB / 57.6MB
2026-04-04 17:43:30,pos,b1267530f40d,sistemas-distribuidos-crm_db-1,0.95%,27.74MiB / 7.654GiB,0.35%,17.6MB / 14MB,8.73MB / 189MB
2026-04-04 17:43:30,pos,f1f8000a605f,sistemas-distribuidos-middleware_db-1,34.33%,67.36MiB / 7.654GiB,0.86%,256MB / 408MB,15.4MB / 874MB
2026-04-04 17:43:30,pos,ff53aa714b0f,sistemas-distribuidos-accounts_db-1,3.36%,52.42MiB / 7.654GiB,0.67%,17.7MB / 13.5MB,5.3MB / 194MB
2026-04-04 17:43:30,pos,489d7ba9a64c,sistemas-distribuidos-delivery_db-1,1.89%,30.06MiB / 7.654GiB,0.38%,25MB / 21.5MB,10.1MB / 195MB
2026-04-04 17:43:30,pos,a32314d4dd03,sistemas-distribuidos-payments_db-1,1.50%,31.5MiB / 7.654GiB,0.40%,22.5MB / 19.2MB,12.9MB / 194MB
2026-04-04 17:43:30,pos,f5429bdd2fb0,sistemas-distribuidos-zookeeper-1,0.86%,157.7MiB / 7.654GiB,2.01%,435kB / 433kB,47.8MB / 430kB
2026-04-04 17:43:30,pos,86aa92827ac9,sistemas-distribuidos-otel-1,14.39%,989.4MiB / 7.654GiB,12.62%,257MB / 1.17MB,488MB / 470MB
2026-04-04 17:43:34,pos,510b28b5e515,sistemas-distribuidos-crm-1,10.78%,68.78MiB / 7.654GiB,0.88%,34MB / 58.5MB,3.47MB / 401kB
2026-04-04 17:43:34,pos,ff3bf187a9b9,sistemas-distribuidos-delivery-1,10.23%,69.86MiB / 7.654GiB,0.89%,40.1MB / 62MB,4.65MB / 401kB
2026-04-04 17:43:34,pos,ecbfb6f4687b,sistemas-distribuidos-payments-1,9.41%,69.66MiB / 7.654GiB,0.89%,38.3MB / 61.2MB,6.24MB / 401kB
2026-04-04 17:43:34,pos,ee13bc4e589c,sistemas-distribuidos-accounts-1,11.40%,70.12MiB / 7.654GiB,0.89%,34.3MB / 61.6MB,14.9MB / 406kB
2026-04-04 17:43:34,pos,a117783aa7c8,sistemas-distribuidos-middleware-1,56.16%,80.64MiB / 7.654GiB,1.03%,433MB / 407MB,201kB / 786kB
2026-04-04 17:43:34,pos,088ebce9e27e,kafka-ui,0.15%,551.4MiB / 7.654GiB,7.04%,5.31MB / 26.6MB,92MB / 3.13MB
2026-04-04 17:43:34,pos,ee37a20584eb,sistemas-distribuidos-kafka-1,51.82%,696.3MiB / 7.654GiB,8.88%,166MB / 198MB,70.2MB / 57.6MB
2026-04-04 17:43:34,pos,b1267530f40d,sistemas-distribuidos-crm_db-1,1.56%,27.73MiB / 7.654GiB,0.35%,17.7MB / 14MB,8.73MB / 190MB
2026-04-04 17:43:34,pos,f1f8000a605f,sistemas-distribuidos-middleware_db-1,35.98%,67.11MiB / 7.654GiB,0.86%,258MB / 410MB,15.4MB / 879MB
2026-04-04 17:43:34,pos,ff53aa714b0f,sistemas-distribuidos-accounts_db-1,2.35%,52.43MiB / 7.654GiB,0.67%,17.8MB / 13.5MB,5.3MB / 194MB
2026-04-04 17:43:34,pos,489d7ba9a64c,sistemas-distribuidos-delivery_db-1,2.07%,30.06MiB / 7.654GiB,0.38%,25.1MB / 21.5MB,10.1MB / 195MB
2026-04-04 17:43:34,pos,a32314d4dd03,sistemas-distribuidos-payments_db-1,1.68%,31.5MiB / 7.654GiB,0.40%,22.5MB / 19.2MB,12.9MB / 194MB
2026-04-04 17:43:34,pos,f5429bdd2fb0,sistemas-distribuidos-zookeeper-1,23.89%,157.7MiB / 7.654GiB,2.01%,435kB / 433kB,47.8MB / 430kB
2026-04-04 17:43:34,pos,86aa92827ac9,sistemas-distribuidos-otel-1,16.56%,989.3MiB / 7.654GiB,12.62%,258MB / 1.17MB,488MB / 470MB
2026-04-04 17:43:37,pos,510b28b5e515,sistemas-distribuidos-crm-1,5.17%,68.78MiB / 7.654GiB,0.88%,34.1MB / 58.6MB,3.47MB / 401kB
2026-04-04 17:43:37,pos,ff3bf187a9b9,sistemas-distribuidos-delivery-1,4.64%,69.94MiB / 7.654GiB,0.89%,40.2MB / 62.2MB,4.65MB / 401kB
2026-04-04 17:43:37,pos,ecbfb6f4687b,sistemas-distribuidos-payments-1,8.71%,69.83MiB / 7.654GiB,0.89%,38.4MB / 61.4MB,6.24MB / 401kB
2026-04-04 17:43:37,pos,ee13bc4e589c,sistemas-distribuidos-accounts-1,4.30%,70.12MiB / 7.654GiB,0.89%,34.4MB / 61.7MB,14.9MB / 406kB
2026-04-04 17:43:37,pos,a117783aa7c8,sistemas-distribuidos-middleware-1,24.02%,80.67MiB / 7.654GiB,1.03%,435MB / 410MB,201kB / 786kB
2026-04-04 17:43:37,pos,088ebce9e27e,kafka-ui,0.30%,551.4MiB / 7.654GiB,7.04%,5.31MB / 26.6MB,92MB / 3.13MB
2026-04-04 17:43:37,pos,ee37a20584eb,sistemas-distribuidos-kafka-1,13.34%,696.6MiB / 7.654GiB,8.89%,167MB / 199MB,70.2MB / 58.9MB
2026-04-04 17:43:37,pos,b1267530f40d,sistemas-distribuidos-crm_db-1,0.42%,27.73MiB / 7.654GiB,0.35%,17.7MB / 14.1MB,8.73MB / 190MB
2026-04-04 17:43:37,pos,f1f8000a605f,sistemas-distribuidos-middleware_db-1,16.71%,67.1MiB / 7.654GiB,0.86%,259MB / 413MB,15.4MB / 883MB
2026-04-04 17:43:37,pos,ff53aa714b0f,sistemas-distribuidos-accounts_db-1,1.10%,52.43MiB / 7.654GiB,0.67%,17.8MB / 13.5MB,5.3MB / 195MB
2026-04-04 17:43:37,pos,489d7ba9a64c,sistemas-distribuidos-delivery_db-1,1.22%,30.05MiB / 7.654GiB,0.38%,25.1MB / 21.6MB,10.1MB / 196MB
2026-04-04 17:43:37,pos,a32314d4dd03,sistemas-distribuidos-payments_db-1,0.75%,31.5MiB / 7.654GiB,0.40%,22.6MB / 19.3MB,12.9MB / 194MB
2026-04-04 17:43:37,pos,f5429bdd2fb0,sistemas-distribuidos-zookeeper-1,1.07%,157.7MiB / 7.654GiB,2.01%,435kB / 433kB,47.8MB / 430kB
2026-04-04 17:43:37,pos,86aa92827ac9,sistemas-distribuidos-otel-1,13.13%,963.7MiB / 7.654GiB,12.30%,259MB / 1.17MB,488MB / 470MB
2026-04-04 17:43:41,pos,510b28b5e515,sistemas-distribuidos-crm-1,1.69%,68.79MiB / 7.654GiB,0.88%,34.1MB / 58.7MB,3.47MB / 401kB
2026-04-04 17:43:41,pos,ff3bf187a9b9,sistemas-distribuidos-delivery-1,3.01%,69.11MiB / 7.654GiB,0.88%,40.2MB / 62.3MB,4.65MB / 401kB
2026-04-04 17:43:41,pos,ecbfb6f4687b,sistemas-distribuidos-payments-1,1.85%,69.18MiB / 7.654GiB,0.88%,38.4MB / 61.5MB,6.24MB / 401kB
2026-04-04 17:43:41,pos,ee13bc4e589c,sistemas-distribuidos-accounts-1,2.07%,70.13MiB / 7.654GiB,0.89%,34.4MB / 61.8MB,14.9MB / 406kB
2026-04-04 17:43:41,pos,a117783aa7c8,sistemas-distribuidos-middleware-1,0.91%,80.67MiB / 7.654GiB,1.03%,435MB / 410MB,201kB / 786kB
2026-04-04 17:43:41,pos,088ebce9e27e,kafka-ui,0.15%,551.4MiB / 7.654GiB,7.04%,5.33MB / 26.6MB,92MB / 3.13MB
2026-04-04 17:43:41,pos,ee37a20584eb,sistemas-distribuidos-kafka-1,4.30%,696.2MiB / 7.654GiB,8.88%,167MB / 199MB,70.2MB / 58.9MB
2026-04-04 17:43:41,pos,b1267530f40d,sistemas-distribuidos-crm_db-1,0.05%,27.73MiB / 7.654GiB,0.35%,17.7MB / 14.1MB,8.73MB / 190MB
2026-04-04 17:43:41,pos,f1f8000a605f,sistemas-distribuidos-middleware_db-1,0.03%,67.09MiB / 7.654GiB,0.86%,259MB / 413MB,15.4MB / 883MB
2026-04-04 17:43:41,pos,ff53aa714b0f,sistemas-distribuidos-accounts_db-1,0.00%,52.41MiB / 7.654GiB,0.67%,17.8MB / 13.5MB,5.3MB / 195MB
2026-04-04 17:43:41,pos,489d7ba9a64c,sistemas-distribuidos-delivery_db-1,0.03%,30.05MiB / 7.654GiB,0.38%,25.1MB / 21.6MB,10.1MB / 196MB
2026-04-04 17:43:41,pos,a32314d4dd03,sistemas-distribuidos-payments_db-1,0.04%,31.49MiB / 7.654GiB,0.40%,22.6MB / 19.3MB,12.9MB / 194MB
2026-04-04 17:43:41,pos,f5429bdd2fb0,sistemas-distribuidos-zookeeper-1,0.17%,157.7MiB / 7.654GiB,2.01%,436kB / 434kB,47.8MB / 430kB
2026-04-04 17:43:41,pos,86aa92827ac9,sistemas-distribuidos-otel-1,14.05%,967.8MiB / 7.654GiB,12.35%,259MB / 1.18MB,488MB / 470MB
2026-04-04 17:43:45,pos,510b28b5e515,sistemas-distribuidos-crm-1,3.50%,68.79MiB / 7.654GiB,0.88%,34.1MB / 58.7MB,3.47MB / 401kB
2026-04-04 17:43:45,pos,ff3bf187a9b9,sistemas-distribuidos-delivery-1,3.53%,69.12MiB / 7.654GiB,0.88%,40.2MB / 62.3MB,4.65MB / 401kB
2026-04-04 17:43:45,pos,ecbfb6f4687b,sistemas-distribuidos-payments-1,3.05%,69.18MiB / 7.654GiB,0.88%,38.4MB / 61.5MB,6.24MB / 401kB
2026-04-04 17:43:45,pos,ee13bc4e589c,sistemas-distribuidos-accounts-1,4.76%,70.13MiB / 7.654GiB,0.89%,34.4MB / 61.8MB,14.9MB / 406kB
2026-04-04 17:43:45,pos,a117783aa7c8,sistemas-distribuidos-middleware-1,1.76%,79.3MiB / 7.654GiB,1.01%,435MB / 410MB,201kB / 786kB
2026-04-04 17:43:45,pos,088ebce9e27e,kafka-ui,0.20%,551.4MiB / 7.654GiB,7.04%,5.33MB / 26.6MB,92MB / 3.13MB
2026-04-04 17:43:45,pos,ee37a20584eb,sistemas-distribuidos-kafka-1,9.93%,696.2MiB / 7.654GiB,8.88%,167MB / 199MB,70.2MB / 58.9MB
2026-04-04 17:43:45,pos,b1267530f40d,sistemas-distribuidos-crm_db-1,0.08%,27.73MiB / 7.654GiB,0.35%,17.7MB / 14.1MB,8.73MB / 190MB
2026-04-04 17:43:45,pos,f1f8000a605f,sistemas-distribuidos-middleware_db-1,0.00%,67.09MiB / 7.654GiB,0.86%,259MB / 413MB,15.4MB / 883MB
2026-04-04 17:43:45,pos,ff53aa714b0f,sistemas-distribuidos-accounts_db-1,0.07%,52.42MiB / 7.654GiB,0.67%,17.8MB / 13.5MB,5.3MB / 195MB
2026-04-04 17:43:45,pos,489d7ba9a64c,sistemas-distribuidos-delivery_db-1,0.07%,30.05MiB / 7.654GiB,0.38%,25.1MB / 21.6MB,10.1MB / 196MB
2026-04-04 17:43:45,pos,a32314d4dd03,sistemas-distribuidos-payments_db-1,0.07%,31.49MiB / 7.654GiB,0.40%,22.6MB / 19.3MB,12.9MB / 194MB
2026-04-04 17:43:45,pos,f5429bdd2fb0,sistemas-distribuidos-zookeeper-1,0.29%,157.7MiB / 7.654GiB,2.01%,436kB / 434kB,47.8MB / 430kB
2026-04-04 17:43:45,pos,86aa92827ac9,sistemas-distribuidos-otel-1,3.66%,974.8MiB / 7.654GiB,12.44%,259MB / 1.18MB,488MB / 470MB
2026-04-04 17:43:48,pos,510b28b5e515,sistemas-distribuidos-crm-1,2.29%,68.78MiB / 7.654GiB,0.88%,34.1MB / 58.7MB,3.47MB / 401kB
2026-04-04 17:43:48,pos,ff3bf187a9b9,sistemas-distribuidos-delivery-1,3.12%,69.11MiB / 7.654GiB,0.88%,40.2MB / 62.3MB,4.65MB / 401kB
2026-04-04 17:43:48,pos,ecbfb6f4687b,sistemas-distribuidos-payments-1,2.93%,69.18MiB / 7.654GiB,0.88%,38.4MB / 61.5MB,6.24MB / 401kB
2026-04-04 17:43:48,pos,ee13bc4e589c,sistemas-distribuidos-accounts-1,2.60%,70.14MiB / 7.654GiB,0.89%,34.5MB / 61.8MB,14.9MB / 406kB
2026-04-04 17:43:48,pos,a117783aa7c8,sistemas-distribuidos-middleware-1,3.47%,79.3MiB / 7.654GiB,1.01%,435MB / 410MB,201kB / 786kB
2026-04-04 17:43:48,pos,088ebce9e27e,kafka-ui,0.43%,551.4MiB / 7.654GiB,7.04%,5.33MB / 26.6MB,92MB / 3.13MB
2026-04-04 17:43:48,pos,ee37a20584eb,sistemas-distribuidos-kafka-1,7.89%,696.3MiB / 7.654GiB,8.88%,167MB / 199MB,70.2MB / 58.9MB
2026-04-04 17:43:48,pos,b1267530f40d,sistemas-distribuidos-crm_db-1,0.00%,27.73MiB / 7.654GiB,0.35%,17.7MB / 14.1MB,8.73MB / 190MB
2026-04-04 17:43:48,pos,f1f8000a605f,sistemas-distribuidos-middleware_db-1,0.15%,67.09MiB / 7.654GiB,0.86%,259MB / 413MB,15.4MB / 883MB
2026-04-04 17:43:48,pos,ff53aa714b0f,sistemas-distribuidos-accounts_db-1,0.21%,52.42MiB / 7.654GiB,0.67%,17.8MB / 13.5MB,5.3MB / 195MB
2026-04-04 17:43:48,pos,489d7ba9a64c,sistemas-distribuidos-delivery_db-1,0.06%,30.05MiB / 7.654GiB,0.38%,25.1MB / 21.6MB,10.1MB / 196MB
2026-04-04 17:43:48,pos,a32314d4dd03,sistemas-distribuidos-payments_db-1,0.09%,31.5MiB / 7.654GiB,0.40%,22.6MB / 19.3MB,12.9MB / 194MB
2026-04-04 17:43:48,pos,f5429bdd2fb0,sistemas-distribuidos-zookeeper-1,0.47%,157.7MiB / 7.654GiB,2.01%,436kB / 434kB,47.8MB / 430kB
2026-04-04 17:43:48,pos,86aa92827ac9,sistemas-distribuidos-otel-1,6.41%,974.2MiB / 7.654GiB,12.43%,259MB / 1.18MB,488MB / 470MB
2026-04-04 17:43:52,pos,510b28b5e515,sistemas-distribuidos-crm-1,2.40%,68.78MiB / 7.654GiB,0.88%,34.1MB / 58.8MB,3.47MB / 401kB
2026-04-04 17:43:52,pos,ff3bf187a9b9,sistemas-distribuidos-delivery-1,2.90%,69.11MiB / 7.654GiB,0.88%,40.2MB / 62.3MB,4.65MB / 401kB
2026-04-04 17:43:52,pos,ecbfb6f4687b,sistemas-distribuidos-payments-1,2.73%,69.18MiB / 7.654GiB,0.88%,38.4MB / 61.5MB,6.24MB / 401kB
2026-04-04 17:43:52,pos,ee13bc4e589c,sistemas-distribuidos-accounts-1,2.63%,70.39MiB / 7.654GiB,0.90%,34.5MB / 61.8MB,14.9MB / 406kB
2026-04-04 17:43:52,pos,a117783aa7c8,sistemas-distribuidos-middleware-1,1.88%,79.3MiB / 7.654GiB,1.01%,435MB / 410MB,201kB / 786kB
2026-04-04 17:43:52,pos,088ebce9e27e,kafka-ui,0.13%,551.4MiB / 7.654GiB,7.04%,5.33MB / 26.6MB,92MB / 3.13MB
2026-04-04 17:43:52,pos,ee37a20584eb,sistemas-distribuidos-kafka-1,9.90%,696.2MiB / 7.654GiB,8.88%,167MB / 199MB,70.2MB / 59MB
2026-04-04 17:43:52,pos,b1267530f40d,sistemas-distribuidos-crm_db-1,0.00%,27.72MiB / 7.654GiB,0.35%,17.7MB / 14.1MB,8.73MB / 190MB
2026-04-04 17:43:52,pos,f1f8000a605f,sistemas-distribuidos-middleware_db-1,0.00%,67.09MiB / 7.654GiB,0.86%,259MB / 413MB,15.4MB / 883MB
2026-04-04 17:43:52,pos,ff53aa714b0f,sistemas-distribuidos-accounts_db-1,0.15%,52.41MiB / 7.654GiB,0.67%,17.8MB / 13.5MB,5.3MB / 195MB
2026-04-04 17:43:52,pos,489d7ba9a64c,sistemas-distribuidos-delivery_db-1,0.00%,30.05MiB / 7.654GiB,0.38%,25.1MB / 21.6MB,10.1MB / 196MB
2026-04-04 17:43:52,pos,a32314d4dd03,sistemas-distribuidos-payments_db-1,0.00%,31.49MiB / 7.654GiB,0.40%,22.6MB / 19.3MB,12.9MB / 194MB
2026-04-04 17:43:52,pos,f5429bdd2fb0,sistemas-distribuidos-zookeeper-1,1.09%,157.7MiB / 7.654GiB,2.01%,436kB / 434kB,47.8MB / 430kB
2026-04-04 17:43:52,pos,86aa92827ac9,sistemas-distribuidos-otel-1,3.66%,974.7MiB / 7.654GiB,12.44%,259MB / 1.18MB,488MB / 470MB
2026-04-04 17:43:55,pos,510b28b5e515,sistemas-distribuidos-crm-1,1.75%,68.78MiB / 7.654GiB,0.88%,34.1MB / 58.8MB,3.47MB / 401kB
2026-04-04 17:43:55,pos,ff3bf187a9b9,sistemas-distribuidos-delivery-1,3.16%,69.11MiB / 7.654GiB,0.88%,40.3MB / 62.4MB,4.65MB / 401kB
2026-04-04 17:43:55,pos,ecbfb6f4687b,sistemas-distribuidos-payments-1,2.29%,69.18MiB / 7.654GiB,0.88%,38.5MB / 61.6MB,6.24MB / 401kB
2026-04-04 17:43:55,pos,ee13bc4e589c,sistemas-distribuidos-accounts-1,2.21%,70.14MiB / 7.654GiB,0.89%,34.5MB / 61.8MB,14.9MB / 406kB
2026-04-04 17:43:55,pos,a117783aa7c8,sistemas-distribuidos-middleware-1,1.70%,79.3MiB / 7.654GiB,1.01%,435MB / 410MB,201kB / 786kB
2026-04-04 17:43:55,pos,088ebce9e27e,kafka-ui,0.14%,551.4MiB / 7.654GiB,7.04%,5.33MB / 26.6MB,92MB / 3.13MB
2026-04-04 17:43:55,pos,ee37a20584eb,sistemas-distribuidos-kafka-1,6.72%,696.3MiB / 7.654GiB,8.88%,167MB / 199MB,70.2MB / 59MB
2026-04-04 17:43:55,pos,b1267530f40d,sistemas-distribuidos-crm_db-1,0.00%,27.72MiB / 7.654GiB,0.35%,17.7MB / 14.1MB,8.73MB / 190MB
2026-04-04 17:43:55,pos,f1f8000a605f,sistemas-distribuidos-middleware_db-1,0.00%,67.09MiB / 7.654GiB,0.86%,259MB / 413MB,15.4MB / 883MB
2026-04-04 17:43:55,pos,ff53aa714b0f,sistemas-distribuidos-accounts_db-1,0.00%,52.41MiB / 7.654GiB,0.67%,17.8MB / 13.5MB,5.3MB / 195MB
2026-04-04 17:43:55,pos,489d7ba9a64c,sistemas-distribuidos-delivery_db-1,0.02%,30.05MiB / 7.654GiB,0.38%,25.1MB / 21.6MB,10.1MB / 196MB
2026-04-04 17:43:55,pos,a32314d4dd03,sistemas-distribuidos-payments_db-1,0.00%,31.49MiB / 7.654GiB,0.40%,22.6MB / 19.3MB,12.9MB / 194MB
2026-04-04 17:43:55,pos,f5429bdd2fb0,sistemas-distribuidos-zookeeper-1,0.91%,157.7MiB / 7.654GiB,2.01%,436kB / 434kB,47.8MB / 430kB
2026-04-04 17:43:55,pos,86aa92827ac9,sistemas-distribuidos-otel-1,5.09%,974.3MiB / 7.654GiB,12.43%,259MB / 1.18MB,488MB / 470MB
2026-04-04 17:43:59,pos,510b28b5e515,sistemas-distribuidos-crm-1,2.79%,68.78MiB / 7.654GiB,0.88%,34.1MB / 58.8MB,3.47MB / 401kB
2026-04-04 17:43:59,pos,ff3bf187a9b9,sistemas-distribuidos-delivery-1,4.04%,69.11MiB / 7.654GiB,0.88%,40.3MB / 62.4MB,4.65MB / 401kB
2026-04-04 17:43:59,pos,ecbfb6f4687b,sistemas-distribuidos-payments-1,3.87%,69.18MiB / 7.654GiB,0.88%,38.5MB / 61.6MB,6.24MB / 401kB
2026-04-04 17:43:59,pos,ee13bc4e589c,sistemas-distribuidos-accounts-1,3.10%,70.13MiB / 7.654GiB,0.89%,34.5MB / 61.8MB,14.9MB / 406kB
2026-04-04 17:43:59,pos,a117783aa7c8,sistemas-distribuidos-middleware-1,2.58%,79.3MiB / 7.654GiB,1.01%,435MB / 410MB,201kB / 786kB
2026-04-04 17:43:59,pos,088ebce9e27e,kafka-ui,0.45%,551.4MiB / 7.654GiB,7.04%,5.33MB / 26.6MB,92MB / 3.13MB
2026-04-04 17:43:59,pos,ee37a20584eb,sistemas-distribuidos-kafka-1,14.58%,696.3MiB / 7.654GiB,8.88%,167MB / 199MB,70.2MB / 59MB
2026-04-04 17:43:59,pos,b1267530f40d,sistemas-distribuidos-crm_db-1,0.00%,27.72MiB / 7.654GiB,0.35%,17.7MB / 14.1MB,8.73MB / 190MB
2026-04-04 17:43:59,pos,f1f8000a605f,sistemas-distribuidos-middleware_db-1,0.05%,67.09MiB / 7.654GiB,0.86%,259MB / 413MB,15.4MB / 883MB
2026-04-04 17:43:59,pos,ff53aa714b0f,sistemas-distribuidos-accounts_db-1,0.00%,52.41MiB / 7.654GiB,0.67%,17.8MB / 13.5MB,5.3MB / 195MB
2026-04-04 17:43:59,pos,489d7ba9a64c,sistemas-distribuidos-delivery_db-1,0.09%,30.07MiB / 7.654GiB,0.38%,25.1MB / 21.6MB,10.1MB / 196MB
2026-04-04 17:43:59,pos,a32314d4dd03,sistemas-distribuidos-payments_db-1,0.19%,31.49MiB / 7.654GiB,0.40%,22.6MB / 19.3MB,12.9MB / 194MB
2026-04-04 17:43:59,pos,f5429bdd2fb0,sistemas-distribuidos-zookeeper-1,0.56%,157.7MiB / 7.654GiB,2.01%,436kB / 434kB,47.8MB / 430kB
2026-04-04 17:43:59,pos,86aa92827ac9,sistemas-distribuidos-otel-1,22.88%,974.3MiB / 7.654GiB,12.43%,259MB / 1.18MB,488MB / 470MB
2026-04-04 17:44:03,pos,510b28b5e515,sistemas-distribuidos-crm-1,2.50%,68.78MiB / 7.654GiB,0.88%,34.2MB / 58.8MB,3.47MB / 401kB
2026-04-04 17:44:03,pos,ff3bf187a9b9,sistemas-distribuidos-delivery-1,2.92%,69.11MiB / 7.654GiB,0.88%,40.3MB / 62.4MB,4.65MB / 401kB
2026-04-04 17:44:03,pos,ecbfb6f4687b,sistemas-distribuidos-payments-1,2.54%,69.18MiB / 7.654GiB,0.88%,38.5MB / 61.6MB,6.24MB / 401kB
2026-04-04 17:44:03,pos,ee13bc4e589c,sistemas-distribuidos-accounts-1,2.56%,70.14MiB / 7.654GiB,0.89%,34.5MB / 61.8MB,14.9MB / 406kB
2026-04-04 17:44:03,pos,a117783aa7c8,sistemas-distribuidos-middleware-1,1.42%,79.3MiB / 7.654GiB,1.01%,435MB / 410MB,201kB / 786kB
2026-04-04 17:44:03,pos,088ebce9e27e,kafka-ui,0.11%,551.4MiB / 7.654GiB,7.04%,5.33MB / 26.6MB,92MB / 3.13MB
2026-04-04 17:44:03,pos,ee37a20584eb,sistemas-distribuidos-kafka-1,7.00%,696.3MiB / 7.654GiB,8.88%,167MB / 199MB,70.2MB / 59MB
2026-04-04 17:44:03,pos,b1267530f40d,sistemas-distribuidos-crm_db-1,0.36%,27.72MiB / 7.654GiB,0.35%,17.7MB / 14.1MB,8.73MB / 190MB
2026-04-04 17:44:03,pos,f1f8000a605f,sistemas-distribuidos-middleware_db-1,0.05%,67.09MiB / 7.654GiB,0.86%,259MB / 413MB,15.4MB / 883MB
2026-04-04 17:44:03,pos,ff53aa714b0f,sistemas-distribuidos-accounts_db-1,0.38%,52.42MiB / 7.654GiB,0.67%,17.8MB / 13.5MB,5.3MB / 195MB
2026-04-04 17:44:03,pos,489d7ba9a64c,sistemas-distribuidos-delivery_db-1,0.05%,30.06MiB / 7.654GiB,0.38%,25.1MB / 21.6MB,10.1MB / 196MB
2026-04-04 17:44:03,pos,a32314d4dd03,sistemas-distribuidos-payments_db-1,0.00%,31.49MiB / 7.654GiB,0.40%,22.6MB / 19.3MB,12.9MB / 194MB
2026-04-04 17:44:03,pos,f5429bdd2fb0,sistemas-distribuidos-zookeeper-1,0.24%,157.7MiB / 7.654GiB,2.01%,436kB / 434kB,47.8MB / 430kB
2026-04-04 17:44:03,pos,86aa92827ac9,sistemas-distribuidos-otel-1,10.55%,974.5MiB / 7.654GiB,12.43%,259MB / 1.18MB,488MB / 476MB
2026-04-04 17:44:06,pos,510b28b5e515,sistemas-distribuidos-crm-1,2.74%,68.78MiB / 7.654GiB,0.88%,34.2MB / 58.8MB,3.47MB / 401kB
2026-04-04 17:44:06,pos,ff3bf187a9b9,sistemas-distribuidos-delivery-1,3.04%,69.11MiB / 7.654GiB,0.88%,40.3MB / 62.4MB,4.65MB / 401kB
2026-04-04 17:44:06,pos,ecbfb6f4687b,sistemas-distribuidos-payments-1,2.47%,69.18MiB / 7.654GiB,0.88%,38.5MB / 61.6MB,6.24MB / 401kB
2026-04-04 17:44:06,pos,ee13bc4e589c,sistemas-distribuidos-accounts-1,2.48%,70.13MiB / 7.654GiB,0.89%,34.5MB / 61.9MB,14.9MB / 406kB
2026-04-04 17:44:06,pos,a117783aa7c8,sistemas-distribuidos-middleware-1,1.43%,79.3MiB / 7.654GiB,1.01%,435MB / 410MB,201kB / 786kB
2026-04-04 17:44:06,pos,088ebce9e27e,kafka-ui,0.16%,551.4MiB / 7.654GiB,7.04%,5.33MB / 26.6MB,92MB / 3.13MB
2026-04-04 17:44:06,pos,ee37a20584eb,sistemas-distribuidos-kafka-1,6.61%,696.2MiB / 7.654GiB,8.88%,167MB / 199MB,70.2MB / 59.2MB
2026-04-04 17:44:06,pos,b1267530f40d,sistemas-distribuidos-crm_db-1,0.00%,27.72MiB / 7.654GiB,0.35%,17.7MB / 14.1MB,8.73MB / 190MB
2026-04-04 17:44:06,pos,f1f8000a605f,sistemas-distribuidos-middleware_db-1,0.06%,67.09MiB / 7.654GiB,0.86%,259MB / 413MB,15.4MB / 883MB
2026-04-04 17:44:06,pos,ff53aa714b0f,sistemas-distribuidos-accounts_db-1,0.09%,52.42MiB / 7.654GiB,0.67%,17.8MB / 13.5MB,5.3MB / 195MB
2026-04-04 17:44:06,pos,489d7ba9a64c,sistemas-distribuidos-delivery_db-1,0.05%,30.06MiB / 7.654GiB,0.38%,25.1MB / 21.6MB,10.1MB / 196MB
2026-04-04 17:44:06,pos,a32314d4dd03,sistemas-distribuidos-payments_db-1,0.00%,31.49MiB / 7.654GiB,0.40%,22.6MB / 19.3MB,12.9MB / 194MB
2026-04-04 17:44:06,pos,f5429bdd2fb0,sistemas-distribuidos-zookeeper-1,0.26%,157.7MiB / 7.654GiB,2.01%,436kB / 434kB,47.8MB / 430kB
2026-04-04 17:44:06,pos,86aa92827ac9,sistemas-distribuidos-otel-1,2.58%,974.3MiB / 7.654GiB,12.43%,259MB / 1.18MB,488MB / 476MB
2026-04-04 17:44:10,pos,510b28b5e515,sistemas-distribuidos-crm-1,2.73%,68.78MiB / 7.654GiB,0.88%,34.2MB / 58.8MB,3.47MB / 401kB
2026-04-04 17:44:10,pos,ff3bf187a9b9,sistemas-distribuidos-delivery-1,1.62%,69.11MiB / 7.654GiB,0.88%,40.3MB / 62.4MB,4.65MB / 401kB
2026-04-04 17:44:10,pos,ecbfb6f4687b,sistemas-distribuidos-payments-1,1.64%,69.18MiB / 7.654GiB,0.88%,38.5MB / 61.6MB,6.24MB / 401kB
2026-04-04 17:44:10,pos,ee13bc4e589c,sistemas-distribuidos-accounts-1,1.37%,70.13MiB / 7.654GiB,0.89%,34.6MB / 61.9MB,14.9MB / 406kB
2026-04-04 17:44:10,pos,a117783aa7c8,sistemas-distribuidos-middleware-1,0.94%,79.3MiB / 7.654GiB,1.01%,435MB / 410MB,201kB / 786kB
2026-04-04 17:44:10,pos,088ebce9e27e,kafka-ui,16.27%,551.4MiB / 7.654GiB,7.04%,5.35MB / 26.6MB,92MB / 3.13MB
2026-04-04 17:44:10,pos,ee37a20584eb,sistemas-distribuidos-kafka-1,13.27%,696.3MiB / 7.654GiB,8.88%,167MB / 199MB,70.2MB / 59.2MB
2026-04-04 17:44:10,pos,b1267530f40d,sistemas-distribuidos-crm_db-1,0.00%,27.72MiB / 7.654GiB,0.35%,17.7MB / 14.1MB,8.73MB / 190MB
2026-04-04 17:44:10,pos,f1f8000a605f,sistemas-distribuidos-middleware_db-1,0.00%,67.09MiB / 7.654GiB,0.86%,259MB / 413MB,15.4MB / 883MB
2026-04-04 17:44:10,pos,ff53aa714b0f,sistemas-distribuidos-accounts_db-1,0.05%,52.42MiB / 7.654GiB,0.67%,17.8MB / 13.5MB,5.3MB / 195MB
2026-04-04 17:44:10,pos,489d7ba9a64c,sistemas-distribuidos-delivery_db-1,0.03%,30.06MiB / 7.654GiB,0.38%,25.1MB / 21.6MB,10.1MB / 196MB
2026-04-04 17:44:10,pos,a32314d4dd03,sistemas-distribuidos-payments_db-1,0.01%,31.49MiB / 7.654GiB,0.40%,22.6MB / 19.3MB,12.9MB / 194MB
2026-04-04 17:44:10,pos,f5429bdd2fb0,sistemas-distribuidos-zookeeper-1,1.87%,157.7MiB / 7.654GiB,2.01%,437kB / 435kB,47.8MB / 430kB
2026-04-04 17:44:10,pos,86aa92827ac9,sistemas-distribuidos-otel-1,5.01%,974.3MiB / 7.654GiB,12.43%,259MB / 1.18MB,488MB / 476MB
2026-04-04 17:44:13,pos,510b28b5e515,sistemas-distribuidos-crm-1,2.60%,68.79MiB / 7.654GiB,0.88%,34.2MB / 58.8MB,3.47MB / 401kB
2026-04-04 17:44:13,pos,ff3bf187a9b9,sistemas-distribuidos-delivery-1,3.21%,69.12MiB / 7.654GiB,0.88%,40.3MB / 62.4MB,4.65MB / 401kB
2026-04-04 17:44:13,pos,ecbfb6f4687b,sistemas-distribuidos-payments-1,2.48%,69.18MiB / 7.654GiB,0.88%,38.5MB / 61.6MB,6.24MB / 401kB
2026-04-04 17:44:13,pos,ee13bc4e589c,sistemas-distribuidos-accounts-1,2.81%,70.38MiB / 7.654GiB,0.90%,34.6MB / 61.9MB,14.9MB / 406kB
2026-04-04 17:44:13,pos,a117783aa7c8,sistemas-distribuidos-middleware-1,1.62%,79.3MiB / 7.654GiB,1.01%,435MB / 410MB,201kB / 786kB
2026-04-04 17:44:13,pos,088ebce9e27e,kafka-ui,0.17%,551.4MiB / 7.654GiB,7.04%,5.35MB / 26.6MB,92MB / 3.15MB
2026-04-04 17:44:13,pos,ee37a20584eb,sistemas-distribuidos-kafka-1,7.09%,696.3MiB / 7.654GiB,8.88%,167MB / 199MB,70.2MB / 59.2MB
2026-04-04 17:44:13,pos,b1267530f40d,sistemas-distribuidos-crm_db-1,0.15%,27.72MiB / 7.654GiB,0.35%,17.7MB / 14.1MB,8.73MB / 190MB
2026-04-04 17:44:13,pos,f1f8000a605f,sistemas-distribuidos-middleware_db-1,0.13%,67.36MiB / 7.654GiB,0.86%,259MB / 413MB,15.4MB / 883MB
2026-04-04 17:44:13,pos,ff53aa714b0f,sistemas-distribuidos-accounts_db-1,0.00%,52.41MiB / 7.654GiB,0.67%,17.8MB / 13.5MB,5.3MB / 195MB
2026-04-04 17:44:13,pos,489d7ba9a64c,sistemas-distribuidos-delivery_db-1,0.00%,30.05MiB / 7.654GiB,0.38%,25.1MB / 21.6MB,10.1MB / 196MB
2026-04-04 17:44:13,pos,a32314d4dd03,sistemas-distribuidos-payments_db-1,0.08%,31.49MiB / 7.654GiB,0.40%,22.6MB / 19.3MB,12.9MB / 194MB
2026-04-04 17:44:13,pos,f5429bdd2fb0,sistemas-distribuidos-zookeeper-1,0.24%,157.7MiB / 7.654GiB,2.01%,437kB / 435kB,47.8MB / 430kB
2026-04-04 17:44:13,pos,86aa92827ac9,sistemas-distribuidos-otel-1,2.99%,974.3MiB / 7.654GiB,12.43%,259MB / 1.18MB,488MB / 476MB
2026-04-04 17:44:17,pos,510b28b5e515,sistemas-distribuidos-crm-1,7.52%,68.78MiB / 7.654GiB,0.88%,34.2MB / 58.8MB,3.47MB / 401kB
2026-04-04 17:44:17,pos,ff3bf187a9b9,sistemas-distribuidos-delivery-1,9.20%,69.11MiB / 7.654GiB,0.88%,40.3MB / 62.4MB,4.65MB / 401kB
2026-04-04 17:44:17,pos,ecbfb6f4687b,sistemas-distribuidos-payments-1,2.82%,69.18MiB / 7.654GiB,0.88%,38.5MB / 61.6MB,6.24MB / 401kB
2026-04-04 17:44:17,pos,ee13bc4e589c,sistemas-distribuidos-accounts-1,4.75%,70.13MiB / 7.654GiB,0.89%,34.6MB / 61.9MB,14.9MB / 406kB
2026-04-04 17:44:17,pos,a117783aa7c8,sistemas-distribuidos-middleware-1,2.67%,79.3MiB / 7.654GiB,1.01%,435MB / 410MB,201kB / 786kB
2026-04-04 17:44:17,pos,088ebce9e27e,kafka-ui,0.25%,551.4MiB / 7.654GiB,7.04%,5.35MB / 26.6MB,92MB / 3.15MB
2026-04-04 17:44:17,pos,ee37a20584eb,sistemas-distribuidos-kafka-1,21.00%,696.3MiB / 7.654GiB,8.88%,167MB / 199MB,70.2MB / 59.2MB
2026-04-04 17:44:17,pos,b1267530f40d,sistemas-distribuidos-crm_db-1,0.24%,27.72MiB / 7.654GiB,0.35%,17.7MB / 14.1MB,8.73MB / 190MB
2026-04-04 17:44:17,pos,f1f8000a605f,sistemas-distribuidos-middleware_db-1,0.00%,67.36MiB / 7.654GiB,0.86%,259MB / 413MB,15.4MB / 883MB
2026-04-04 17:44:17,pos,ff53aa714b0f,sistemas-distribuidos-accounts_db-1,0.15%,52.41MiB / 7.654GiB,0.67%,17.8MB / 13.5MB,5.3MB / 195MB
2026-04-04 17:44:17,pos,489d7ba9a64c,sistemas-distribuidos-delivery_db-1,0.00%,30.05MiB / 7.654GiB,0.38%,25.1MB / 21.6MB,10.1MB / 196MB
2026-04-04 17:44:17,pos,a32314d4dd03,sistemas-distribuidos-payments_db-1,0.00%,31.49MiB / 7.654GiB,0.40%,22.6MB / 19.3MB,12.9MB / 194MB
2026-04-04 17:44:17,pos,f5429bdd2fb0,sistemas-distribuidos-zookeeper-1,1.04%,157.7MiB / 7.654GiB,2.01%,437kB / 435kB,47.8MB / 430kB
2026-04-04 17:44:17,pos,86aa92827ac9,sistemas-distribuidos-otel-1,12.00%,975MiB / 7.654GiB,12.44%,259MB / 1.18MB,488MB / 476MB
2026-04-04 17:44:22,pos,510b28b5e515,sistemas-distribuidos-crm-1,2.08%,68.78MiB / 7.654GiB,0.88%,34.2MB / 58.9MB,3.47MB / 401kB
2026-04-04 17:44:22,pos,ff3bf187a9b9,sistemas-distribuidos-delivery-1,1.38%,69.11MiB / 7.654GiB,0.88%,40.4MB / 62.4MB,4.65MB / 401kB
2026-04-04 17:44:22,pos,ecbfb6f4687b,sistemas-distribuidos-payments-1,1.55%,69.18MiB / 7.654GiB,0.88%,38.6MB / 61.6MB,6.24MB / 401kB
2026-04-04 17:44:22,pos,ee13bc4e589c,sistemas-distribuidos-accounts-1,1.35%,70.13MiB / 7.654GiB,0.89%,34.6MB / 61.9MB,14.9MB / 406kB
2026-04-04 17:44:22,pos,a117783aa7c8,sistemas-distribuidos-middleware-1,1.05%,79.3MiB / 7.654GiB,1.01%,435MB / 410MB,201kB / 786kB
2026-04-04 17:44:22,pos,088ebce9e27e,kafka-ui,0.10%,551.4MiB / 7.654GiB,7.04%,5.35MB / 26.6MB,92MB / 3.15MB
2026-04-04 17:44:22,pos,ee37a20584eb,sistemas-distribuidos-kafka-1,4.35%,696.2MiB / 7.654GiB,8.88%,167MB / 200MB,70.2MB / 59.2MB
2026-04-04 17:44:22,pos,b1267530f40d,sistemas-distribuidos-crm_db-1,0.00%,27.72MiB / 7.654GiB,0.35%,17.7MB / 14.1MB,8.73MB / 190MB
2026-04-04 17:44:22,pos,f1f8000a605f,sistemas-distribuidos-middleware_db-1,0.00%,67.36MiB / 7.654GiB,0.86%,259MB / 413MB,15.4MB / 883MB
2026-04-04 17:44:22,pos,ff53aa714b0f,sistemas-distribuidos-accounts_db-1,0.00%,52.41MiB / 7.654GiB,0.67%,17.8MB / 13.5MB,5.3MB / 195MB
2026-04-04 17:44:22,pos,489d7ba9a64c,sistemas-distribuidos-delivery_db-1,0.13%,30.06MiB / 7.654GiB,0.38%,25.1MB / 21.6MB,10.1MB / 196MB
2026-04-04 17:44:22,pos,a32314d4dd03,sistemas-distribuidos-payments_db-1,0.00%,31.49MiB / 7.654GiB,0.40%,22.6MB / 19.3MB,12.9MB / 194MB
2026-04-04 17:44:22,pos,f5429bdd2fb0,sistemas-distribuidos-zookeeper-1,0.65%,157.7MiB / 7.654GiB,2.01%,438kB / 436kB,47.8MB / 430kB
2026-04-04 17:44:22,pos,86aa92827ac9,sistemas-distribuidos-otel-1,3.95%,974.8MiB / 7.654GiB,12.44%,259MB / 1.18MB,488MB / 476MB
2026-04-04 17:44:25,pos,510b28b5e515,sistemas-distribuidos-crm-1,4.67%,68.78MiB / 7.654GiB,0.88%,34.3MB / 58.9MB,3.47MB / 401kB
2026-04-04 17:44:25,pos,ff3bf187a9b9,sistemas-distribuidos-delivery-1,2.39%,69.11MiB / 7.654GiB,0.88%,40.4MB / 62.5MB,4.65MB / 401kB
2026-04-04 17:44:25,pos,ecbfb6f4687b,sistemas-distribuidos-payments-1,3.43%,69.18MiB / 7.654GiB,0.88%,38.6MB / 61.7MB,6.24MB / 401kB
2026-04-04 17:44:25,pos,ee13bc4e589c,sistemas-distribuidos-accounts-1,2.46%,70.14MiB / 7.654GiB,0.89%,34.6MB / 61.9MB,14.9MB / 406kB
2026-04-04 17:44:25,pos,a117783aa7c8,sistemas-distribuidos-middleware-1,2.00%,79.3MiB / 7.654GiB,1.01%,435MB / 410MB,201kB / 786kB
2026-04-04 17:44:25,pos,088ebce9e27e,kafka-ui,0.16%,551.4MiB / 7.654GiB,7.04%,5.35MB / 26.6MB,92MB / 3.15MB
2026-04-04 17:44:25,pos,ee37a20584eb,sistemas-distribuidos-kafka-1,13.41%,696.2MiB / 7.654GiB,8.88%,167MB / 200MB,70.2MB / 59.2MB
2026-04-04 17:44:25,pos,b1267530f40d,sistemas-distribuidos-crm_db-1,0.00%,27.72MiB / 7.654GiB,0.35%,17.7MB / 14.1MB,8.73MB / 190MB
2026-04-04 17:44:25,pos,f1f8000a605f,sistemas-distribuidos-middleware_db-1,0.00%,67.36MiB / 7.654GiB,0.86%,259MB / 413MB,15.4MB / 883MB
2026-04-04 17:44:25,pos,ff53aa714b0f,sistemas-distribuidos-accounts_db-1,0.00%,52.41MiB / 7.654GiB,0.67%,17.8MB / 13.5MB,5.3MB / 195MB
2026-04-04 17:44:25,pos,489d7ba9a64c,sistemas-distribuidos-delivery_db-1,0.08%,30.06MiB / 7.654GiB,0.38%,25.1MB / 21.6MB,10.1MB / 196MB
2026-04-04 17:44:25,pos,a32314d4dd03,sistemas-distribuidos-payments_db-1,0.00%,31.49MiB / 7.654GiB,0.40%,22.6MB / 19.3MB,12.9MB / 194MB
2026-04-04 17:44:25,pos,f5429bdd2fb0,sistemas-distribuidos-zookeeper-1,2.18%,157.7MiB / 7.654GiB,2.01%,438kB / 436kB,47.8MB / 430kB
2026-04-04 17:44:25,pos,86aa92827ac9,sistemas-distribuidos-otel-1,3.22%,974.3MiB / 7.654GiB,12.43%,259MB / 1.18MB,488MB / 476MB
2026-04-04 17:44:29,pos,510b28b5e515,sistemas-distribuidos-crm-1,2.62%,68.78MiB / 7.654GiB,0.88%,34.3MB / 58.9MB,3.47MB / 401kB
2026-04-04 17:44:29,pos,ff3bf187a9b9,sistemas-distribuidos-delivery-1,1.84%,69.11MiB / 7.654GiB,0.88%,40.4MB / 62.5MB,4.65MB / 401kB
2026-04-04 17:44:29,pos,ecbfb6f4687b,sistemas-distribuidos-payments-1,2.12%,69.18MiB / 7.654GiB,0.88%,38.6MB / 61.7MB,6.24MB / 401kB
2026-04-04 17:44:29,pos,ee13bc4e589c,sistemas-distribuidos-accounts-1,1.87%,70.13MiB / 7.654GiB,0.89%,34.6MB / 61.9MB,14.9MB / 406kB
2026-04-04 17:44:29,pos,a117783aa7c8,sistemas-distribuidos-middleware-1,1.81%,79.3MiB / 7.654GiB,1.01%,435MB / 410MB,201kB / 786kB
2026-04-04 17:44:29,pos,088ebce9e27e,kafka-ui,0.17%,551.4MiB / 7.654GiB,7.04%,5.35MB / 26.6MB,92MB / 3.15MB
2026-04-04 17:44:29,pos,ee37a20584eb,sistemas-distribuidos-kafka-1,5.18%,696.3MiB / 7.654GiB,8.88%,167MB / 200MB,70.2MB / 59.2MB
2026-04-04 17:44:29,pos,b1267530f40d,sistemas-distribuidos-crm_db-1,0.06%,27.72MiB / 7.654GiB,0.35%,17.7MB / 14.1MB,8.73MB / 190MB
2026-04-04 17:44:29,pos,f1f8000a605f,sistemas-distribuidos-middleware_db-1,0.00%,67.37MiB / 7.654GiB,0.86%,259MB / 413MB,15.4MB / 883MB
2026-04-04 17:44:29,pos,ff53aa714b0f,sistemas-distribuidos-accounts_db-1,0.00%,52.41MiB / 7.654GiB,0.67%,17.8MB / 13.5MB,5.3MB / 195MB
2026-04-04 17:44:29,pos,489d7ba9a64c,sistemas-distribuidos-delivery_db-1,0.05%,30.06MiB / 7.654GiB,0.38%,25.1MB / 21.6MB,10.1MB / 196MB
2026-04-04 17:44:29,pos,a32314d4dd03,sistemas-distribuidos-payments_db-1,0.08%,31.49MiB / 7.654GiB,0.40%,22.6MB / 19.3MB,12.9MB / 194MB
2026-04-04 17:44:29,pos,f5429bdd2fb0,sistemas-distribuidos-zookeeper-1,1.66%,157.7MiB / 7.654GiB,2.01%,438kB / 436kB,47.8MB / 430kB
2026-04-04 17:44:29,pos,86aa92827ac9,sistemas-distribuidos-otel-1,13.62%,974.3MiB / 7.654GiB,12.43%,259MB / 1.18MB,488MB / 476MB
2026-04-04 17:44:33,pos,510b28b5e515,sistemas-distribuidos-crm-1,3.14%,68.78MiB / 7.654GiB,0.88%,34.3MB / 58.9MB,3.47MB / 401kB
2026-04-04 17:44:33,pos,ff3bf187a9b9,sistemas-distribuidos-delivery-1,2.25%,69.11MiB / 7.654GiB,0.88%,40.4MB / 62.5MB,4.65MB / 401kB
2026-04-04 17:44:33,pos,ecbfb6f4687b,sistemas-distribuidos-payments-1,2.28%,69.18MiB / 7.654GiB,0.88%,38.6MB / 61.7MB,6.24MB / 401kB
2026-04-04 17:44:33,pos,ee13bc4e589c,sistemas-distribuidos-accounts-1,2.35%,70.13MiB / 7.654GiB,0.89%,34.6MB / 61.9MB,14.9MB / 406kB
2026-04-04 17:44:33,pos,a117783aa7c8,sistemas-distribuidos-middleware-1,1.67%,79.3MiB / 7.654GiB,1.01%,435MB / 410MB,201kB / 786kB
2026-04-04 17:44:33,pos,088ebce9e27e,kafka-ui,0.15%,551.4MiB / 7.654GiB,7.04%,5.35MB / 26.6MB,92MB / 3.15MB
2026-04-04 17:44:33,pos,ee37a20584eb,sistemas-distribuidos-kafka-1,7.04%,696.3MiB / 7.654GiB,8.88%,167MB / 200MB,70.2MB / 59.2MB
2026-04-04 17:44:33,pos,b1267530f40d,sistemas-distribuidos-crm_db-1,0.00%,27.72MiB / 7.654GiB,0.35%,17.7MB / 14.1MB,8.73MB / 190MB
2026-04-04 17:44:33,pos,f1f8000a605f,sistemas-distribuidos-middleware_db-1,0.00%,67.36MiB / 7.654GiB,0.86%,259MB / 413MB,15.4MB / 883MB
2026-04-04 17:44:33,pos,ff53aa714b0f,sistemas-distribuidos-accounts_db-1,0.00%,52.41MiB / 7.654GiB,0.67%,17.8MB / 13.5MB,5.3MB / 195MB
2026-04-04 17:44:33,pos,489d7ba9a64c,sistemas-distribuidos-delivery_db-1,0.00%,30.05MiB / 7.654GiB,0.38%,25.1MB / 21.6MB,10.1MB / 196MB
2026-04-04 17:44:33,pos,a32314d4dd03,sistemas-distribuidos-payments_db-1,0.00%,31.49MiB / 7.654GiB,0.40%,22.6MB / 19.3MB,12.9MB / 194MB
2026-04-04 17:44:33,pos,f5429bdd2fb0,sistemas-distribuidos-zookeeper-1,0.49%,157.7MiB / 7.654GiB,2.01%,438kB / 436kB,47.8MB / 430kB
2026-04-04 17:44:33,pos,86aa92827ac9,sistemas-distribuidos-otel-1,5.16%,974.3MiB / 7.654GiB,12.43%,259MB / 1.18MB,488MB / 476MB
2026-04-04 17:44:36,pos,510b28b5e515,sistemas-distribuidos-crm-1,3.89%,68.78MiB / 7.654GiB,0.88%,34.3MB / 58.9MB,3.47MB / 401kB
2026-04-04 17:44:36,pos,ff3bf187a9b9,sistemas-distribuidos-delivery-1,3.37%,69.11MiB / 7.654GiB,0.88%,40.4MB / 62.5MB,4.65MB / 401kB
2026-04-04 17:44:36,pos,ecbfb6f4687b,sistemas-distribuidos-payments-1,2.60%,69.18MiB / 7.654GiB,0.88%,38.6MB / 61.7MB,6.24MB / 401kB
2026-04-04 17:44:36,pos,ee13bc4e589c,sistemas-distribuidos-accounts-1,3.09%,70.13MiB / 7.654GiB,0.89%,34.7MB / 62MB,14.9MB / 406kB
2026-04-04 17:44:36,pos,a117783aa7c8,sistemas-distribuidos-middleware-1,1.16%,79.3MiB / 7.654GiB,1.01%,435MB / 410MB,201kB / 786kB
2026-04-04 17:44:36,pos,088ebce9e27e,kafka-ui,0.17%,551.4MiB / 7.654GiB,7.04%,5.35MB / 26.6MB,92MB / 3.15MB
2026-04-04 17:44:36,pos,ee37a20584eb,sistemas-distribuidos-kafka-1,7.57%,696.3MiB / 7.654GiB,8.88%,167MB / 200MB,70.2MB / 59.2MB
2026-04-04 17:44:36,pos,b1267530f40d,sistemas-distribuidos-crm_db-1,0.00%,27.72MiB / 7.654GiB,0.35%,17.7MB / 14.1MB,8.73MB / 190MB
2026-04-04 17:44:36,pos,f1f8000a605f,sistemas-distribuidos-middleware_db-1,0.00%,67.36MiB / 7.654GiB,0.86%,259MB / 413MB,15.4MB / 883MB
2026-04-04 17:44:36,pos,ff53aa714b0f,sistemas-distribuidos-accounts_db-1,0.00%,52.41MiB / 7.654GiB,0.67%,17.8MB / 13.5MB,5.3MB / 195MB
2026-04-04 17:44:36,pos,489d7ba9a64c,sistemas-distribuidos-delivery_db-1,0.00%,30.05MiB / 7.654GiB,0.38%,25.1MB / 21.6MB,10.1MB / 196MB
2026-04-04 17:44:36,pos,a32314d4dd03,sistemas-distribuidos-payments_db-1,0.00%,31.49MiB / 7.654GiB,0.40%,22.6MB / 19.3MB,12.9MB / 194MB
2026-04-04 17:44:36,pos,f5429bdd2fb0,sistemas-distribuidos-zookeeper-1,0.22%,157.7MiB / 7.654GiB,2.01%,438kB / 436kB,47.8MB / 430kB
2026-04-04 17:44:36,pos,86aa92827ac9,sistemas-distribuidos-otel-1,3.50%,973.1MiB / 7.654GiB,12.42%,259MB / 1.18MB,488MB / 476MB
2026-04-04 17:44:40,pos,510b28b5e515,sistemas-distribuidos-crm-1,2.85%,68.78MiB / 7.654GiB,0.88%,34.3MB / 58.9MB,3.47MB / 401kB
2026-04-04 17:44:40,pos,ff3bf187a9b9,sistemas-distribuidos-delivery-1,2.36%,69.11MiB / 7.654GiB,0.88%,40.4MB / 62.5MB,4.65MB / 401kB
2026-04-04 17:44:40,pos,ecbfb6f4687b,sistemas-distribuidos-payments-1,2.26%,69.18MiB / 7.654GiB,0.88%,38.6MB / 61.7MB,6.24MB / 401kB
2026-04-04 17:44:40,pos,ee13bc4e589c,sistemas-distribuidos-accounts-1,2.01%,70.13MiB / 7.654GiB,0.89%,34.7MB / 62MB,14.9MB / 406kB
2026-04-04 17:44:40,pos,a117783aa7c8,sistemas-distribuidos-middleware-1,1.91%,79.3MiB / 7.654GiB,1.01%,435MB / 410MB,201kB / 786kB
2026-04-04 17:44:40,pos,088ebce9e27e,kafka-ui,28.30%,551.1MiB / 7.654GiB,7.03%,5.36MB / 26.6MB,92MB / 3.15MB
2026-04-04 17:44:40,pos,ee37a20584eb,sistemas-distribuidos-kafka-1,23.49%,696.3MiB / 7.654GiB,8.88%,168MB / 200MB,70.2MB / 59.2MB
2026-04-04 17:44:40,pos,b1267530f40d,sistemas-distribuidos-crm_db-1,0.00%,27.72MiB / 7.654GiB,0.35%,17.7MB / 14.1MB,8.73MB / 190MB
2026-04-04 17:44:40,pos,f1f8000a605f,sistemas-distribuidos-middleware_db-1,0.04%,67.37MiB / 7.654GiB,0.86%,259MB / 413MB,15.4MB / 883MB
2026-04-04 17:44:40,pos,ff53aa714b0f,sistemas-distribuidos-accounts_db-1,0.00%,52.41MiB / 7.654GiB,0.67%,17.8MB / 13.5MB,5.3MB / 195MB
2026-04-04 17:44:40,pos,489d7ba9a64c,sistemas-distribuidos-delivery_db-1,0.09%,30.06MiB / 7.654GiB,0.38%,25.1MB / 21.6MB,10.1MB / 196MB
2026-04-04 17:44:40,pos,a32314d4dd03,sistemas-distribuidos-payments_db-1,0.04%,31.49MiB / 7.654GiB,0.40%,22.6MB / 19.3MB,12.9MB / 194MB
2026-04-04 17:44:40,pos,f5429bdd2fb0,sistemas-distribuidos-zookeeper-1,2.35%,157.7MiB / 7.654GiB,2.01%,439kB / 437kB,47.8MB / 430kB
2026-04-04 17:44:40,pos,86aa92827ac9,sistemas-distribuidos-otel-1,8.03%,973.2MiB / 7.654GiB,12.42%,259MB / 1.18MB,488MB / 476MB
2026-04-04 17:44:43,pos,510b28b5e515,sistemas-distribuidos-crm-1,2.89%,68.78MiB / 7.654GiB,0.88%,34.3MB / 58.9MB,3.47MB / 401kB
2026-04-04 17:44:43,pos,ff3bf187a9b9,sistemas-distribuidos-delivery-1,4.34%,69.11MiB / 7.654GiB,0.88%,40.4MB / 62.5MB,4.65MB / 401kB
2026-04-04 17:44:43,pos,ecbfb6f4687b,sistemas-distribuidos-payments-1,2.92%,69.18MiB / 7.654GiB,0.88%,38.6MB / 61.7MB,6.24MB / 401kB
2026-04-04 17:44:43,pos,ee13bc4e589c,sistemas-distribuidos-accounts-1,3.14%,70.13MiB / 7.654GiB,0.89%,34.7MB / 62MB,14.9MB / 406kB
2026-04-04 17:44:43,pos,a117783aa7c8,sistemas-distribuidos-middleware-1,0.93%,79.3MiB / 7.654GiB,1.01%,435MB / 410MB,201kB / 786kB
2026-04-04 17:44:43,pos,088ebce9e27e,kafka-ui,0.55%,551.1MiB / 7.654GiB,7.03%,5.36MB / 26.6MB,92MB / 3.16MB
2026-04-04 17:44:43,pos,ee37a20584eb,sistemas-distribuidos-kafka-1,9.53%,696.3MiB / 7.654GiB,8.88%,168MB / 200MB,70.2MB / 59.2MB
2026-04-04 17:44:43,pos,b1267530f40d,sistemas-distribuidos-crm_db-1,0.00%,27.72MiB / 7.654GiB,0.35%,17.7MB / 14.1MB,8.73MB / 190MB
2026-04-04 17:44:43,pos,f1f8000a605f,sistemas-distribuidos-middleware_db-1,0.16%,67.36MiB / 7.654GiB,0.86%,259MB / 413MB,15.4MB / 883MB
2026-04-04 17:44:43,pos,ff53aa714b0f,sistemas-distribuidos-accounts_db-1,0.06%,52.41MiB / 7.654GiB,0.67%,17.8MB / 13.5MB,5.3MB / 195MB
2026-04-04 17:44:43,pos,489d7ba9a64c,sistemas-distribuidos-delivery_db-1,0.00%,30.06MiB / 7.654GiB,0.38%,25.1MB / 21.6MB,10.1MB / 196MB
2026-04-04 17:44:43,pos,a32314d4dd03,sistemas-distribuidos-payments_db-1,0.08%,31.49MiB / 7.654GiB,0.40%,22.6MB / 19.3MB,12.9MB / 194MB
2026-04-04 17:44:43,pos,f5429bdd2fb0,sistemas-distribuidos-zookeeper-1,0.49%,157.7MiB / 7.654GiB,2.01%,439kB / 437kB,47.8MB / 430kB
2026-04-04 17:44:43,pos,86aa92827ac9,sistemas-distribuidos-otel-1,13.22%,973.4MiB / 7.654GiB,12.42%,259MB / 1.18MB,488MB / 476MB
2026-04-04 17:44:47,pos,510b28b5e515,sistemas-distribuidos-crm-1,2.14%,68.78MiB / 7.654GiB,0.88%,34.3MB / 58.9MB,3.47MB / 401kB
2026-04-04 17:44:47,pos,ff3bf187a9b9,sistemas-distribuidos-delivery-1,2.18%,69.12MiB / 7.654GiB,0.88%,40.5MB / 62.5MB,4.65MB / 401kB
2026-04-04 17:44:47,pos,ecbfb6f4687b,sistemas-distribuidos-payments-1,2.38%,69.18MiB / 7.654GiB,0.88%,38.7MB / 61.7MB,6.24MB / 401kB
2026-04-04 17:44:47,pos,ee13bc4e589c,sistemas-distribuidos-accounts-1,2.32%,70.13MiB / 7.654GiB,0.89%,34.7MB / 62MB,14.9MB / 406kB
2026-04-04 17:44:47,pos,a117783aa7c8,sistemas-distribuidos-middleware-1,0.94%,79.3MiB / 7.654GiB,1.01%,435MB / 410MB,201kB / 786kB
2026-04-04 17:44:47,pos,088ebce9e27e,kafka-ui,0.86%,551.1MiB / 7.654GiB,7.03%,5.36MB / 26.6MB,92MB / 3.16MB
2026-04-04 17:44:47,pos,ee37a20584eb,sistemas-distribuidos-kafka-1,5.28%,696.3MiB / 7.654GiB,8.88%,168MB / 200MB,70.2MB / 59.2MB
2026-04-04 17:44:47,pos,b1267530f40d,sistemas-distribuidos-crm_db-1,0.05%,27.72MiB / 7.654GiB,0.35%,17.7MB / 14.1MB,8.73MB / 190MB
2026-04-04 17:44:47,pos,f1f8000a605f,sistemas-distribuidos-middleware_db-1,0.00%,67.36MiB / 7.654GiB,0.86%,259MB / 413MB,15.4MB / 883MB
2026-04-04 17:44:47,pos,ff53aa714b0f,sistemas-distribuidos-accounts_db-1,0.07%,52.41MiB / 7.654GiB,0.67%,17.8MB / 13.5MB,5.3MB / 195MB
2026-04-04 17:44:47,pos,489d7ba9a64c,sistemas-distribuidos-delivery_db-1,0.00%,30.05MiB / 7.654GiB,0.38%,25.1MB / 21.6MB,10.1MB / 196MB
2026-04-04 17:44:47,pos,a32314d4dd03,sistemas-distribuidos-payments_db-1,0.00%,31.49MiB / 7.654GiB,0.40%,22.6MB / 19.3MB,12.9MB / 194MB
2026-04-04 17:44:47,pos,f5429bdd2fb0,sistemas-distribuidos-zookeeper-1,0.19%,157.7MiB / 7.654GiB,2.01%,439kB / 437kB,47.8MB / 430kB
2026-04-04 17:44:47,pos,86aa92827ac9,sistemas-distribuidos-otel-1,11.75%,973.2MiB / 7.654GiB,12.42%,259MB / 1.18MB,488MB / 476MB
2026-04-04 17:44:51,pos,510b28b5e515,sistemas-distribuidos-crm-1,9.40%,68.78MiB / 7.654GiB,0.88%,34.4MB / 59MB,3.47MB / 401kB
2026-04-04 17:44:51,pos,ff3bf187a9b9,sistemas-distribuidos-delivery-1,9.52%,69.12MiB / 7.654GiB,0.88%,40.5MB / 62.5MB,4.65MB / 401kB
2026-04-04 17:44:51,pos,ecbfb6f4687b,sistemas-distribuidos-payments-1,3.61%,69.18MiB / 7.654GiB,0.88%,38.7MB / 61.7MB,6.24MB / 401kB
2026-04-04 17:44:51,pos,ee13bc4e589c,sistemas-distribuidos-accounts-1,6.06%,70.13MiB / 7.654GiB,0.89%,34.7MB / 62MB,14.9MB / 406kB
2026-04-04 17:44:51,pos,a117783aa7c8,sistemas-distribuidos-middleware-1,2.27%,79.3MiB / 7.654GiB,1.01%,435MB / 410MB,201kB / 786kB
2026-04-04 17:44:51,pos,088ebce9e27e,kafka-ui,0.35%,551.1MiB / 7.654GiB,7.03%,5.36MB / 26.6MB,92MB / 3.16MB
2026-04-04 17:44:51,pos,ee37a20584eb,sistemas-distribuidos-kafka-1,14.83%,696.3MiB / 7.654GiB,8.88%,168MB / 200MB,70.2MB / 59.2MB
2026-04-04 17:44:51,pos,b1267530f40d,sistemas-distribuidos-crm_db-1,0.00%,27.72MiB / 7.654GiB,0.35%,17.7MB / 14.1MB,8.73MB / 190MB
2026-04-04 17:44:51,pos,f1f8000a605f,sistemas-distribuidos-middleware_db-1,0.00%,67.37MiB / 7.654GiB,0.86%,259MB / 413MB,15.4MB / 883MB
2026-04-04 17:44:51,pos,ff53aa714b0f,sistemas-distribuidos-accounts_db-1,0.00%,52.41MiB / 7.654GiB,0.67%,17.8MB / 13.5MB,5.3MB / 195MB
2026-04-04 17:44:51,pos,489d7ba9a64c,sistemas-distribuidos-delivery_db-1,0.07%,30.06MiB / 7.654GiB,0.38%,25.1MB / 21.6MB,10.1MB / 196MB
2026-04-04 17:44:51,pos,a32314d4dd03,sistemas-distribuidos-payments_db-1,0.01%,31.49MiB / 7.654GiB,0.40%,22.6MB / 19.3MB,12.9MB / 194MB
2026-04-04 17:44:51,pos,f5429bdd2fb0,sistemas-distribuidos-zookeeper-1,0.60%,157.7MiB / 7.654GiB,2.01%,439kB / 437kB,47.8MB / 430kB
2026-04-04 17:44:51,pos,86aa92827ac9,sistemas-distribuidos-otel-1,14.58%,973.4MiB / 7.654GiB,12.42%,259MB / 1.18MB,488MB / 476MB
2026-04-04 17:44:54,pos,510b28b5e515,sistemas-distribuidos-crm-1,5.35%,68.78MiB / 7.654GiB,0.88%,34.4MB / 59MB,3.47MB / 401kB
2026-04-04 17:44:54,pos,ff3bf187a9b9,sistemas-distribuidos-delivery-1,2.22%,69.12MiB / 7.654GiB,0.88%,40.5MB / 62.6MB,4.65MB / 401kB
2026-04-04 17:44:54,pos,ecbfb6f4687b,sistemas-distribuidos-payments-1,5.26%,69.18MiB / 7.654GiB,0.88%,38.7MB / 61.8MB,6.24MB / 401kB
2026-04-04 17:44:54,pos,ee13bc4e589c,sistemas-distribuidos-accounts-1,4.88%,70.39MiB / 7.654GiB,0.90%,34.7MB / 62MB,14.9MB / 406kB
2026-04-04 17:44:54,pos,a117783aa7c8,sistemas-distribuidos-middleware-1,3.63%,79.3MiB / 7.654GiB,1.01%,435MB / 410MB,201kB / 786kB
2026-04-04 17:44:54,pos,088ebce9e27e,kafka-ui,0.19%,551.1MiB / 7.654GiB,7.03%,5.36MB / 26.6MB,92MB / 3.16MB
2026-04-04 17:44:54,pos,ee37a20584eb,sistemas-distribuidos-kafka-1,18.56%,696.3MiB / 7.654GiB,8.88%,168MB / 200MB,70.2MB / 59.3MB
2026-04-04 17:44:54,pos,b1267530f40d,sistemas-distribuidos-crm_db-1,5.36%,27.74MiB / 7.654GiB,0.35%,17.7MB / 14.1MB,8.73MB / 190MB
2026-04-04 17:44:54,pos,f1f8000a605f,sistemas-distribuidos-middleware_db-1,0.00%,67.36MiB / 7.654GiB,0.86%,259MB / 413MB,15.4MB / 883MB
2026-04-04 17:44:54,pos,ff53aa714b0f,sistemas-distribuidos-accounts_db-1,0.01%,52.41MiB / 7.654GiB,0.67%,17.8MB / 13.5MB,5.3MB / 195MB
2026-04-04 17:44:54,pos,489d7ba9a64c,sistemas-distribuidos-delivery_db-1,0.34%,30.05MiB / 7.654GiB,0.38%,25.1MB / 21.6MB,10.1MB / 196MB
2026-04-04 17:44:54,pos,a32314d4dd03,sistemas-distribuidos-payments_db-1,12.29%,31.75MiB / 7.654GiB,0.41%,22.6MB / 19.3MB,12.9MB / 194MB
2026-04-04 17:44:54,pos,f5429bdd2fb0,sistemas-distribuidos-zookeeper-1,1.45%,157.7MiB / 7.654GiB,2.01%,439kB / 437kB,47.8MB / 430kB
2026-04-04 17:44:54,pos,86aa92827ac9,sistemas-distribuidos-otel-1,8.24%,973.7MiB / 7.654GiB,12.42%,259MB / 1.18MB,488MB / 476MB
2026-04-04 17:44:58,pos,510b28b5e515,sistemas-distribuidos-crm-1,1.83%,68.78MiB / 7.654GiB,0.88%,34.4MB / 59MB,3.47MB / 401kB
2026-04-04 17:44:58,pos,ff3bf187a9b9,sistemas-distribuidos-delivery-1,2.07%,69.12MiB / 7.654GiB,0.88%,40.5MB / 62.6MB,4.65MB / 401kB
2026-04-04 17:44:58,pos,ecbfb6f4687b,sistemas-distribuidos-payments-1,1.69%,69.18MiB / 7.654GiB,0.88%,38.7MB / 61.8MB,6.24MB / 401kB
2026-04-04 17:44:58,pos,ee13bc4e589c,sistemas-distribuidos-accounts-1,1.78%,70.13MiB / 7.654GiB,0.89%,34.7MB / 62MB,14.9MB / 406kB
2026-04-04 17:44:58,pos,a117783aa7c8,sistemas-distribuidos-middleware-1,0.75%,79.3MiB / 7.654GiB,1.01%,435MB / 410MB,201kB / 786kB
2026-04-04 17:44:58,pos,088ebce9e27e,kafka-ui,0.11%,551.1MiB / 7.654GiB,7.03%,5.36MB / 26.6MB,92MB / 3.16MB
2026-04-04 17:44:58,pos,ee37a20584eb,sistemas-distribuidos-kafka-1,3.40%,696.3MiB / 7.654GiB,8.88%,168MB / 200MB,70.2MB / 59.3MB
2026-04-04 17:44:58,pos,b1267530f40d,sistemas-distribuidos-crm_db-1,0.70%,27.75MiB / 7.654GiB,0.35%,17.7MB / 14.1MB,8.73MB / 191MB
2026-04-04 17:44:58,pos,f1f8000a605f,sistemas-distribuidos-middleware_db-1,0.82%,67.38MiB / 7.654GiB,0.86%,259MB / 413MB,15.4MB / 884MB
2026-04-04 17:44:58,pos,ff53aa714b0f,sistemas-distribuidos-accounts_db-1,1.18%,52.42MiB / 7.654GiB,0.67%,17.8MB / 13.5MB,5.3MB / 195MB
2026-04-04 17:44:58,pos,489d7ba9a64c,sistemas-distribuidos-delivery_db-1,0.87%,30.31MiB / 7.654GiB,0.39%,25.1MB / 21.6MB,10.1MB / 196MB
2026-04-04 17:44:58,pos,a32314d4dd03,sistemas-distribuidos-payments_db-1,0.64%,31.5MiB / 7.654GiB,0.40%,22.6MB / 19.3MB,12.9MB / 195MB
2026-04-04 17:44:58,pos,f5429bdd2fb0,sistemas-distribuidos-zookeeper-1,1.81%,157.7MiB / 7.654GiB,2.01%,439kB / 437kB,47.8MB / 430kB
2026-04-04 17:44:58,pos,86aa92827ac9,sistemas-distribuidos-otel-1,6.14%,973.2MiB / 7.654GiB,12.42%,259MB / 1.18MB,488MB / 476MB
2026-04-04 17:45:02,pos,510b28b5e515,sistemas-distribuidos-crm-1,2.43%,68.78MiB / 7.654GiB,0.88%,34.4MB / 59MB,3.47MB / 401kB
2026-04-04 17:45:02,pos,ff3bf187a9b9,sistemas-distribuidos-delivery-1,2.12%,69.11MiB / 7.654GiB,0.88%,40.5MB / 62.6MB,4.65MB / 401kB
2026-04-04 17:45:02,pos,ecbfb6f4687b,sistemas-distribuidos-payments-1,2.24%,69.18MiB / 7.654GiB,0.88%,38.7MB / 61.8MB,6.24MB / 401kB
2026-04-04 17:45:02,pos,ee13bc4e589c,sistemas-distribuidos-accounts-1,1.75%,70.13MiB / 7.654GiB,0.89%,34.8MB / 62MB,14.9MB / 406kB
2026-04-04 17:45:02,pos,a117783aa7c8,sistemas-distribuidos-middleware-1,0.86%,79.3MiB / 7.654GiB,1.01%,435MB / 410MB,201kB / 786kB
2026-04-04 17:45:02,pos,088ebce9e27e,kafka-ui,0.13%,551.1MiB / 7.654GiB,7.03%,5.36MB / 26.6MB,92MB / 3.16MB
2026-04-04 17:45:02,pos,ee37a20584eb,sistemas-distribuidos-kafka-1,7.59%,696.3MiB / 7.654GiB,8.88%,168MB / 200MB,70.2MB / 59.3MB
2026-04-04 17:45:02,pos,b1267530f40d,sistemas-distribuidos-crm_db-1,1.05%,27.73MiB / 7.654GiB,0.35%,17.7MB / 14.1MB,8.73MB / 191MB
2026-04-04 17:45:02,pos,f1f8000a605f,sistemas-distribuidos-middleware_db-1,0.80%,67.38MiB / 7.654GiB,0.86%,259MB / 413MB,15.4MB / 884MB
2026-04-04 17:45:02,pos,ff53aa714b0f,sistemas-distribuidos-accounts_db-1,1.25%,52.42MiB / 7.654GiB,0.67%,17.8MB / 13.5MB,5.3MB / 195MB
2026-04-04 17:45:02,pos,489d7ba9a64c,sistemas-distribuidos-delivery_db-1,0.55%,30.07MiB / 7.654GiB,0.38%,25.1MB / 21.6MB,10.1MB / 196MB
2026-04-04 17:45:02,pos,a32314d4dd03,sistemas-distribuidos-payments_db-1,0.89%,31.51MiB / 7.654GiB,0.40%,22.6MB / 19.3MB,12.9MB / 195MB
2026-04-04 17:45:02,pos,f5429bdd2fb0,sistemas-distribuidos-zookeeper-1,0.29%,157.7MiB / 7.654GiB,2.01%,439kB / 437kB,47.8MB / 430kB
2026-04-04 17:45:02,pos,86aa92827ac9,sistemas-distribuidos-otel-1,5.25%,973.2MiB / 7.654GiB,12.42%,259MB / 1.18MB,488MB / 476MB
2026-04-04 17:45:05,pos,510b28b5e515,sistemas-distribuidos-crm-1,3.37%,68.78MiB / 7.654GiB,0.88%,34.4MB / 59MB,3.47MB / 401kB
2026-04-04 17:45:05,pos,ff3bf187a9b9,sistemas-distribuidos-delivery-1,2.60%,69.11MiB / 7.654GiB,0.88%,40.5MB / 62.6MB,4.65MB / 401kB
2026-04-04 17:45:05,pos,ecbfb6f4687b,sistemas-distribuidos-payments-1,2.75%,69.18MiB / 7.654GiB,0.88%,38.7MB / 61.8MB,6.24MB / 401kB
2026-04-04 17:45:05,pos,ee13bc4e589c,sistemas-distribuidos-accounts-1,2.61%,70.13MiB / 7.654GiB,0.89%,34.8MB / 62.1MB,14.9MB / 406kB
2026-04-04 17:45:05,pos,a117783aa7c8,sistemas-distribuidos-middleware-1,1.58%,79.3MiB / 7.654GiB,1.01%,435MB / 410MB,201kB / 786kB
2026-04-04 17:45:05,pos,088ebce9e27e,kafka-ui,0.14%,551.1MiB / 7.654GiB,7.03%,5.36MB / 26.6MB,92MB / 3.16MB
2026-04-04 17:45:05,pos,ee37a20584eb,sistemas-distribuidos-kafka-1,13.21%,696.3MiB / 7.654GiB,8.88%,168MB / 200MB,70.2MB / 59.3MB
2026-04-04 17:45:05,pos,b1267530f40d,sistemas-distribuidos-crm_db-1,0.07%,27.73MiB / 7.654GiB,0.35%,17.7MB / 14.1MB,8.73MB / 191MB
2026-04-04 17:45:05,pos,f1f8000a605f,sistemas-distribuidos-middleware_db-1,1.89%,67.64MiB / 7.654GiB,0.86%,259MB / 413MB,15.4MB / 884MB
2026-04-04 17:45:05,pos,ff53aa714b0f,sistemas-distribuidos-accounts_db-1,1.76%,52.43MiB / 7.654GiB,0.67%,17.8MB / 13.5MB,5.3MB / 196MB
2026-04-04 17:45:05,pos,489d7ba9a64c,sistemas-distribuidos-delivery_db-1,1.29%,30.07MiB / 7.654GiB,0.38%,25.1MB / 21.6MB,10.1MB / 197MB
2026-04-04 17:45:05,pos,a32314d4dd03,sistemas-distribuidos-payments_db-1,0.05%,31.49MiB / 7.654GiB,0.40%,22.6MB / 19.3MB,12.9MB / 195MB
2026-04-04 17:45:05,pos,f5429bdd2fb0,sistemas-distribuidos-zookeeper-1,1.42%,157.7MiB / 7.654GiB,2.01%,439kB / 437kB,47.8MB / 430kB
2026-04-04 17:45:05,pos,86aa92827ac9,sistemas-distribuidos-otel-1,5.52%,962.3MiB / 7.654GiB,12.28%,259MB / 1.18MB,488MB / 476MB
2026-04-04 17:45:09,pos,510b28b5e515,sistemas-distribuidos-crm-1,2.18%,68.78MiB / 7.654GiB,0.88%,34.4MB / 59MB,3.47MB / 401kB
2026-04-04 17:45:09,pos,ff3bf187a9b9,sistemas-distribuidos-delivery-1,2.84%,69.11MiB / 7.654GiB,0.88%,40.6MB / 62.6MB,4.65MB / 401kB
2026-04-04 17:45:09,pos,ecbfb6f4687b,sistemas-distribuidos-payments-1,4.54%,69.18MiB / 7.654GiB,0.88%,38.8MB / 61.8MB,6.24MB / 401kB
2026-04-04 17:45:09,pos,ee13bc4e589c,sistemas-distribuidos-accounts-1,3.63%,70.13MiB / 7.654GiB,0.89%,34.8MB / 62.1MB,14.9MB / 406kB
2026-04-04 17:45:09,pos,a117783aa7c8,sistemas-distribuidos-middleware-1,1.88%,79.3MiB / 7.654GiB,1.01%,435MB / 410MB,201kB / 786kB
2026-04-04 17:45:09,pos,088ebce9e27e,kafka-ui,52.97%,551.4MiB / 7.654GiB,7.04%,5.38MB / 26.6MB,92MB / 3.16MB
2026-04-04 17:45:09,pos,ee37a20584eb,sistemas-distribuidos-kafka-1,32.42%,696.3MiB / 7.654GiB,8.88%,168MB / 200MB,70.2MB / 59.3MB
2026-04-04 17:45:09,pos,b1267530f40d,sistemas-distribuidos-crm_db-1,0.44%,27.73MiB / 7.654GiB,0.35%,17.7MB / 14.1MB,8.73MB / 191MB
2026-04-04 17:45:09,pos,f1f8000a605f,sistemas-distribuidos-middleware_db-1,1.15%,67.38MiB / 7.654GiB,0.86%,259MB / 413MB,15.4MB / 885MB
2026-04-04 17:45:09,pos,ff53aa714b0f,sistemas-distribuidos-accounts_db-1,0.05%,52.42MiB / 7.654GiB,0.67%,17.8MB / 13.5MB,5.3MB / 196MB
2026-04-04 17:45:09,pos,489d7ba9a64c,sistemas-distribuidos-delivery_db-1,1.04%,30.07MiB / 7.654GiB,0.38%,25.1MB / 21.6MB,10.1MB / 197MB
2026-04-04 17:45:09,pos,a32314d4dd03,sistemas-distribuidos-payments_db-1,0.07%,31.5MiB / 7.654GiB,0.40%,22.6MB / 19.3MB,12.9MB / 195MB
2026-04-04 17:45:09,pos,f5429bdd2fb0,sistemas-distribuidos-zookeeper-1,4.18%,157.7MiB / 7.654GiB,2.01%,440kB / 438kB,47.8MB / 430kB
2026-04-04 17:45:09,pos,86aa92827ac9,sistemas-distribuidos-otel-1,14.65%,962.3MiB / 7.654GiB,12.28%,259MB / 1.18MB,488MB / 477MB
2026-04-04 17:45:13,pos,510b28b5e515,sistemas-distribuidos-crm-1,3.25%,68.78MiB / 7.654GiB,0.88%,34.4MB / 59MB,3.47MB / 401kB
2026-04-04 17:45:13,pos,ff3bf187a9b9,sistemas-distribuidos-delivery-1,2.78%,69.11MiB / 7.654GiB,0.88%,40.6MB / 62.6MB,4.65MB / 401kB
2026-04-04 17:45:13,pos,ecbfb6f4687b,sistemas-distribuidos-payments-1,2.84%,69.18MiB / 7.654GiB,0.88%,38.8MB / 61.8MB,6.24MB / 401kB
2026-04-04 17:45:13,pos,ee13bc4e589c,sistemas-distribuidos-accounts-1,2.77%,70.13MiB / 7.654GiB,0.89%,34.8MB / 62.1MB,14.9MB / 406kB
2026-04-04 17:45:13,pos,a117783aa7c8,sistemas-distribuidos-middleware-1,1.79%,79.3MiB / 7.654GiB,1.01%,435MB / 410MB,201kB / 786kB
2026-04-04 17:45:13,pos,088ebce9e27e,kafka-ui,0.16%,551.2MiB / 7.654GiB,7.03%,5.38MB / 26.6MB,92MB / 3.17MB
2026-04-04 17:45:13,pos,ee37a20584eb,sistemas-distribuidos-kafka-1,5.72%,696.3MiB / 7.654GiB,8.88%,168MB / 200MB,70.2MB / 59.3MB
2026-04-04 17:45:13,pos,b1267530f40d,sistemas-distribuidos-crm_db-1,0.06%,27.72MiB / 7.654GiB,0.35%,17.7MB / 14.1MB,8.73MB / 191MB
2026-04-04 17:45:13,pos,f1f8000a605f,sistemas-distribuidos-middleware_db-1,0.71%,67.38MiB / 7.654GiB,0.86%,259MB / 413MB,15.4MB / 885MB
2026-04-04 17:45:13,pos,ff53aa714b0f,sistemas-distribuidos-accounts_db-1,0.06%,52.41MiB / 7.654GiB,0.67%,17.8MB / 13.5MB,5.3MB / 196MB
2026-04-04 17:45:13,pos,489d7ba9a64c,sistemas-distribuidos-delivery_db-1,0.06%,30.06MiB / 7.654GiB,0.38%,25.1MB / 21.6MB,10.1MB / 197MB
2026-04-04 17:45:13,pos,a32314d4dd03,sistemas-distribuidos-payments_db-1,0.05%,31.49MiB / 7.654GiB,0.40%,22.6MB / 19.3MB,12.9MB / 195MB
2026-04-04 17:45:13,pos,f5429bdd2fb0,sistemas-distribuidos-zookeeper-1,0.23%,157.7MiB / 7.654GiB,2.01%,440kB / 438kB,47.8MB / 430kB
2026-04-04 17:45:13,pos,86aa92827ac9,sistemas-distribuidos-otel-1,8.42%,962.8MiB / 7.654GiB,12.29%,259MB / 1.18MB,488MB / 477MB
2026-04-04 17:45:16,pos,510b28b5e515,sistemas-distribuidos-crm-1,1.06%,68.78MiB / 7.654GiB,0.88%,34.5MB / 59MB,3.47MB / 401kB
2026-04-04 17:45:16,pos,ff3bf187a9b9,sistemas-distribuidos-delivery-1,1.07%,69.11MiB / 7.654GiB,0.88%,40.6MB / 62.6MB,4.65MB / 401kB
2026-04-04 17:45:16,pos,ecbfb6f4687b,sistemas-distribuidos-payments-1,3.67%,69.18MiB / 7.654GiB,0.88%,38.8MB / 61.8MB,6.24MB / 401kB
2026-04-04 17:45:16,pos,ee13bc4e589c,sistemas-distribuidos-accounts-1,1.15%,70.14MiB / 7.654GiB,0.89%,34.8MB / 62.1MB,14.9MB / 406kB
2026-04-04 17:45:16,pos,a117783aa7c8,sistemas-distribuidos-middleware-1,0.47%,79.3MiB / 7.654GiB,1.01%,435MB / 410MB,201kB / 786kB
2026-04-04 17:45:16,pos,088ebce9e27e,kafka-ui,5.56%,551.2MiB / 7.654GiB,7.03%,5.38MB / 26.6MB,92MB / 3.17MB
2026-04-04 17:45:16,pos,ee37a20584eb,sistemas-distribuidos-kafka-1,2.70%,696.3MiB / 7.654GiB,8.88%,168MB / 200MB,70.2MB / 59.3MB
2026-04-04 17:45:16,pos,b1267530f40d,sistemas-distribuidos-crm_db-1,0.09%,27.73MiB / 7.654GiB,0.35%,17.7MB / 14.1MB,8.73MB / 191MB
2026-04-04 17:45:16,pos,f1f8000a605f,sistemas-distribuidos-middleware_db-1,28.43%,67.38MiB / 7.654GiB,0.86%,259MB / 413MB,15.4MB / 885MB
2026-04-04 17:45:16,pos,ff53aa714b0f,sistemas-distribuidos-accounts_db-1,7.49%,52.5MiB / 7.654GiB,0.67%,17.8MB / 13.5MB,5.3MB / 196MB
2026-04-04 17:45:16,pos,489d7ba9a64c,sistemas-distribuidos-delivery_db-1,0.02%,30.06MiB / 7.654GiB,0.38%,25.1MB / 21.6MB,10.1MB / 197MB
2026-04-04 17:45:16,pos,a32314d4dd03,sistemas-distribuidos-payments_db-1,0.04%,31.5MiB / 7.654GiB,0.40%,22.6MB / 19.3MB,12.9MB / 195MB
2026-04-04 17:45:16,pos,f5429bdd2fb0,sistemas-distribuidos-zookeeper-1,0.12%,157.7MiB / 7.654GiB,2.01%,440kB / 438kB,47.8MB / 430kB
2026-04-04 17:45:16,pos,86aa92827ac9,sistemas-distribuidos-otel-1,2.29%,962.6MiB / 7.654GiB,12.28%,259MB / 1.18MB,488MB / 477MB
