Data_Hora,Fase,ID_Container,Nome,CPU_%,Mem_Usage,Mem_%,Net_IO,Block_IO
2026-04-04 17:29:00,repouso,510b28b5e515,sistemas-distribuidos-crm-1,2.56%,69.41MiB / 7.654GiB,0.89%,24.2MB / 39.4MB,3.47MB / 401kB
2026-04-04 17:29:00,repouso,ff3bf187a9b9,sistemas-distribuidos-delivery-1,2.12%,69.75MiB / 7.654GiB,0.89%,28.1MB / 41.8MB,4.65MB / 401kB
2026-04-04 17:29:00,repouso,ecbfb6f4687b,sistemas-distribuidos-payments-1,2.17%,69.65MiB / 7.654GiB,0.89%,26.9MB / 41.2MB,6.24MB / 401kB
2026-04-04 17:29:00,repouso,ee13bc4e589c,sistemas-distribuidos-accounts-1,1.85%,69.05MiB / 7.654GiB,0.88%,24.6MB / 42.1MB,14.9MB / 406kB
2026-04-04 17:29:00,repouso,a117783aa7c8,sistemas-distribuidos-middleware-1,1.00%,78.77MiB / 7.654GiB,1.01%,291MB / 273MB,201kB / 786kB
2026-04-04 17:29:00,repouso,088ebce9e27e,kafka-ui,0.29%,551.5MiB / 7.654GiB,7.04%,4.78MB / 24.5MB,92MB / 2.8MB
2026-04-04 17:29:00,repouso,ee37a20584eb,sistemas-distribuidos-kafka-1,5.85%,682.5MiB / 7.654GiB,8.71%,132MB / 162MB,70.2MB / 43.7MB
2026-04-04 17:29:00,repouso,b1267530f40d,sistemas-distribuidos-crm_db-1,0.01%,27.14MiB / 7.654GiB,0.35%,12.5MB / 9.82MB,8.72MB / 125MB
2026-04-04 17:29:00,repouso,f1f8000a605f,sistemas-distribuidos-middleware_db-1,0.05%,66.33MiB / 7.654GiB,0.85%,177MB / 282MB,15.4MB / 624MB
2026-04-04 17:29:00,repouso,ff53aa714b0f,sistemas-distribuidos-accounts_db-1,0.00%,52.35MiB / 7.654GiB,0.67%,12.4MB / 9.3MB,5.3MB / 145MB
2026-04-04 17:29:00,repouso,489d7ba9a64c,sistemas-distribuidos-delivery_db-1,0.00%,29.97MiB / 7.654GiB,0.38%,17.8MB / 15.1MB,10.1MB / 146MB
2026-04-04 17:29:00,repouso,a32314d4dd03,sistemas-distribuidos-payments_db-1,0.00%,31.41MiB / 7.654GiB,0.40%,15.9MB / 13.5MB,12.9MB / 145MB
2026-04-04 17:29:00,repouso,f5429bdd2fb0,sistemas-distribuidos-zookeeper-1,0.32%,157.6MiB / 7.654GiB,2.01%,393kB / 390kB,47.8MB / 430kB
2026-04-04 17:29:00,repouso,86aa92827ac9,sistemas-distribuidos-otel-1,7.87%,743.7MiB / 7.654GiB,9.49%,179MB / 862kB,487MB / 345MB
2026-04-04 17:29:03,repouso,510b28b5e515,sistemas-distribuidos-crm-1,21.29%,69.41MiB / 7.654GiB,0.89%,24.2MB / 39.4MB,3.47MB / 401kB
2026-04-04 17:29:03,repouso,ff3bf187a9b9,sistemas-distribuidos-delivery-1,11.19%,69.75MiB / 7.654GiB,0.89%,28.1MB / 41.8MB,4.65MB / 401kB
2026-04-04 17:29:03,repouso,ecbfb6f4687b,sistemas-distribuidos-payments-1,13.78%,69.64MiB / 7.654GiB,0.89%,26.9MB / 41.2MB,6.24MB / 401kB
2026-04-04 17:29:03,repouso,ee13bc4e589c,sistemas-distribuidos-accounts-1,34.58%,69.05MiB / 7.654GiB,0.88%,24.6MB / 42.1MB,14.9MB / 406kB
2026-04-04 17:29:03,repouso,a117783aa7c8,sistemas-distribuidos-middleware-1,27.35%,78.78MiB / 7.654GiB,1.01%,291MB / 273MB,201kB / 786kB
2026-04-04 17:29:03,repouso,088ebce9e27e,kafka-ui,6.29%,551.5MiB / 7.654GiB,7.04%,4.78MB / 24.5MB,92MB / 2.8MB
2026-04-04 17:29:03,repouso,ee37a20584eb,sistemas-distribuidos-kafka-1,86.91%,683.7MiB / 7.654GiB,8.72%,132MB / 162MB,70.2MB / 43.7MB
2026-04-04 17:29:03,repouso,b1267530f40d,sistemas-distribuidos-crm_db-1,0.67%,27.14MiB / 7.654GiB,0.35%,12.5MB / 9.82MB,8.72MB / 125MB
2026-04-04 17:29:03,repouso,f1f8000a605f,sistemas-distribuidos-middleware_db-1,0.00%,66.33MiB / 7.654GiB,0.85%,177MB / 282MB,15.4MB / 624MB
2026-04-04 17:29:03,repouso,ff53aa714b0f,sistemas-distribuidos-accounts_db-1,0.00%,52.35MiB / 7.654GiB,0.67%,12.4MB / 9.3MB,5.3MB / 145MB
2026-04-04 17:29:03,repouso,489d7ba9a64c,sistemas-distribuidos-delivery_db-1,0.06%,29.97MiB / 7.654GiB,0.38%,17.8MB / 15.1MB,10.1MB / 146MB
2026-04-04 17:29:03,repouso,a32314d4dd03,sistemas-distribuidos-payments_db-1,0.00%,31.41MiB / 7.654GiB,0.40%,15.9MB / 13.5MB,12.9MB / 145MB
2026-04-04 17:29:03,repouso,f5429bdd2fb0,sistemas-distribuidos-zookeeper-1,33.75%,157.6MiB / 7.654GiB,2.01%,393kB / 390kB,47.8MB / 430kB
2026-04-04 17:29:03,repouso,86aa92827ac9,sistemas-distribuidos-otel-1,7.09%,743.9MiB / 7.654GiB,9.49%,179MB / 862kB,487MB / 345MB
2026-04-04 17:29:07,repouso,510b28b5e515,sistemas-distribuidos-crm-1,2.61%,69.41MiB / 7.654GiB,0.89%,24.2MB / 39.4MB,3.47MB / 401kB
2026-04-04 17:29:07,repouso,ff3bf187a9b9,sistemas-distribuidos-delivery-1,2.32%,69.75MiB / 7.654GiB,0.89%,28.1MB / 41.8MB,4.65MB / 401kB
2026-04-04 17:29:07,repouso,ecbfb6f4687b,sistemas-distribuidos-payments-1,1.71%,69.64MiB / 7.654GiB,0.89%,27MB / 41.3MB,6.24MB / 401kB
2026-04-04 17:29:07,repouso,ee13bc4e589c,sistemas-distribuidos-accounts-1,1.85%,69.05MiB / 7.654GiB,0.88%,24.7MB / 42.1MB,14.9MB / 406kB
2026-04-04 17:29:07,repouso,a117783aa7c8,sistemas-distribuidos-middleware-1,2.54%,78.77MiB / 7.654GiB,1.01%,291MB / 273MB,201kB / 786kB
2026-04-04 17:29:07,repouso,088ebce9e27e,kafka-ui,0.96%,551.5MiB / 7.654GiB,7.04%,4.78MB / 24.5MB,92MB / 2.8MB
2026-04-04 17:29:07,repouso,ee37a20584eb,sistemas-distribuidos-kafka-1,5.79%,683.7MiB / 7.654GiB,8.72%,132MB / 162MB,70.2MB / 43.7MB
2026-04-04 17:29:07,repouso,b1267530f40d,sistemas-distribuidos-crm_db-1,0.00%,27.14MiB / 7.654GiB,0.35%,12.5MB / 9.82MB,8.72MB / 125MB
2026-04-04 17:29:07,repouso,f1f8000a605f,sistemas-distribuidos-middleware_db-1,0.00%,66.33MiB / 7.654GiB,0.85%,177MB / 282MB,15.4MB / 624MB
2026-04-04 17:29:07,repouso,ff53aa714b0f,sistemas-distribuidos-accounts_db-1,0.13%,52.36MiB / 7.654GiB,0.67%,12.4MB / 9.3MB,5.3MB / 145MB
2026-04-04 17:29:07,repouso,489d7ba9a64c,sistemas-distribuidos-delivery_db-1,0.12%,29.97MiB / 7.654GiB,0.38%,17.8MB / 15.1MB,10.1MB / 146MB
2026-04-04 17:29:07,repouso,a32314d4dd03,sistemas-distribuidos-payments_db-1,0.20%,31.41MiB / 7.654GiB,0.40%,15.9MB / 13.5MB,12.9MB / 145MB
2026-04-04 17:29:07,repouso,f5429bdd2fb0,sistemas-distribuidos-zookeeper-1,0.23%,157.6MiB / 7.654GiB,2.01%,393kB / 390kB,47.8MB / 430kB
2026-04-04 17:29:07,repouso,86aa92827ac9,sistemas-distribuidos-otel-1,13.05%,743.9MiB / 7.654GiB,9.49%,179MB / 863kB,487MB / 345MB
2026-04-04 17:29:11,repouso,510b28b5e515,sistemas-distribuidos-crm-1,2.06%,69.41MiB / 7.654GiB,0.89%,24.2MB / 39.4MB,3.47MB / 401kB
2026-04-04 17:29:11,repouso,ff3bf187a9b9,sistemas-distribuidos-delivery-1,2.55%,69.75MiB / 7.654GiB,0.89%,28.1MB / 41.8MB,4.65MB / 401kB
2026-04-04 17:29:11,repouso,ecbfb6f4687b,sistemas-distribuidos-payments-1,2.19%,69.9MiB / 7.654GiB,0.89%,27MB / 41.3MB,6.24MB / 401kB
2026-04-04 17:29:11,repouso,ee13bc4e589c,sistemas-distribuidos-accounts-1,2.54%,69.05MiB / 7.654GiB,0.88%,24.7MB / 42.1MB,14.9MB / 406kB
2026-04-04 17:29:11,repouso,a117783aa7c8,sistemas-distribuidos-middleware-1,22.33%,78.77MiB / 7.654GiB,1.01%,291MB / 273MB,201kB / 786kB
2026-04-04 17:29:11,repouso,088ebce9e27e,kafka-ui,4.93%,551.5MiB / 7.654GiB,7.04%,4.79MB / 24.5MB,92MB / 2.8MB
2026-04-04 17:29:11,repouso,ee37a20584eb,sistemas-distribuidos-kafka-1,69.76%,683.7MiB / 7.654GiB,8.72%,132MB / 162MB,70.2MB / 43.7MB
2026-04-04 17:29:11,repouso,b1267530f40d,sistemas-distribuidos-crm_db-1,0.00%,27.14MiB / 7.654GiB,0.35%,12.5MB / 9.82MB,8.72MB / 125MB
2026-04-04 17:29:11,repouso,f1f8000a605f,sistemas-distribuidos-middleware_db-1,0.25%,66.33MiB / 7.654GiB,0.85%,177MB / 282MB,15.4MB / 624MB
2026-04-04 17:29:11,repouso,ff53aa714b0f,sistemas-distribuidos-accounts_db-1,0.03%,52.35MiB / 7.654GiB,0.67%,12.4MB / 9.3MB,5.3MB / 145MB
2026-04-04 17:29:11,repouso,489d7ba9a64c,sistemas-distribuidos-delivery_db-1,0.00%,29.97MiB / 7.654GiB,0.38%,17.8MB / 15.1MB,10.1MB / 146MB
2026-04-04 17:29:11,repouso,a32314d4dd03,sistemas-distribuidos-payments_db-1,0.00%,31.41MiB / 7.654GiB,0.40%,15.9MB / 13.5MB,12.9MB / 145MB
2026-04-04 17:29:11,repouso,f5429bdd2fb0,sistemas-distribuidos-zookeeper-1,1.09%,157.6MiB / 7.654GiB,2.01%,394kB / 392kB,47.8MB / 430kB
2026-04-04 17:29:11,repouso,86aa92827ac9,sistemas-distribuidos-otel-1,5.29%,743.7MiB / 7.654GiB,9.49%,179MB / 863kB,487MB / 345MB
2026-04-04 17:29:15,repouso,510b28b5e515,sistemas-distribuidos-crm-1,1.70%,69.41MiB / 7.654GiB,0.89%,24.2MB / 39.4MB,3.47MB / 401kB
2026-04-04 17:29:15,repouso,ff3bf187a9b9,sistemas-distribuidos-delivery-1,1.55%,69.75MiB / 7.654GiB,0.89%,28.1MB / 41.8MB,4.65MB / 401kB
2026-04-04 17:29:15,repouso,ecbfb6f4687b,sistemas-distribuidos-payments-1,1.72%,69.64MiB / 7.654GiB,0.89%,27MB / 41.3MB,6.24MB / 401kB
2026-04-04 17:29:15,repouso,ee13bc4e589c,sistemas-distribuidos-accounts-1,2.00%,69.05MiB / 7.654GiB,0.88%,24.7MB / 42.2MB,14.9MB / 406kB
2026-04-04 17:29:15,repouso,a117783aa7c8,sistemas-distribuidos-middleware-1,1.06%,78.77MiB / 7.654GiB,1.01%,291MB / 273MB,201kB / 786kB
2026-04-04 17:29:15,repouso,088ebce9e27e,kafka-ui,0.15%,551.5MiB / 7.654GiB,7.04%,4.79MB / 24.5MB,92MB / 2.8MB
2026-04-04 17:29:15,repouso,ee37a20584eb,sistemas-distribuidos-kafka-1,6.18%,683.7MiB / 7.654GiB,8.72%,132MB / 162MB,70.2MB / 43.7MB
2026-04-04 17:29:15,repouso,b1267530f40d,sistemas-distribuidos-crm_db-1,0.00%,27.14MiB / 7.654GiB,0.35%,12.5MB / 9.82MB,8.72MB / 125MB
2026-04-04 17:29:15,repouso,f1f8000a605f,sistemas-distribuidos-middleware_db-1,0.07%,66.33MiB / 7.654GiB,0.85%,177MB / 282MB,15.4MB / 624MB
2026-04-04 17:29:15,repouso,ff53aa714b0f,sistemas-distribuidos-accounts_db-1,0.00%,52.35MiB / 7.654GiB,0.67%,12.4MB / 9.3MB,5.3MB / 145MB
2026-04-04 17:29:15,repouso,489d7ba9a64c,sistemas-distribuidos-delivery_db-1,0.00%,29.97MiB / 7.654GiB,0.38%,17.8MB / 15.1MB,10.1MB / 146MB
2026-04-04 17:29:15,repouso,a32314d4dd03,sistemas-distribuidos-payments_db-1,0.00%,31.41MiB / 7.654GiB,0.40%,15.9MB / 13.5MB,12.9MB / 145MB
2026-04-04 17:29:15,repouso,f5429bdd2fb0,sistemas-distribuidos-zookeeper-1,0.99%,157.6MiB / 7.654GiB,2.01%,394kB / 392kB,47.8MB / 430kB
2026-04-04 17:29:15,repouso,86aa92827ac9,sistemas-distribuidos-otel-1,2.89%,743.9MiB / 7.654GiB,9.49%,179MB / 863kB,487MB / 345MB
2026-04-04 17:29:19,repouso,510b28b5e515,sistemas-distribuidos-crm-1,8.86%,69.41MiB / 7.654GiB,0.89%,24.2MB / 39.5MB,3.47MB / 401kB
2026-04-04 17:29:19,repouso,ff3bf187a9b9,sistemas-distribuidos-delivery-1,7.18%,69.75MiB / 7.654GiB,0.89%,28.2MB / 41.8MB,4.65MB / 401kB
2026-04-04 17:29:19,repouso,ecbfb6f4687b,sistemas-distribuidos-payments-1,8.98%,69.64MiB / 7.654GiB,0.89%,27MB / 41.3MB,6.24MB / 401kB
2026-04-04 17:29:19,repouso,ee13bc4e589c,sistemas-distribuidos-accounts-1,9.16%,69.05MiB / 7.654GiB,0.88%,24.7MB / 42.2MB,14.9MB / 406kB
2026-04-04 17:29:19,repouso,a117783aa7c8,sistemas-distribuidos-middleware-1,2.87%,78.77MiB / 7.654GiB,1.01%,291MB / 273MB,201kB / 786kB
2026-04-04 17:29:19,repouso,088ebce9e27e,kafka-ui,0.34%,551.5MiB / 7.654GiB,7.04%,4.79MB / 24.5MB,92MB / 2.8MB
2026-04-04 17:29:19,repouso,ee37a20584eb,sistemas-distribuidos-kafka-1,23.98%,683.7MiB / 7.654GiB,8.72%,132MB / 162MB,70.2MB / 43.7MB
2026-04-04 17:29:19,repouso,b1267530f40d,sistemas-distribuidos-crm_db-1,0.15%,27.14MiB / 7.654GiB,0.35%,12.5MB / 9.82MB,8.72MB / 125MB
2026-04-04 17:29:19,repouso,f1f8000a605f,sistemas-distribuidos-middleware_db-1,0.91%,66.33MiB / 7.654GiB,0.85%,177MB / 282MB,15.4MB / 624MB
2026-04-04 17:29:19,repouso,ff53aa714b0f,sistemas-distribuidos-accounts_db-1,0.00%,52.35MiB / 7.654GiB,0.67%,12.4MB / 9.3MB,5.3MB / 145MB
2026-04-04 17:29:19,repouso,489d7ba9a64c,sistemas-distribuidos-delivery_db-1,0.07%,29.97MiB / 7.654GiB,0.38%,17.8MB / 15.1MB,10.1MB / 146MB
2026-04-04 17:29:19,repouso,a32314d4dd03,sistemas-distribuidos-payments_db-1,0.00%,31.41MiB / 7.654GiB,0.40%,15.9MB / 13.5MB,12.9MB / 145MB
2026-04-04 17:29:19,repouso,f5429bdd2fb0,sistemas-distribuidos-zookeeper-1,1.19%,157.6MiB / 7.654GiB,2.01%,394kB / 392kB,47.8MB / 430kB
2026-04-04 17:29:19,repouso,86aa92827ac9,sistemas-distribuidos-otel-1,40.97%,743.7MiB / 7.654GiB,9.49%,179MB / 863kB,487MB / 345MB
2026-04-04 17:29:23,repouso,510b28b5e515,sistemas-distribuidos-crm-1,3.65%,69.41MiB / 7.654GiB,0.89%,24.3MB / 39.5MB,3.47MB / 401kB
2026-04-04 17:29:23,repouso,ff3bf187a9b9,sistemas-distribuidos-delivery-1,3.33%,69.75MiB / 7.654GiB,0.89%,28.2MB / 41.8MB,4.65MB / 401kB
2026-04-04 17:29:23,repouso,ecbfb6f4687b,sistemas-distribuidos-payments-1,2.65%,69.64MiB / 7.654GiB,0.89%,27MB / 41.3MB,6.24MB / 401kB
2026-04-04 17:29:23,repouso,ee13bc4e589c,sistemas-distribuidos-accounts-1,3.08%,69.05MiB / 7.654GiB,0.88%,24.7MB / 42.2MB,14.9MB / 406kB
2026-04-04 17:29:23,repouso,a117783aa7c8,sistemas-distribuidos-middleware-1,1.43%,78.77MiB / 7.654GiB,1.01%,291MB / 273MB,201kB / 786kB
2026-04-04 17:29:23,repouso,088ebce9e27e,kafka-ui,0.25%,551.5MiB / 7.654GiB,7.04%,4.79MB / 24.5MB,92MB / 2.81MB
2026-04-04 17:29:23,repouso,ee37a20584eb,sistemas-distribuidos-kafka-1,7.46%,683.7MiB / 7.654GiB,8.72%,132MB / 162MB,70.2MB / 43.7MB
2026-04-04 17:29:23,repouso,b1267530f40d,sistemas-distribuidos-crm_db-1,0.15%,27.14MiB / 7.654GiB,0.35%,12.5MB / 9.82MB,8.72MB / 125MB
2026-04-04 17:29:23,repouso,f1f8000a605f,sistemas-distribuidos-middleware_db-1,0.00%,66.33MiB / 7.654GiB,0.85%,177MB / 282MB,15.4MB / 624MB
2026-04-04 17:29:23,repouso,ff53aa714b0f,sistemas-distribuidos-accounts_db-1,0.00%,52.35MiB / 7.654GiB,0.67%,12.4MB / 9.3MB,5.3MB / 145MB
2026-04-04 17:29:23,repouso,489d7ba9a64c,sistemas-distribuidos-delivery_db-1,0.14%,29.97MiB / 7.654GiB,0.38%,17.8MB / 15.1MB,10.1MB / 146MB
2026-04-04 17:29:23,repouso,a32314d4dd03,sistemas-distribuidos-payments_db-1,0.00%,31.41MiB / 7.654GiB,0.40%,15.9MB / 13.5MB,12.9MB / 145MB
2026-04-04 17:29:23,repouso,f5429bdd2fb0,sistemas-distribuidos-zookeeper-1,1.84%,157.6MiB / 7.654GiB,2.01%,394kB / 392kB,47.8MB / 430kB
2026-04-04 17:29:23,repouso,86aa92827ac9,sistemas-distribuidos-otel-1,4.14%,743.7MiB / 7.654GiB,9.49%,179MB / 863kB,487MB / 345MB
2026-04-04 17:29:27,repouso,510b28b5e515,sistemas-distribuidos-crm-1,1.98%,69.41MiB / 7.654GiB,0.89%,24.3MB / 39.5MB,3.47MB / 401kB
2026-04-04 17:29:27,repouso,ff3bf187a9b9,sistemas-distribuidos-delivery-1,1.62%,69.75MiB / 7.654GiB,0.89%,28.2MB / 41.9MB,4.65MB / 401kB
2026-04-04 17:29:27,repouso,ecbfb6f4687b,sistemas-distribuidos-payments-1,2.30%,69.64MiB / 7.654GiB,0.89%,27MB / 41.3MB,6.24MB / 401kB
2026-04-04 17:29:27,repouso,ee13bc4e589c,sistemas-distribuidos-accounts-1,2.17%,69.05MiB / 7.654GiB,0.88%,24.7MB / 42.2MB,14.9MB / 406kB
2026-04-04 17:29:27,repouso,a117783aa7c8,sistemas-distribuidos-middleware-1,1.17%,78.77MiB / 7.654GiB,1.01%,291MB / 273MB,201kB / 786kB
2026-04-04 17:29:27,repouso,088ebce9e27e,kafka-ui,0.19%,551.5MiB / 7.654GiB,7.04%,4.79MB / 24.5MB,92MB / 2.81MB
2026-04-04 17:29:27,repouso,ee37a20584eb,sistemas-distribuidos-kafka-1,5.99%,683.7MiB / 7.654GiB,8.72%,132MB / 162MB,70.2MB / 43.7MB
2026-04-04 17:29:27,repouso,b1267530f40d,sistemas-distribuidos-crm_db-1,0.00%,27.15MiB / 7.654GiB,0.35%,12.5MB / 9.82MB,8.72MB / 125MB
2026-04-04 17:29:27,repouso,f1f8000a605f,sistemas-distribuidos-middleware_db-1,0.00%,66.33MiB / 7.654GiB,0.85%,177MB / 282MB,15.4MB / 624MB
2026-04-04 17:29:27,repouso,ff53aa714b0f,sistemas-distribuidos-accounts_db-1,0.11%,52.35MiB / 7.654GiB,0.67%,12.4MB / 9.3MB,5.3MB / 145MB
2026-04-04 17:29:27,repouso,489d7ba9a64c,sistemas-distribuidos-delivery_db-1,0.03%,29.97MiB / 7.654GiB,0.38%,17.8MB / 15.1MB,10.1MB / 146MB
2026-04-04 17:29:27,repouso,a32314d4dd03,sistemas-distribuidos-payments_db-1,0.08%,31.41MiB / 7.654GiB,0.40%,15.9MB / 13.5MB,12.9MB / 145MB
2026-04-04 17:29:27,repouso,f5429bdd2fb0,sistemas-distribuidos-zookeeper-1,0.66%,157.6MiB / 7.654GiB,2.01%,394kB / 392kB,47.8MB / 430kB
2026-04-04 17:29:27,repouso,86aa92827ac9,sistemas-distribuidos-otel-1,4.45%,743.9MiB / 7.654GiB,9.49%,179MB / 863kB,487MB / 345MB
2026-04-04 17:29:31,repouso,510b28b5e515,sistemas-distribuidos-crm-1,2.36%,69.41MiB / 7.654GiB,0.89%,24.3MB / 39.5MB,3.47MB / 401kB
2026-04-04 17:29:31,repouso,ff3bf187a9b9,sistemas-distribuidos-delivery-1,2.37%,69.75MiB / 7.654GiB,0.89%,28.2MB / 41.9MB,4.65MB / 401kB
2026-04-04 17:29:31,repouso,ecbfb6f4687b,sistemas-distribuidos-payments-1,2.36%,69.65MiB / 7.654GiB,0.89%,27MB / 41.3MB,6.24MB / 401kB
2026-04-04 17:29:31,repouso,ee13bc4e589c,sistemas-distribuidos-accounts-1,2.48%,69.05MiB / 7.654GiB,0.88%,24.7MB / 42.2MB,14.9MB / 406kB
2026-04-04 17:29:31,repouso,a117783aa7c8,sistemas-distribuidos-middleware-1,1.41%,78.77MiB / 7.654GiB,1.01%,291MB / 273MB,201kB / 786kB
2026-04-04 17:29:31,repouso,088ebce9e27e,kafka-ui,0.14%,551.5MiB / 7.654GiB,7.04%,4.79MB / 24.5MB,92MB / 2.81MB
2026-04-04 17:29:31,repouso,ee37a20584eb,sistemas-distribuidos-kafka-1,4.69%,683.7MiB / 7.654GiB,8.72%,132MB / 162MB,70.2MB / 43.7MB
2026-04-04 17:29:31,repouso,b1267530f40d,sistemas-distribuidos-crm_db-1,0.00%,27.14MiB / 7.654GiB,0.35%,12.5MB / 9.82MB,8.72MB / 125MB
2026-04-04 17:29:31,repouso,f1f8000a605f,sistemas-distribuidos-middleware_db-1,0.00%,66.33MiB / 7.654GiB,0.85%,177MB / 282MB,15.4MB / 624MB
2026-04-04 17:29:31,repouso,ff53aa714b0f,sistemas-distribuidos-accounts_db-1,0.00%,52.35MiB / 7.654GiB,0.67%,12.4MB / 9.3MB,5.3MB / 145MB
2026-04-04 17:29:31,repouso,489d7ba9a64c,sistemas-distribuidos-delivery_db-1,0.00%,29.97MiB / 7.654GiB,0.38%,17.8MB / 15.1MB,10.1MB / 146MB
2026-04-04 17:29:31,repouso,a32314d4dd03,sistemas-distribuidos-payments_db-1,0.00%,31.41MiB / 7.654GiB,0.40%,15.9MB / 13.5MB,12.9MB / 145MB
2026-04-04 17:29:31,repouso,f5429bdd2fb0,sistemas-distribuidos-zookeeper-1,0.21%,157.6MiB / 7.654GiB,2.01%,394kB / 392kB,47.8MB / 430kB
2026-04-04 17:29:31,repouso,86aa92827ac9,sistemas-distribuidos-otel-1,2.12%,741.3MiB / 7.654GiB,9.46%,179MB / 863kB,487MB / 345MB
2026-04-04 17:29:34,repouso,510b28b5e515,sistemas-distribuidos-crm-1,3.54%,69.41MiB / 7.654GiB,0.89%,24.3MB / 39.5MB,3.47MB / 401kB
2026-04-04 17:29:34,repouso,ff3bf187a9b9,sistemas-distribuidos-delivery-1,3.66%,69.75MiB / 7.654GiB,0.89%,28.2MB / 41.9MB,4.65MB / 401kB
2026-04-04 17:29:34,repouso,ecbfb6f4687b,sistemas-distribuidos-payments-1,4.32%,69.64MiB / 7.654GiB,0.89%,27.1MB / 41.3MB,6.24MB / 401kB
2026-04-04 17:29:34,repouso,ee13bc4e589c,sistemas-distribuidos-accounts-1,3.51%,69.29MiB / 7.654GiB,0.88%,24.8MB / 42.2MB,14.9MB / 406kB
2026-04-04 17:29:34,repouso,a117783aa7c8,sistemas-distribuidos-middleware-1,1.51%,78.77MiB / 7.654GiB,1.01%,291MB / 273MB,201kB / 786kB
2026-04-04 17:29:34,repouso,088ebce9e27e,kafka-ui,0.20%,551.5MiB / 7.654GiB,7.04%,4.79MB / 24.5MB,92MB / 2.81MB
2026-04-04 17:29:34,repouso,ee37a20584eb,sistemas-distribuidos-kafka-1,9.93%,683.7MiB / 7.654GiB,8.72%,132MB / 163MB,70.2MB / 43.7MB
2026-04-04 17:29:34,repouso,b1267530f40d,sistemas-distribuidos-crm_db-1,0.00%,27.14MiB / 7.654GiB,0.35%,12.5MB / 9.82MB,8.72MB / 125MB
2026-04-04 17:29:34,repouso,f1f8000a605f,sistemas-distribuidos-middleware_db-1,0.00%,66.33MiB / 7.654GiB,0.85%,177MB / 282MB,15.4MB / 624MB
2026-04-04 17:29:34,repouso,ff53aa714b0f,sistemas-distribuidos-accounts_db-1,0.00%,52.35MiB / 7.654GiB,0.67%,12.4MB / 9.3MB,5.3MB / 145MB
2026-04-04 17:29:34,repouso,489d7ba9a64c,sistemas-distribuidos-delivery_db-1,0.00%,29.97MiB / 7.654GiB,0.38%,17.8MB / 15.1MB,10.1MB / 146MB
2026-04-04 17:29:34,repouso,a32314d4dd03,sistemas-distribuidos-payments_db-1,0.00%,31.41MiB / 7.654GiB,0.40%,15.9MB / 13.5MB,12.9MB / 145MB
2026-04-04 17:29:34,repouso,f5429bdd2fb0,sistemas-distribuidos-zookeeper-1,0.32%,157.6MiB / 7.654GiB,2.01%,395kB / 392kB,47.8MB / 430kB
2026-04-04 17:29:34,repouso,86aa92827ac9,sistemas-distribuidos-otel-1,18.80%,741.1MiB / 7.654GiB,9.46%,179MB / 863kB,487MB / 345MB
2026-04-04 17:29:38,repouso,510b28b5e515,sistemas-distribuidos-crm-1,2.98%,69.41MiB / 7.654GiB,0.89%,24.3MB / 39.5MB,3.47MB / 401kB
2026-04-04 17:29:38,repouso,ff3bf187a9b9,sistemas-distribuidos-delivery-1,2.80%,69.75MiB / 7.654GiB,0.89%,28.2MB / 41.9MB,4.65MB / 401kB
2026-04-04 17:29:38,repouso,ecbfb6f4687b,sistemas-distribuidos-payments-1,2.39%,69.64MiB / 7.654GiB,0.89%,27.1MB / 41.4MB,6.24MB / 401kB
2026-04-04 17:29:38,repouso,ee13bc4e589c,sistemas-distribuidos-accounts-1,3.85%,69.05MiB / 7.654GiB,0.88%,24.8MB / 42.2MB,14.9MB / 406kB
2026-04-04 17:29:38,repouso,a117783aa7c8,sistemas-distribuidos-middleware-1,1.21%,78.77MiB / 7.654GiB,1.01%,291MB / 273MB,201kB / 786kB
2026-04-04 17:29:38,repouso,088ebce9e27e,kafka-ui,0.17%,551.5MiB / 7.654GiB,7.04%,4.79MB / 24.5MB,92MB / 2.81MB
2026-04-04 17:29:38,repouso,ee37a20584eb,sistemas-distribuidos-kafka-1,7.30%,683.7MiB / 7.654GiB,8.72%,132MB / 163MB,70.2MB / 43.7MB
2026-04-04 17:29:38,repouso,b1267530f40d,sistemas-distribuidos-crm_db-1,0.12%,27.14MiB / 7.654GiB,0.35%,12.5MB / 9.82MB,8.72MB / 125MB
2026-04-04 17:29:38,repouso,f1f8000a605f,sistemas-distribuidos-middleware_db-1,0.00%,66.33MiB / 7.654GiB,0.85%,177MB / 282MB,15.4MB / 624MB
2026-04-04 17:29:38,repouso,ff53aa714b0f,sistemas-distribuidos-accounts_db-1,0.17%,52.35MiB / 7.654GiB,0.67%,12.4MB / 9.3MB,5.3MB / 145MB
2026-04-04 17:29:38,repouso,489d7ba9a64c,sistemas-distribuidos-delivery_db-1,0.00%,29.97MiB / 7.654GiB,0.38%,17.8MB / 15.1MB,10.1MB / 146MB
2026-04-04 17:29:38,repouso,a32314d4dd03,sistemas-distribuidos-payments_db-1,0.07%,31.41MiB / 7.654GiB,0.40%,15.9MB / 13.5MB,12.9MB / 145MB
2026-04-04 17:29:38,repouso,f5429bdd2fb0,sistemas-distribuidos-zookeeper-1,0.35%,157.6MiB / 7.654GiB,2.01%,395kB / 392kB,47.8MB / 430kB
2026-04-04 17:29:38,repouso,86aa92827ac9,sistemas-distribuidos-otel-1,10.89%,741.6MiB / 7.654GiB,9.46%,179MB / 864kB,487MB / 345MB
2026-04-04 17:29:42,repouso,510b28b5e515,sistemas-distribuidos-crm-1,2.26%,69.41MiB / 7.654GiB,0.89%,24.3MB / 39.5MB,3.47MB / 401kB
2026-04-04 17:29:42,repouso,ff3bf187a9b9,sistemas-distribuidos-delivery-1,2.67%,69.75MiB / 7.654GiB,0.89%,28.3MB / 41.9MB,4.65MB / 401kB
2026-04-04 17:29:42,repouso,ecbfb6f4687b,sistemas-distribuidos-payments-1,2.65%,69.64MiB / 7.654GiB,0.89%,27.1MB / 41.4MB,6.24MB / 401kB
2026-04-04 17:29:42,repouso,ee13bc4e589c,sistemas-distribuidos-accounts-1,3.18%,69.29MiB / 7.654GiB,0.88%,24.8MB / 42.3MB,14.9MB / 406kB
2026-04-04 17:29:42,repouso,a117783aa7c8,sistemas-distribuidos-middleware-1,1.45%,78.77MiB / 7.654GiB,1.01%,291MB / 273MB,201kB / 786kB
2026-04-04 17:29:42,repouso,088ebce9e27e,kafka-ui,0.15%,551.5MiB / 7.654GiB,7.04%,4.81MB / 24.5MB,92MB / 2.81MB
2026-04-04 17:29:42,repouso,ee37a20584eb,sistemas-distribuidos-kafka-1,7.57%,683.7MiB / 7.654GiB,8.72%,132MB / 163MB,70.2MB / 43.8MB
2026-04-04 17:29:42,repouso,b1267530f40d,sistemas-distribuidos-crm_db-1,0.00%,27.14MiB / 7.654GiB,0.35%,12.5MB / 9.82MB,8.72MB / 125MB
2026-04-04 17:29:42,repouso,f1f8000a605f,sistemas-distribuidos-middleware_db-1,0.00%,66.33MiB / 7.654GiB,0.85%,177MB / 282MB,15.4MB / 624MB
2026-04-04 17:29:42,repouso,ff53aa714b0f,sistemas-distribuidos-accounts_db-1,0.03%,52.35MiB / 7.654GiB,0.67%,12.4MB / 9.3MB,5.3MB / 145MB
2026-04-04 17:29:42,repouso,489d7ba9a64c,sistemas-distribuidos-delivery_db-1,0.05%,29.97MiB / 7.654GiB,0.38%,17.8MB / 15.1MB,10.1MB / 146MB
2026-04-04 17:29:42,repouso,a32314d4dd03,sistemas-distribuidos-payments_db-1,0.06%,31.41MiB / 7.654GiB,0.40%,15.9MB / 13.5MB,12.9MB / 145MB
2026-04-04 17:29:42,repouso,f5429bdd2fb0,sistemas-distribuidos-zookeeper-1,1.35%,157.6MiB / 7.654GiB,2.01%,395kB / 393kB,47.8MB / 430kB
2026-04-04 17:29:42,repouso,86aa92827ac9,sistemas-distribuidos-otel-1,4.00%,741.4MiB / 7.654GiB,9.46%,179MB / 864kB,487MB / 345MB
2026-04-04 17:29:46,repouso,510b28b5e515,sistemas-distribuidos-crm-1,2.84%,69.41MiB / 7.654GiB,0.89%,24.3MB / 39.5MB,3.47MB / 401kB
2026-04-04 17:29:46,repouso,ff3bf187a9b9,sistemas-distribuidos-delivery-1,3.01%,69.75MiB / 7.654GiB,0.89%,28.3MB / 41.9MB,4.65MB / 401kB
2026-04-04 17:29:46,repouso,ecbfb6f4687b,sistemas-distribuidos-payments-1,2.47%,69.64MiB / 7.654GiB,0.89%,27.1MB / 41.4MB,6.24MB / 401kB
2026-04-04 17:29:46,repouso,ee13bc4e589c,sistemas-distribuidos-accounts-1,3.08%,69.05MiB / 7.654GiB,0.88%,24.8MB / 42.3MB,14.9MB / 406kB
2026-04-04 17:29:46,repouso,a117783aa7c8,sistemas-distribuidos-middleware-1,1.35%,78.77MiB / 7.654GiB,1.01%,291MB / 273MB,201kB / 786kB
2026-04-04 17:29:46,repouso,088ebce9e27e,kafka-ui,0.16%,551.5MiB / 7.654GiB,7.04%,4.81MB / 24.5MB,92MB / 2.81MB
2026-04-04 17:29:46,repouso,ee37a20584eb,sistemas-distribuidos-kafka-1,6.52%,683.7MiB / 7.654GiB,8.72%,133MB / 163MB,70.2MB / 43.8MB
2026-04-04 17:29:46,repouso,b1267530f40d,sistemas-distribuidos-crm_db-1,0.00%,27.14MiB / 7.654GiB,0.35%,12.5MB / 9.82MB,8.72MB / 125MB
2026-04-04 17:29:46,repouso,f1f8000a605f,sistemas-distribuidos-middleware_db-1,0.05%,66.33MiB / 7.654GiB,0.85%,177MB / 282MB,15.4MB / 624MB
2026-04-04 17:29:46,repouso,ff53aa714b0f,sistemas-distribuidos-accounts_db-1,0.00%,52.35MiB / 7.654GiB,0.67%,12.4MB / 9.3MB,5.3MB / 145MB
2026-04-04 17:29:46,repouso,489d7ba9a64c,sistemas-distribuidos-delivery_db-1,0.00%,29.97MiB / 7.654GiB,0.38%,17.8MB / 15.1MB,10.1MB / 146MB
2026-04-04 17:29:46,repouso,a32314d4dd03,sistemas-distribuidos-payments_db-1,0.00%,31.41MiB / 7.654GiB,0.40%,15.9MB / 13.5MB,12.9MB / 145MB
2026-04-04 17:29:46,repouso,f5429bdd2fb0,sistemas-distribuidos-zookeeper-1,0.22%,157.6MiB / 7.654GiB,2.01%,396kB / 393kB,47.8MB / 430kB
2026-04-04 17:29:46,repouso,86aa92827ac9,sistemas-distribuidos-otel-1,2.87%,741.1MiB / 7.654GiB,9.46%,179MB / 864kB,487MB / 345MB
2026-04-04 17:29:50,repouso,510b28b5e515,sistemas-distribuidos-crm-1,5.98%,69.41MiB / 7.654GiB,0.89%,24.4MB / 39.6MB,3.47MB / 401kB
2026-04-04 17:29:50,repouso,ff3bf187a9b9,sistemas-distribuidos-delivery-1,6.60%,69.75MiB / 7.654GiB,0.89%,28.3MB / 41.9MB,4.65MB / 401kB
2026-04-04 17:29:50,repouso,ecbfb6f4687b,sistemas-distribuidos-payments-1,4.16%,69.64MiB / 7.654GiB,0.89%,27.1MB / 41.4MB,6.24MB / 401kB
2026-04-04 17:29:50,repouso,ee13bc4e589c,sistemas-distribuidos-accounts-1,9.54%,69.05MiB / 7.654GiB,0.88%,24.8MB / 42.3MB,14.9MB / 406kB
2026-04-04 17:29:50,repouso,a117783aa7c8,sistemas-distribuidos-middleware-1,5.87%,78.79MiB / 7.654GiB,1.01%,291MB / 273MB,201kB / 786kB
2026-04-04 17:29:50,repouso,088ebce9e27e,kafka-ui,0.20%,551.5MiB / 7.654GiB,7.04%,4.81MB / 24.5MB,92MB / 2.81MB
2026-04-04 17:29:50,repouso,ee37a20584eb,sistemas-distribuidos-kafka-1,18.41%,686.2MiB / 7.654GiB,8.76%,133MB / 163MB,70.2MB / 43.8MB
2026-04-04 17:29:50,repouso,b1267530f40d,sistemas-distribuidos-crm_db-1,0.09%,27.14MiB / 7.654GiB,0.35%,12.5MB / 9.82MB,8.72MB / 125MB
2026-04-04 17:29:50,repouso,f1f8000a605f,sistemas-distribuidos-middleware_db-1,0.00%,66.33MiB / 7.654GiB,0.85%,177MB / 282MB,15.4MB / 624MB
2026-04-04 17:29:50,repouso,ff53aa714b0f,sistemas-distribuidos-accounts_db-1,0.00%,52.35MiB / 7.654GiB,0.67%,12.4MB / 9.3MB,5.3MB / 145MB
2026-04-04 17:29:50,repouso,489d7ba9a64c,sistemas-distribuidos-delivery_db-1,0.00%,29.97MiB / 7.654GiB,0.38%,17.8MB / 15.1MB,10.1MB / 146MB
2026-04-04 17:29:50,repouso,a32314d4dd03,sistemas-distribuidos-payments_db-1,0.01%,31.41MiB / 7.654GiB,0.40%,15.9MB / 13.5MB,12.9MB / 145MB
2026-04-04 17:29:50,repouso,f5429bdd2fb0,sistemas-distribuidos-zookeeper-1,0.66%,157.6MiB / 7.654GiB,2.01%,396kB / 393kB,47.8MB / 430kB
2026-04-04 17:29:50,repouso,86aa92827ac9,sistemas-distribuidos-otel-1,6.77%,741.6MiB / 7.654GiB,9.46%,179MB / 864kB,487MB / 345MB
2026-04-04 17:29:53,repouso,510b28b5e515,sistemas-distribuidos-crm-1,2.86%,69.41MiB / 7.654GiB,0.89%,24.4MB / 39.6MB,3.47MB / 401kB
2026-04-04 17:29:53,repouso,ff3bf187a9b9,sistemas-distribuidos-delivery-1,3.06%,69.75MiB / 7.654GiB,0.89%,28.3MB / 41.9MB,4.65MB / 401kB
2026-04-04 17:29:53,repouso,ecbfb6f4687b,sistemas-distribuidos-payments-1,3.13%,69.64MiB / 7.654GiB,0.89%,27.1MB / 41.4MB,6.24MB / 401kB
2026-04-04 17:29:53,repouso,ee13bc4e589c,sistemas-distribuidos-accounts-1,2.15%,69.05MiB / 7.654GiB,0.88%,24.8MB / 42.3MB,14.9MB / 406kB
2026-04-04 17:29:53,repouso,a117783aa7c8,sistemas-distribuidos-middleware-1,1.52%,78.77MiB / 7.654GiB,1.01%,291MB / 273MB,201kB / 786kB
2026-04-04 17:29:53,repouso,088ebce9e27e,kafka-ui,0.50%,551.5MiB / 7.654GiB,7.04%,4.81MB / 24.5MB,92MB / 2.82MB
2026-04-04 17:29:53,repouso,ee37a20584eb,sistemas-distribuidos-kafka-1,7.27%,686.2MiB / 7.654GiB,8.76%,133MB / 163MB,70.2MB / 43.8MB
2026-04-04 17:29:53,repouso,b1267530f40d,sistemas-distribuidos-crm_db-1,0.95%,27.15MiB / 7.654GiB,0.35%,12.5MB / 9.82MB,8.72MB / 125MB
2026-04-04 17:29:53,repouso,f1f8000a605f,sistemas-distribuidos-middleware_db-1,0.00%,66.33MiB / 7.654GiB,0.85%,177MB / 282MB,15.4MB / 624MB
2026-04-04 17:29:53,repouso,ff53aa714b0f,sistemas-distribuidos-accounts_db-1,0.00%,52.35MiB / 7.654GiB,0.67%,12.4MB / 9.3MB,5.3MB / 145MB
2026-04-04 17:29:53,repouso,489d7ba9a64c,sistemas-distribuidos-delivery_db-1,0.04%,29.97MiB / 7.654GiB,0.38%,17.8MB / 15.1MB,10.1MB / 146MB
2026-04-04 17:29:53,repouso,a32314d4dd03,sistemas-distribuidos-payments_db-1,0.00%,31.41MiB / 7.654GiB,0.40%,15.9MB / 13.5MB,12.9MB / 145MB
2026-04-04 17:29:53,repouso,f5429bdd2fb0,sistemas-distribuidos-zookeeper-1,0.36%,157.6MiB / 7.654GiB,2.01%,396kB / 393kB,47.8MB / 430kB
2026-04-04 17:29:53,repouso,86aa92827ac9,sistemas-distribuidos-otel-1,2.62%,741.1MiB / 7.654GiB,9.46%,179MB / 864kB,487MB / 345MB
2026-04-04 17:29:57,repouso,510b28b5e515,sistemas-distribuidos-crm-1,1.43%,69.41MiB / 7.654GiB,0.89%,24.4MB / 39.6MB,3.47MB / 401kB
2026-04-04 17:29:57,repouso,ff3bf187a9b9,sistemas-distribuidos-delivery-1,1.66%,69.99MiB / 7.654GiB,0.89%,28.3MB / 42MB,4.65MB / 401kB
2026-04-04 17:29:57,repouso,ecbfb6f4687b,sistemas-distribuidos-payments-1,2.08%,69.64MiB / 7.654GiB,0.89%,27.1MB / 41.4MB,6.24MB / 401kB
2026-04-04 17:29:57,repouso,ee13bc4e589c,sistemas-distribuidos-accounts-1,1.90%,69.05MiB / 7.654GiB,0.88%,24.9MB / 42.3MB,14.9MB / 406kB
2026-04-04 17:29:57,repouso,a117783aa7c8,sistemas-distribuidos-middleware-1,0.72%,78.77MiB / 7.654GiB,1.01%,291MB / 273MB,201kB / 786kB
2026-04-04 17:29:57,repouso,088ebce9e27e,kafka-ui,0.13%,551.5MiB / 7.654GiB,7.04%,4.81MB / 24.5MB,92MB / 2.82MB
2026-04-04 17:29:57,repouso,ee37a20584eb,sistemas-distribuidos-kafka-1,5.01%,686.2MiB / 7.654GiB,8.76%,133MB / 163MB,70.2MB / 43.8MB
2026-04-04 17:29:57,repouso,b1267530f40d,sistemas-distribuidos-crm_db-1,0.00%,27.15MiB / 7.654GiB,0.35%,12.5MB / 9.82MB,8.72MB / 125MB
2026-04-04 17:29:57,repouso,f1f8000a605f,sistemas-distribuidos-middleware_db-1,2.20%,66.33MiB / 7.654GiB,0.85%,177MB / 282MB,15.4MB / 624MB
2026-04-04 17:29:57,repouso,ff53aa714b0f,sistemas-distribuidos-accounts_db-1,0.05%,52.35MiB / 7.654GiB,0.67%,12.4MB / 9.3MB,5.3MB / 145MB
2026-04-04 17:29:57,repouso,489d7ba9a64c,sistemas-distribuidos-delivery_db-1,2.06%,29.98MiB / 7.654GiB,0.38%,17.8MB / 15.1MB,10.1MB / 146MB
2026-04-04 17:29:57,repouso,a32314d4dd03,sistemas-distribuidos-payments_db-1,0.03%,31.41MiB / 7.654GiB,0.40%,15.9MB / 13.5MB,12.9MB / 145MB
2026-04-04 17:29:57,repouso,f5429bdd2fb0,sistemas-distribuidos-zookeeper-1,0.91%,157.6MiB / 7.654GiB,2.01%,396kB / 393kB,47.8MB / 430kB
2026-04-04 17:29:57,repouso,86aa92827ac9,sistemas-distribuidos-otel-1,3.03%,741.1MiB / 7.654GiB,9.46%,179MB / 864kB,487MB / 345MB
2026-04-04 17:30:01,pico,510b28b5e515,sistemas-distribuidos-crm-1,1.73%,69.41MiB / 7.654GiB,0.89%,24.4MB / 39.6MB,3.47MB / 401kB
2026-04-04 17:30:01,pico,ff3bf187a9b9,sistemas-distribuidos-delivery-1,1.56%,69.75MiB / 7.654GiB,0.89%,28.3MB / 42MB,4.65MB / 401kB
2026-04-04 17:30:01,pico,ecbfb6f4687b,sistemas-distribuidos-payments-1,1.02%,69.64MiB / 7.654GiB,0.89%,27.2MB / 41.4MB,6.24MB / 401kB
2026-04-04 17:30:01,pico,ee13bc4e589c,sistemas-distribuidos-accounts-1,1.54%,69.05MiB / 7.654GiB,0.88%,24.9MB / 42.3MB,14.9MB / 406kB
2026-04-04 17:30:01,pico,a117783aa7c8,sistemas-distribuidos-middleware-1,1.11%,78.77MiB / 7.654GiB,1.01%,291MB / 273MB,201kB / 786kB
2026-04-04 17:30:01,pico,088ebce9e27e,kafka-ui,0.10%,551.5MiB / 7.654GiB,7.04%,4.81MB / 24.5MB,92MB / 2.82MB
2026-04-04 17:30:01,pico,ee37a20584eb,sistemas-distribuidos-kafka-1,3.56%,686.2MiB / 7.654GiB,8.76%,133MB / 163MB,70.2MB / 43.8MB
2026-04-04 17:30:01,pico,b1267530f40d,sistemas-distribuidos-crm_db-1,5.94%,28.42MiB / 7.654GiB,0.36%,12.8MB / 9.96MB,8.72MB / 130MB
2026-04-04 17:30:01,pico,f1f8000a605f,sistemas-distribuidos-middleware_db-1,0.08%,66.33MiB / 7.654GiB,0.85%,177MB / 282MB,15.4MB / 624MB
2026-04-04 17:30:01,pico,ff53aa714b0f,sistemas-distribuidos-accounts_db-1,7.79%,53.63MiB / 7.654GiB,0.68%,12.7MB / 9.44MB,5.3MB / 150MB
2026-04-04 17:30:01,pico,489d7ba9a64c,sistemas-distribuidos-delivery_db-1,7.21%,31.38MiB / 7.654GiB,0.40%,18.3MB / 15.2MB,10.1MB / 150MB
2026-04-04 17:30:01,pico,a32314d4dd03,sistemas-distribuidos-payments_db-1,7.79%,32.95MiB / 7.654GiB,0.42%,16.4MB / 13.6MB,12.9MB / 150MB
2026-04-04 17:30:01,pico,f5429bdd2fb0,sistemas-distribuidos-zookeeper-1,0.12%,157.6MiB / 7.654GiB,2.01%,396kB / 393kB,47.8MB / 430kB
2026-04-04 17:30:01,pico,86aa92827ac9,sistemas-distribuidos-otel-1,3.98%,741.1MiB / 7.654GiB,9.46%,179MB / 864kB,487MB / 345MB
2026-04-04 17:30:04,pico,510b28b5e515,sistemas-distribuidos-crm-1,32.00%,69.42MiB / 7.654GiB,0.89%,24.4MB / 39.6MB,3.47MB / 401kB
2026-04-04 17:30:04,pico,ff3bf187a9b9,sistemas-distribuidos-delivery-1,31.72%,69.77MiB / 7.654GiB,0.89%,28.4MB / 42.1MB,4.65MB / 401kB
2026-04-04 17:30:04,pico,ecbfb6f4687b,sistemas-distribuidos-payments-1,47.40%,69.66MiB / 7.654GiB,0.89%,27.3MB / 41.6MB,6.24MB / 401kB
2026-04-04 17:30:04,pico,ee13bc4e589c,sistemas-distribuidos-accounts-1,24.90%,69.05MiB / 7.654GiB,0.88%,24.9MB / 42.4MB,14.9MB / 406kB
2026-04-04 17:30:04,pico,a117783aa7c8,sistemas-distribuidos-middleware-1,87.85%,78.95MiB / 7.654GiB,1.01%,292MB / 274MB,201kB / 786kB
2026-04-04 17:30:04,pico,088ebce9e27e,kafka-ui,3.78%,551.5MiB / 7.654GiB,7.04%,4.81MB / 24.5MB,92MB / 2.82MB
2026-04-04 17:30:04,pico,ee37a20584eb,sistemas-distribuidos-kafka-1,35.29%,686.3MiB / 7.654GiB,8.76%,133MB / 163MB,70.2MB / 43.8MB
2026-04-04 17:30:04,pico,b1267530f40d,sistemas-distribuidos-crm_db-1,4.62%,27.16MiB / 7.654GiB,0.35%,13MB / 10.1MB,8.72MB / 133MB
2026-04-04 17:30:04,pico,f1f8000a605f,sistemas-distribuidos-middleware_db-1,24.62%,66.35MiB / 7.654GiB,0.85%,177MB / 283MB,15.4MB / 626MB
2026-04-04 17:30:04,pico,ff53aa714b0f,sistemas-distribuidos-accounts_db-1,8.07%,52.39MiB / 7.654GiB,0.67%,12.9MB / 9.57MB,5.3MB / 153MB
2026-04-04 17:30:04,pico,489d7ba9a64c,sistemas-distribuidos-delivery_db-1,6.56%,30MiB / 7.654GiB,0.38%,18.6MB / 15.4MB,10.1MB / 154MB
2026-04-04 17:30:04,pico,a32314d4dd03,sistemas-distribuidos-payments_db-1,4.26%,31.43MiB / 7.654GiB,0.40%,16.7MB / 13.7MB,12.9MB / 153MB
2026-04-04 17:30:04,pico,f5429bdd2fb0,sistemas-distribuidos-zookeeper-1,1.50%,157.6MiB / 7.654GiB,2.01%,396kB / 393kB,47.8MB / 430kB
2026-04-04 17:30:04,pico,86aa92827ac9,sistemas-distribuidos-otel-1,30.24%,760.9MiB / 7.654GiB,9.71%,179MB / 866kB,487MB / 345MB
2026-04-04 17:30:09,pico,510b28b5e515,sistemas-distribuidos-crm-1,35.02%,69.37MiB / 7.654GiB,0.89%,24.6MB / 39.9MB,3.47MB / 401kB
2026-04-04 17:30:09,pico,ff3bf187a9b9,sistemas-distribuidos-delivery-1,15.11%,70MiB / 7.654GiB,0.89%,28.5MB / 42.3MB,4.65MB / 401kB
2026-04-04 17:30:09,pico,ecbfb6f4687b,sistemas-distribuidos-payments-1,19.14%,69.91MiB / 7.654GiB,0.89%,27.3MB / 41.6MB,6.24MB / 401kB
2026-04-04 17:30:09,pico,ee13bc4e589c,sistemas-distribuidos-accounts-1,18.56%,70.31MiB / 7.654GiB,0.90%,25MB / 42.6MB,14.9MB / 406kB
2026-04-04 17:30:09,pico,a117783aa7c8,sistemas-distribuidos-middleware-1,74.61%,80.1MiB / 7.654GiB,1.02%,293MB / 275MB,201kB / 786kB
2026-04-04 17:30:09,pico,088ebce9e27e,kafka-ui,16.65%,551.5MiB / 7.654GiB,7.04%,4.83MB / 24.5MB,92MB / 2.82MB
2026-04-04 17:30:09,pico,ee37a20584eb,sistemas-distribuidos-kafka-1,55.86%,686.2MiB / 7.654GiB,8.76%,133MB / 164MB,70.2MB / 43.8MB
2026-04-04 17:30:09,pico,b1267530f40d,sistemas-distribuidos-crm_db-1,1.94%,27.17MiB / 7.654GiB,0.35%,13MB / 10.1MB,8.72MB / 133MB
2026-04-04 17:30:09,pico,f1f8000a605f,sistemas-distribuidos-middleware_db-1,19.98%,66.35MiB / 7.654GiB,0.85%,178MB / 284MB,15.4MB / 627MB
2026-04-04 17:30:09,pico,ff53aa714b0f,sistemas-distribuidos-accounts_db-1,7.20%,52.38MiB / 7.654GiB,0.67%,12.9MB / 9.6MB,5.3MB / 154MB
2026-04-04 17:30:09,pico,489d7ba9a64c,sistemas-distribuidos-delivery_db-1,2.78%,29.99MiB / 7.654GiB,0.38%,18.7MB / 15.4MB,10.1MB / 154MB
2026-04-04 17:30:09,pico,a32314d4dd03,sistemas-distribuidos-payments_db-1,3.14%,31.43MiB / 7.654GiB,0.40%,16.7MB / 13.8MB,12.9MB / 153MB
2026-04-04 17:30:09,pico,f5429bdd2fb0,sistemas-distribuidos-zookeeper-1,3.94%,157.6MiB / 7.654GiB,2.01%,397kB / 394kB,47.8MB / 430kB
2026-04-04 17:30:09,pico,86aa92827ac9,sistemas-distribuidos-otel-1,48.76%,808.9MiB / 7.654GiB,10.32%,180MB / 870kB,488MB / 345MB
2026-04-04 17:30:14,pico,510b28b5e515,sistemas-distribuidos-crm-1,24.19%,69.39MiB / 7.654GiB,0.89%,24.6MB / 40.1MB,3.47MB / 401kB
2026-04-04 17:30:14,pico,ff3bf187a9b9,sistemas-distribuidos-delivery-1,17.37%,70MiB / 7.654GiB,0.89%,28.6MB / 42.4MB,4.65MB / 401kB
2026-04-04 17:30:14,pico,ecbfb6f4687b,sistemas-distribuidos-payments-1,23.25%,69.84MiB / 7.654GiB,0.89%,27.4MB / 41.9MB,6.24MB / 401kB
2026-04-04 17:30:14,pico,ee13bc4e589c,sistemas-distribuidos-accounts-1,19.59%,69.41MiB / 7.654GiB,0.89%,25.1MB / 42.7MB,14.9MB / 406kB
2026-04-04 17:30:14,pico,a117783aa7c8,sistemas-distribuidos-middleware-1,68.66%,80.43MiB / 7.654GiB,1.03%,293MB / 276MB,201kB / 786kB
2026-04-04 17:30:14,pico,088ebce9e27e,kafka-ui,0.50%,551.5MiB / 7.654GiB,7.04%,4.83MB / 24.5MB,92MB / 2.82MB
2026-04-04 17:30:14,pico,ee37a20584eb,sistemas-distribuidos-kafka-1,28.50%,686.2MiB / 7.654GiB,8.76%,133MB / 164MB,70.2MB / 43.9MB
2026-04-04 17:30:14,pico,b1267530f40d,sistemas-distribuidos-crm_db-1,3.16%,27.17MiB / 7.654GiB,0.35%,13.1MB / 10.1MB,8.72MB / 133MB
2026-04-04 17:30:14,pico,f1f8000a605f,sistemas-distribuidos-middleware_db-1,19.16%,66.36MiB / 7.654GiB,0.85%,178MB / 284MB,15.4MB / 629MB
2026-04-04 17:30:14,pico,ff53aa714b0f,sistemas-distribuidos-accounts_db-1,7.69%,52.38MiB / 7.654GiB,0.67%,13MB / 9.62MB,5.3MB / 154MB
2026-04-04 17:30:14,pico,489d7ba9a64c,sistemas-distribuidos-delivery_db-1,4.42%,30MiB / 7.654GiB,0.38%,18.7MB / 15.5MB,10.1MB / 154MB
2026-04-04 17:30:14,pico,a32314d4dd03,sistemas-distribuidos-payments_db-1,3.07%,31.43MiB / 7.654GiB,0.40%,16.7MB / 13.8MB,12.9MB / 153MB
2026-04-04 17:30:14,pico,f5429bdd2fb0,sistemas-distribuidos-zookeeper-1,1.03%,157.6MiB / 7.654GiB,2.01%,397kB / 394kB,47.8MB / 430kB
2026-04-04 17:30:14,pico,86aa92827ac9,sistemas-distribuidos-otel-1,125.86%,830.3MiB / 7.654GiB,10.59%,180MB / 871kB,488MB / 347MB
2026-04-04 17:30:19,pico,510b28b5e515,sistemas-distribuidos-crm-1,17.50%,69.39MiB / 7.654GiB,0.89%,24.7MB / 40.1MB,3.47MB / 401kB
2026-04-04 17:30:19,pico,ff3bf187a9b9,sistemas-distribuidos-delivery-1,53.89%,69.52MiB / 7.654GiB,0.89%,28.7MB / 42.6MB,4.65MB / 401kB
2026-04-04 17:30:19,pico,ecbfb6f4687b,sistemas-distribuidos-payments-1,76.29%,69.49MiB / 7.654GiB,0.89%,27.5MB / 42.1MB,6.24MB / 401kB
2026-04-04 17:30:19,pico,ee13bc4e589c,sistemas-distribuidos-accounts-1,58.17%,69.98MiB / 7.654GiB,0.89%,25.1MB / 42.9MB,14.9MB / 406kB
2026-04-04 17:30:19,pico,a117783aa7c8,sistemas-distribuidos-middleware-1,93.75%,80.31MiB / 7.654GiB,1.02%,295MB / 277MB,201kB / 786kB
2026-04-04 17:30:19,pico,088ebce9e27e,kafka-ui,3.58%,551.5MiB / 7.654GiB,7.04%,4.83MB / 24.5MB,92MB / 2.82MB
2026-04-04 17:30:19,pico,ee37a20584eb,sistemas-distribuidos-kafka-1,105.29%,686.2MiB / 7.654GiB,8.76%,134MB / 164MB,70.2MB / 43.9MB
2026-04-04 17:30:19,pico,b1267530f40d,sistemas-distribuidos-crm_db-1,4.57%,27.16MiB / 7.654GiB,0.35%,13.1MB / 10.2MB,8.72MB / 133MB
2026-04-04 17:30:19,pico,f1f8000a605f,sistemas-distribuidos-middleware_db-1,33.39%,66.36MiB / 7.654GiB,0.85%,179MB / 285MB,15.4MB / 631MB
2026-04-04 17:30:19,pico,ff53aa714b0f,sistemas-distribuidos-accounts_db-1,4.05%,52.39MiB / 7.654GiB,0.67%,13MB / 9.65MB,5.3MB / 154MB
2026-04-04 17:30:19,pico,489d7ba9a64c,sistemas-distribuidos-delivery_db-1,20.85%,30MiB / 7.654GiB,0.38%,18.8MB / 15.5MB,10.1MB / 154MB
2026-04-04 17:30:19,pico,a32314d4dd03,sistemas-distribuidos-payments_db-1,23.09%,31.43MiB / 7.654GiB,0.40%,16.8MB / 13.9MB,12.9MB / 153MB
2026-04-04 17:30:19,pico,f5429bdd2fb0,sistemas-distribuidos-zookeeper-1,38.99%,157.6MiB / 7.654GiB,2.01%,397kB / 395kB,47.8MB / 430kB
2026-04-04 17:30:19,pico,86aa92827ac9,sistemas-distribuidos-otel-1,138.59%,851.9MiB / 7.654GiB,10.87%,181MB / 876kB,488MB / 347MB
2026-04-04 17:30:24,pico,510b28b5e515,sistemas-distribuidos-crm-1,18.93%,69.25MiB / 7.654GiB,0.88%,24.8MB / 40.3MB,3.47MB / 401kB
2026-04-04 17:30:24,pico,ff3bf187a9b9,sistemas-distribuidos-delivery-1,19.69%,69.52MiB / 7.654GiB,0.89%,28.8MB / 42.8MB,4.65MB / 401kB
2026-04-04 17:30:24,pico,ecbfb6f4687b,sistemas-distribuidos-payments-1,16.29%,69.48MiB / 7.654GiB,0.89%,27.6MB / 42.2MB,6.24MB / 401kB
2026-04-04 17:30:24,pico,ee13bc4e589c,sistemas-distribuidos-accounts-1,15.18%,69.87MiB / 7.654GiB,0.89%,25.2MB / 43.1MB,14.9MB / 406kB
2026-04-04 17:30:24,pico,a117783aa7c8,sistemas-distribuidos-middleware-1,67.85%,79.54MiB / 7.654GiB,1.01%,296MB / 278MB,201kB / 786kB
2026-04-04 17:30:24,pico,088ebce9e27e,kafka-ui,0.27%,551.5MiB / 7.654GiB,7.04%,4.83MB / 24.5MB,92MB / 2.83MB
2026-04-04 17:30:24,pico,ee37a20584eb,sistemas-distribuidos-kafka-1,24.87%,686.2MiB / 7.654GiB,8.76%,134MB / 164MB,70.2MB / 43.9MB
2026-04-04 17:30:24,pico,b1267530f40d,sistemas-distribuidos-crm_db-1,1.47%,27.16MiB / 7.654GiB,0.35%,13.1MB / 10.2MB,8.72MB / 133MB
2026-04-04 17:30:24,pico,f1f8000a605f,sistemas-distribuidos-middleware_db-1,16.77%,66.36MiB / 7.654GiB,0.85%,180MB / 286MB,15.4MB / 633MB
2026-04-04 17:30:24,pico,ff53aa714b0f,sistemas-distribuidos-accounts_db-1,9.12%,52.39MiB / 7.654GiB,0.67%,13MB / 9.68MB,5.3MB / 154MB
2026-04-04 17:30:24,pico,489d7ba9a64c,sistemas-distribuidos-delivery_db-1,2.57%,30MiB / 7.654GiB,0.38%,18.8MB / 15.6MB,10.1MB / 154MB
2026-04-04 17:30:24,pico,a32314d4dd03,sistemas-distribuidos-payments_db-1,2.52%,31.43MiB / 7.654GiB,0.40%,16.8MB / 13.9MB,12.9MB / 154MB
2026-04-04 17:30:24,pico,f5429bdd2fb0,sistemas-distribuidos-zookeeper-1,6.14%,157.6MiB / 7.654GiB,2.01%,398kB / 395kB,47.8MB / 430kB
2026-04-04 17:30:24,pico,86aa92827ac9,sistemas-distribuidos-otel-1,29.22%,836.9MiB / 7.654GiB,10.68%,182MB / 878kB,488MB / 348MB
2026-04-04 17:30:28,pico,510b28b5e515,sistemas-distribuidos-crm-1,19.47%,69.38MiB / 7.654GiB,0.89%,24.8MB / 40.5MB,3.47MB / 401kB
2026-04-04 17:30:28,pico,ff3bf187a9b9,sistemas-distribuidos-delivery-1,18.38%,69.5MiB / 7.654GiB,0.89%,28.9MB / 42.9MB,4.65MB / 401kB
2026-04-04 17:30:28,pico,ecbfb6f4687b,sistemas-distribuidos-payments-1,20.25%,69.66MiB / 7.654GiB,0.89%,27.7MB / 42.4MB,6.24MB / 401kB
2026-04-04 17:30:28,pico,ee13bc4e589c,sistemas-distribuidos-accounts-1,19.11%,69.91MiB / 7.654GiB,0.89%,25.3MB / 43.2MB,14.9MB / 406kB
2026-04-04 17:30:28,pico,a117783aa7c8,sistemas-distribuidos-middleware-1,72.60%,80.12MiB / 7.654GiB,1.02%,297MB / 279MB,201kB / 786kB
2026-04-04 17:30:28,pico,088ebce9e27e,kafka-ui,1.51%,551.5MiB / 7.654GiB,7.04%,4.83MB / 24.5MB,92MB / 2.83MB
2026-04-04 17:30:28,pico,ee37a20584eb,sistemas-distribuidos-kafka-1,40.31%,686.5MiB / 7.654GiB,8.76%,134MB / 164MB,70.2MB / 43.9MB
2026-04-04 17:30:28,pico,b1267530f40d,sistemas-distribuidos-crm_db-1,2.36%,27.17MiB / 7.654GiB,0.35%,13.2MB / 10.2MB,8.72MB / 134MB
2026-04-04 17:30:28,pico,f1f8000a605f,sistemas-distribuidos-middleware_db-1,16.99%,66.37MiB / 7.654GiB,0.85%,180MB / 287MB,15.4MB / 635MB
2026-04-04 17:30:28,pico,ff53aa714b0f,sistemas-distribuidos-accounts_db-1,8.13%,52.39MiB / 7.654GiB,0.67%,13.1MB / 9.72MB,5.3MB / 154MB
2026-04-04 17:30:28,pico,489d7ba9a64c,sistemas-distribuidos-delivery_db-1,3.97%,30MiB / 7.654GiB,0.38%,18.9MB / 15.6MB,10.1MB / 154MB
2026-04-04 17:30:28,pico,a32314d4dd03,sistemas-distribuidos-payments_db-1,5.05%,31.45MiB / 7.654GiB,0.40%,16.9MB / 14MB,12.9MB / 154MB
2026-04-04 17:30:28,pico,f5429bdd2fb0,sistemas-distribuidos-zookeeper-1,3.80%,157.6MiB / 7.654GiB,2.01%,398kB / 395kB,47.8MB / 430kB
2026-04-04 17:30:28,pico,86aa92827ac9,sistemas-distribuidos-otel-1,134.63%,833.4MiB / 7.654GiB,10.63%,182MB / 881kB,488MB / 350MB
2026-04-04 17:30:33,pico,510b28b5e515,sistemas-distribuidos-crm-1,27.36%,69.41MiB / 7.654GiB,0.89%,24.9MB / 40.7MB,3.47MB / 401kB
2026-04-04 17:30:33,pico,ff3bf187a9b9,sistemas-distribuidos-delivery-1,21.35%,70MiB / 7.654GiB,0.89%,29MB / 43.2MB,4.65MB / 401kB
2026-04-04 17:30:33,pico,ecbfb6f4687b,sistemas-distribuidos-payments-1,28.67%,69.7MiB / 7.654GiB,0.89%,27.8MB / 42.6MB,6.24MB / 401kB
2026-04-04 17:30:33,pico,ee13bc4e589c,sistemas-distribuidos-accounts-1,27.95%,70.56MiB / 7.654GiB,0.90%,25.4MB / 43.5MB,14.9MB / 406kB
2026-04-04 17:30:33,pico,a117783aa7c8,sistemas-distribuidos-middleware-1,68.50%,79.51MiB / 7.654GiB,1.01%,299MB / 281MB,201kB / 786kB
2026-04-04 17:30:33,pico,088ebce9e27e,kafka-ui,2.08%,551.5MiB / 7.654GiB,7.04%,4.83MB / 24.5MB,92MB / 2.83MB
2026-04-04 17:30:33,pico,ee37a20584eb,sistemas-distribuidos-kafka-1,61.39%,686.3MiB / 7.654GiB,8.76%,135MB / 165MB,70.2MB / 43.9MB
2026-04-04 17:30:33,pico,b1267530f40d,sistemas-distribuidos-crm_db-1,2.29%,27.17MiB / 7.654GiB,0.35%,13.2MB / 10.3MB,8.72MB / 134MB
2026-04-04 17:30:33,pico,f1f8000a605f,sistemas-distribuidos-middleware_db-1,41.92%,66.39MiB / 7.654GiB,0.85%,181MB / 289MB,15.4MB / 638MB
2026-04-04 17:30:33,pico,ff53aa714b0f,sistemas-distribuidos-accounts_db-1,3.92%,52.4MiB / 7.654GiB,0.67%,13.1MB / 9.76MB,5.3MB / 154MB
2026-04-04 17:30:33,pico,489d7ba9a64c,sistemas-distribuidos-delivery_db-1,5.57%,30MiB / 7.654GiB,0.38%,18.9MB / 15.7MB,10.1MB / 155MB
2026-04-04 17:30:33,pico,a32314d4dd03,sistemas-distribuidos-payments_db-1,3.71%,31.45MiB / 7.654GiB,0.40%,16.9MB / 14MB,12.9MB / 154MB
2026-04-04 17:30:33,pico,f5429bdd2fb0,sistemas-distribuidos-zookeeper-1,2.92%,157.6MiB / 7.654GiB,2.01%,398kB / 395kB,47.8MB / 430kB
2026-04-04 17:30:33,pico,86aa92827ac9,sistemas-distribuidos-otel-1,86.65%,859.4MiB / 7.654GiB,10.97%,184MB / 885kB,488MB / 350MB
2026-04-04 17:30:37,pico,510b28b5e515,sistemas-distribuidos-crm-1,17.29%,69.42MiB / 7.654GiB,0.89%,25MB / 40.9MB,3.47MB / 401kB
2026-04-04 17:30:37,pico,ff3bf187a9b9,sistemas-distribuidos-delivery-1,25.72%,70.03MiB / 7.654GiB,0.89%,29.1MB / 43.5MB,4.65MB / 401kB
2026-04-04 17:30:37,pico,ecbfb6f4687b,sistemas-distribuidos-payments-1,16.14%,69.79MiB / 7.654GiB,0.89%,27.9MB / 42.8MB,6.24MB / 401kB
2026-04-04 17:30:37,pico,ee13bc4e589c,sistemas-distribuidos-accounts-1,28.55%,70.28MiB / 7.654GiB,0.90%,25.5MB / 43.7MB,14.9MB / 406kB
2026-04-04 17:30:37,pico,a117783aa7c8,sistemas-distribuidos-middleware-1,67.27%,80.92MiB / 7.654GiB,1.03%,300MB / 282MB,201kB / 786kB
2026-04-04 17:30:37,pico,088ebce9e27e,kafka-ui,0.57%,551.5MiB / 7.654GiB,7.04%,4.83MB / 24.5MB,92MB / 2.83MB
2026-04-04 17:30:37,pico,ee37a20584eb,sistemas-distribuidos-kafka-1,24.39%,688MiB / 7.654GiB,8.78%,135MB / 165MB,70.2MB / 43.9MB
2026-04-04 17:30:37,pico,b1267530f40d,sistemas-distribuidos-crm_db-1,2.39%,27.16MiB / 7.654GiB,0.35%,13.3MB / 10.3MB,8.72MB / 134MB
2026-04-04 17:30:37,pico,f1f8000a605f,sistemas-distribuidos-middleware_db-1,19.95%,66.37MiB / 7.654GiB,0.85%,182MB / 290MB,15.4MB / 640MB
2026-04-04 17:30:37,pico,ff53aa714b0f,sistemas-distribuidos-accounts_db-1,4.19%,52.39MiB / 7.654GiB,0.67%,13.2MB / 9.8MB,5.3MB / 155MB
2026-04-04 17:30:37,pico,489d7ba9a64c,sistemas-distribuidos-delivery_db-1,3.54%,30MiB / 7.654GiB,0.38%,19MB / 15.7MB,10.1MB / 155MB
2026-04-04 17:30:37,pico,a32314d4dd03,sistemas-distribuidos-payments_db-1,4.19%,31.45MiB / 7.654GiB,0.40%,17MB / 14.1MB,12.9MB / 154MB
2026-04-04 17:30:37,pico,f5429bdd2fb0,sistemas-distribuidos-zookeeper-1,0.58%,157.6MiB / 7.654GiB,2.01%,398kB / 395kB,47.8MB / 430kB
2026-04-04 17:30:37,pico,86aa92827ac9,sistemas-distribuidos-otel-1,61.34%,866.2MiB / 7.654GiB,11.05%,184MB / 889kB,488MB / 350MB
2026-04-04 17:30:41,pico,510b28b5e515,sistemas-distribuidos-crm-1,31.08%,69.42MiB / 7.654GiB,0.89%,25.1MB / 41.1MB,3.47MB / 401kB
2026-04-04 17:30:41,pico,ff3bf187a9b9,sistemas-distribuidos-delivery-1,19.09%,70.03MiB / 7.654GiB,0.89%,29.2MB / 43.5MB,4.65MB / 401kB
2026-04-04 17:30:41,pico,ecbfb6f4687b,sistemas-distribuidos-payments-1,28.09%,70MiB / 7.654GiB,0.89%,28MB / 43.1MB,6.24MB / 401kB
2026-04-04 17:30:41,pico,ee13bc4e589c,sistemas-distribuidos-accounts-1,23.70%,70.29MiB / 7.654GiB,0.90%,25.6MB / 43.8MB,14.9MB / 406kB
2026-04-04 17:30:41,pico,a117783aa7c8,sistemas-distribuidos-middleware-1,76.03%,79.7MiB / 7.654GiB,1.02%,301MB / 283MB,201kB / 786kB
2026-04-04 17:30:41,pico,088ebce9e27e,kafka-ui,0.34%,551.5MiB / 7.654GiB,7.04%,4.84MB / 24.5MB,92MB / 2.83MB
2026-04-04 17:30:41,pico,ee37a20584eb,sistemas-distribuidos-kafka-1,34.09%,687.8MiB / 7.654GiB,8.78%,135MB / 165MB,70.2MB / 43.9MB
2026-04-04 17:30:41,pico,b1267530f40d,sistemas-distribuidos-crm_db-1,2.50%,27.16MiB / 7.654GiB,0.35%,13.3MB / 10.4MB,8.72MB / 134MB
2026-04-04 17:30:41,pico,f1f8000a605f,sistemas-distribuidos-middleware_db-1,18.88%,66.37MiB / 7.654GiB,0.85%,183MB / 291MB,15.4MB / 642MB
2026-04-04 17:30:41,pico,ff53aa714b0f,sistemas-distribuidos-accounts_db-1,9.13%,52.38MiB / 7.654GiB,0.67%,13.2MB / 9.84MB,5.3MB / 155MB
2026-04-04 17:30:41,pico,489d7ba9a64c,sistemas-distribuidos-delivery_db-1,4.15%,30MiB / 7.654GiB,0.38%,19MB / 15.8MB,10.1MB / 155MB
2026-04-04 17:30:41,pico,a32314d4dd03,sistemas-distribuidos-payments_db-1,3.46%,31.45MiB / 7.654GiB,0.40%,17MB / 14.1MB,12.9MB / 154MB
2026-04-04 17:30:41,pico,f5429bdd2fb0,sistemas-distribuidos-zookeeper-1,9.36%,157.6MiB / 7.654GiB,2.01%,399kB / 396kB,47.8MB / 430kB
2026-04-04 17:30:41,pico,86aa92827ac9,sistemas-distribuidos-otel-1,99.21%,869MiB / 7.654GiB,11.09%,185MB / 891kB,488MB / 350MB
2026-04-04 17:30:45,pico,510b28b5e515,sistemas-distribuidos-crm-1,15.23%,69.42MiB / 7.654GiB,0.89%,25.2MB / 41.2MB,3.47MB / 401kB
2026-04-04 17:30:45,pico,ff3bf187a9b9,sistemas-distribuidos-delivery-1,16.80%,69.76MiB / 7.654GiB,0.89%,29.4MB / 43.8MB,4.65MB / 401kB
2026-04-04 17:30:45,pico,ecbfb6f4687b,sistemas-distribuidos-payments-1,29.31%,70MiB / 7.654GiB,0.89%,28.1MB / 43.3MB,6.24MB / 401kB
2026-04-04 17:30:45,pico,ee13bc4e589c,sistemas-distribuidos-accounts-1,16.91%,70.2MiB / 7.654GiB,0.90%,25.7MB / 44MB,14.9MB / 406kB
2026-04-04 17:30:45,pico,a117783aa7c8,sistemas-distribuidos-middleware-1,75.94%,80.28MiB / 7.654GiB,1.02%,303MB / 285MB,201kB / 786kB
2026-04-04 17:30:45,pico,088ebce9e27e,kafka-ui,0.46%,551.6MiB / 7.654GiB,7.04%,4.84MB / 24.5MB,92MB / 2.83MB
2026-04-04 17:30:45,pico,ee37a20584eb,sistemas-distribuidos-kafka-1,22.14%,687.5MiB / 7.654GiB,8.77%,135MB / 166MB,70.2MB / 45.1MB
2026-04-04 17:30:45,pico,b1267530f40d,sistemas-distribuidos-crm_db-1,3.64%,27.17MiB / 7.654GiB,0.35%,13.3MB / 10.4MB,8.72MB / 135MB
2026-04-04 17:30:45,pico,f1f8000a605f,sistemas-distribuidos-middleware_db-1,18.12%,66.38MiB / 7.654GiB,0.85%,184MB / 293MB,15.4MB / 645MB
2026-04-04 17:30:45,pico,ff53aa714b0f,sistemas-distribuidos-accounts_db-1,7.91%,52.38MiB / 7.654GiB,0.67%,13.3MB / 9.88MB,5.3MB / 155MB
2026-04-04 17:30:45,pico,489d7ba9a64c,sistemas-distribuidos-delivery_db-1,6.23%,30.25MiB / 7.654GiB,0.39%,19.1MB / 15.9MB,10.1MB / 156MB
2026-04-04 17:30:45,pico,a32314d4dd03,sistemas-distribuidos-payments_db-1,9.60%,31.45MiB / 7.654GiB,0.40%,17.1MB / 14.2MB,12.9MB / 155MB
2026-04-04 17:30:45,pico,f5429bdd2fb0,sistemas-distribuidos-zookeeper-1,2.67%,157.6MiB / 7.654GiB,2.01%,399kB / 396kB,47.8MB / 430kB
2026-04-04 17:30:45,pico,86aa92827ac9,sistemas-distribuidos-otel-1,106.00%,886MiB / 7.654GiB,11.30%,186MB / 895kB,488MB / 354MB
2026-04-04 17:30:49,pico,510b28b5e515,sistemas-distribuidos-crm-1,22.01%,69.43MiB / 7.654GiB,0.89%,25.3MB / 41.5MB,3.47MB / 401kB
2026-04-04 17:30:49,pico,ff3bf187a9b9,sistemas-distribuidos-delivery-1,20.34%,70.03MiB / 7.654GiB,0.89%,29.5MB / 44MB,4.65MB / 401kB
2026-04-04 17:30:49,pico,ecbfb6f4687b,sistemas-distribuidos-payments-1,24.82%,70MiB / 7.654GiB,0.89%,28.2MB / 43.4MB,6.24MB / 401kB
2026-04-04 17:30:49,pico,ee13bc4e589c,sistemas-distribuidos-accounts-1,22.96%,70.48MiB / 7.654GiB,0.90%,25.8MB / 44.3MB,14.9MB / 406kB
2026-04-04 17:30:49,pico,a117783aa7c8,sistemas-distribuidos-middleware-1,70.78%,79.6MiB / 7.654GiB,1.02%,304MB / 286MB,201kB / 786kB
2026-04-04 17:30:49,pico,088ebce9e27e,kafka-ui,1.27%,551.6MiB / 7.654GiB,7.04%,4.84MB / 24.5MB,92MB / 2.83MB
2026-04-04 17:30:49,pico,ee37a20584eb,sistemas-distribuidos-kafka-1,44.30%,687.5MiB / 7.654GiB,8.77%,136MB / 166MB,70.2MB / 45.1MB
2026-04-04 17:30:49,pico,b1267530f40d,sistemas-distribuidos-crm_db-1,2.22%,27.17MiB / 7.654GiB,0.35%,13.4MB / 10.4MB,8.72MB / 135MB
2026-04-04 17:30:49,pico,f1f8000a605f,sistemas-distribuidos-middleware_db-1,23.58%,66.38MiB / 7.654GiB,0.85%,184MB / 294MB,15.4MB / 647MB
2026-04-04 17:30:49,pico,ff53aa714b0f,sistemas-distribuidos-accounts_db-1,7.30%,52.39MiB / 7.654GiB,0.67%,13.3MB / 9.92MB,5.3MB / 155MB
2026-04-04 17:30:49,pico,489d7ba9a64c,sistemas-distribuidos-delivery_db-1,5.21%,30MiB / 7.654GiB,0.38%,19.1MB / 15.9MB,10.1MB / 156MB
2026-04-04 17:30:49,pico,a32314d4dd03,sistemas-distribuidos-payments_db-1,3.00%,31.45MiB / 7.654GiB,0.40%,17.1MB / 14.3MB,12.9MB / 155MB
2026-04-04 17:30:49,pico,f5429bdd2fb0,sistemas-distribuidos-zookeeper-1,2.07%,157.6MiB / 7.654GiB,2.01%,399kB / 396kB,47.8MB / 430kB
2026-04-04 17:30:49,pico,86aa92827ac9,sistemas-distribuidos-otel-1,13.94%,897.2MiB / 7.654GiB,11.45%,187MB / 897kB,488MB / 354MB
2026-04-04 17:30:54,pico,510b28b5e515,sistemas-distribuidos-crm-1,81.50%,69.44MiB / 7.654GiB,0.89%,25.4MB / 41.7MB,3.47MB / 401kB
2026-04-04 17:30:54,pico,ff3bf187a9b9,sistemas-distribuidos-delivery-1,66.04%,69.72MiB / 7.654GiB,0.89%,29.6MB / 44.2MB,4.65MB / 401kB
2026-04-04 17:30:54,pico,ecbfb6f4687b,sistemas-distribuidos-payments-1,64.15%,70.02MiB / 7.654GiB,0.89%,28.3MB / 43.6MB,6.24MB / 401kB
2026-04-04 17:30:54,pico,ee13bc4e589c,sistemas-distribuidos-accounts-1,103.17%,70.47MiB / 7.654GiB,0.90%,25.8MB / 44.5MB,14.9MB / 406kB
2026-04-04 17:30:54,pico,a117783aa7c8,sistemas-distribuidos-middleware-1,145.43%,78.3MiB / 7.654GiB,1.00%,305MB / 287MB,201kB / 786kB
2026-04-04 17:30:54,pico,088ebce9e27e,kafka-ui,6.34%,551.6MiB / 7.654GiB,7.04%,4.84MB / 24.5MB,92MB / 2.84MB
2026-04-04 17:30:54,pico,ee37a20584eb,sistemas-distribuidos-kafka-1,27.67%,688.8MiB / 7.654GiB,8.79%,136MB / 166MB,70.2MB / 45.1MB
2026-04-04 17:30:54,pico,b1267530f40d,sistemas-distribuidos-crm_db-1,2.03%,27.18MiB / 7.654GiB,0.35%,13.4MB / 10.5MB,8.72MB / 135MB
2026-04-04 17:30:54,pico,f1f8000a605f,sistemas-distribuidos-middleware_db-1,38.45%,66.36MiB / 7.654GiB,0.85%,185MB / 295MB,15.4MB / 649MB
2026-04-04 17:30:54,pico,ff53aa714b0f,sistemas-distribuidos-accounts_db-1,10.20%,52.37MiB / 7.654GiB,0.67%,13.3MB / 9.95MB,5.3MB / 155MB
2026-04-04 17:30:54,pico,489d7ba9a64c,sistemas-distribuidos-delivery_db-1,2.60%,30MiB / 7.654GiB,0.38%,19.2MB / 16MB,10.1MB / 156MB
2026-04-04 17:30:54,pico,a32314d4dd03,sistemas-distribuidos-payments_db-1,3.65%,31.44MiB / 7.654GiB,0.40%,17.2MB / 14.3MB,12.9MB / 155MB
2026-04-04 17:30:54,pico,f5429bdd2fb0,sistemas-distribuidos-zookeeper-1,13.46%,157.6MiB / 7.654GiB,2.01%,399kB / 396kB,47.8MB / 430kB
2026-04-04 17:30:54,pico,86aa92827ac9,sistemas-distribuidos-otel-1,238.95%,911.4MiB / 7.654GiB,11.63%,187MB / 901kB,488MB / 354MB
2026-04-04 17:30:59,pico,510b28b5e515,sistemas-distribuidos-crm-1,21.28%,69.14MiB / 7.654GiB,0.88%,25.4MB / 41.8MB,3.47MB / 401kB
2026-04-04 17:30:59,pico,ff3bf187a9b9,sistemas-distribuidos-delivery-1,22.71%,69.73MiB / 7.654GiB,0.89%,29.7MB / 44.4MB,4.65MB / 401kB
2026-04-04 17:30:59,pico,ecbfb6f4687b,sistemas-distribuidos-payments-1,21.82%,69.42MiB / 7.654GiB,0.89%,28.4MB / 43.8MB,6.24MB / 401kB
2026-04-04 17:30:59,pico,ee13bc4e589c,sistemas-distribuidos-accounts-1,19.62%,69.44MiB / 7.654GiB,0.89%,25.9MB / 44.6MB,14.9MB / 406kB
2026-04-04 17:30:59,pico,a117783aa7c8,sistemas-distribuidos-middleware-1,80.49%,80.07MiB / 7.654GiB,1.02%,306MB / 288MB,201kB / 786kB
2026-04-04 17:30:59,pico,088ebce9e27e,kafka-ui,1.59%,551.6MiB / 7.654GiB,7.04%,4.84MB / 24.5MB,92MB / 2.84MB
2026-04-04 17:30:59,pico,ee37a20584eb,sistemas-distribuidos-kafka-1,34.21%,688.7MiB / 7.654GiB,8.79%,136MB / 167MB,70.2MB / 45.1MB
2026-04-04 17:30:59,pico,b1267530f40d,sistemas-distribuidos-crm_db-1,2.43%,27.17MiB / 7.654GiB,0.35%,13.5MB / 10.5MB,8.72MB / 135MB
2026-04-04 17:30:59,pico,f1f8000a605f,sistemas-distribuidos-middleware_db-1,22.87%,66.64MiB / 7.654GiB,0.85%,186MB / 296MB,15.4MB / 651MB
2026-04-04 17:30:59,pico,ff53aa714b0f,sistemas-distribuidos-accounts_db-1,5.55%,52.37MiB / 7.654GiB,0.67%,13.4MB / 9.98MB,5.3MB / 156MB
2026-04-04 17:30:59,pico,489d7ba9a64c,sistemas-distribuidos-delivery_db-1,4.87%,30MiB / 7.654GiB,0.38%,19.2MB / 16MB,10.1MB / 156MB
2026-04-04 17:30:59,pico,a32314d4dd03,sistemas-distribuidos-payments_db-1,3.55%,31.45MiB / 7.654GiB,0.40%,17.2MB / 14.4MB,12.9MB / 155MB
2026-04-04 17:30:59,pico,f5429bdd2fb0,sistemas-distribuidos-zookeeper-1,1.12%,157.6MiB / 7.654GiB,2.01%,399kB / 396kB,47.8MB / 430kB
2026-04-04 17:30:59,pico,86aa92827ac9,sistemas-distribuidos-otel-1,33.32%,929.6MiB / 7.654GiB,11.86%,188MB / 905kB,488MB / 355MB
2026-04-04 17:31:04,pico,510b28b5e515,sistemas-distribuidos-crm-1,18.45%,69.28MiB / 7.654GiB,0.88%,25.5MB / 42MB,3.47MB / 401kB
2026-04-04 17:31:04,pico,ff3bf187a9b9,sistemas-distribuidos-delivery-1,18.09%,69.65MiB / 7.654GiB,0.89%,29.8MB / 44.6MB,4.65MB / 401kB
2026-04-04 17:31:04,pico,ecbfb6f4687b,sistemas-distribuidos-payments-1,23.16%,69.57MiB / 7.654GiB,0.89%,28.5MB / 44MB,6.24MB / 401kB
2026-04-04 17:31:04,pico,ee13bc4e589c,sistemas-distribuidos-accounts-1,18.76%,70MiB / 7.654GiB,0.89%,26MB / 44.8MB,14.9MB / 406kB
2026-04-04 17:31:04,pico,a117783aa7c8,sistemas-distribuidos-middleware-1,71.11%,80.04MiB / 7.654GiB,1.02%,308MB / 289MB,201kB / 786kB
2026-04-04 17:31:04,pico,088ebce9e27e,kafka-ui,4.28%,551.6MiB / 7.654GiB,7.04%,4.84MB / 24.5MB,92MB / 2.84MB
2026-04-04 17:31:04,pico,ee37a20584eb,sistemas-distribuidos-kafka-1,31.85%,689MiB / 7.654GiB,8.79%,137MB / 167MB,70.2MB / 45.1MB
2026-04-04 17:31:04,pico,b1267530f40d,sistemas-distribuidos-crm_db-1,3.45%,27.16MiB / 7.654GiB,0.35%,13.5MB / 10.5MB,8.72MB / 135MB
2026-04-04 17:31:04,pico,f1f8000a605f,sistemas-distribuidos-middleware_db-1,25.31%,66.39MiB / 7.654GiB,0.85%,186MB / 297MB,15.4MB / 653MB
2026-04-04 17:31:04,pico,ff53aa714b0f,sistemas-distribuidos-accounts_db-1,4.98%,52.38MiB / 7.654GiB,0.67%,13.4MB / 10MB,5.3MB / 156MB
2026-04-04 17:31:04,pico,489d7ba9a64c,sistemas-distribuidos-delivery_db-1,4.66%,30MiB / 7.654GiB,0.38%,19.3MB / 16.1MB,10.1MB / 156MB
2026-04-04 17:31:04,pico,a32314d4dd03,sistemas-distribuidos-payments_db-1,3.25%,31.45MiB / 7.654GiB,0.40%,17.3MB / 14.4MB,12.9MB / 156MB
2026-04-04 17:31:04,pico,f5429bdd2fb0,sistemas-distribuidos-zookeeper-1,1.71%,157.6MiB / 7.654GiB,2.01%,399kB / 396kB,47.8MB / 430kB
2026-04-04 17:31:04,pico,86aa92827ac9,sistemas-distribuidos-otel-1,16.21%,932.6MiB / 7.654GiB,11.90%,189MB / 908kB,488MB / 355MB
2026-04-04 17:31:09,pico,510b28b5e515,sistemas-distribuidos-crm-1,41.15%,69.45MiB / 7.654GiB,0.89%,25.6MB / 42.3MB,3.47MB / 401kB
2026-04-04 17:31:09,pico,ff3bf187a9b9,sistemas-distribuidos-delivery-1,45.52%,70.01MiB / 7.654GiB,0.89%,29.9MB / 44.9MB,4.65MB / 401kB
2026-04-04 17:31:09,pico,ecbfb6f4687b,sistemas-distribuidos-payments-1,16.94%,70.03MiB / 7.654GiB,0.89%,28.6MB / 44.2MB,6.24MB / 401kB
2026-04-04 17:31:09,pico,ee13bc4e589c,sistemas-distribuidos-accounts-1,35.48%,70.58MiB / 7.654GiB,0.90%,26.1MB / 45.1MB,14.9MB / 406kB
2026-04-04 17:31:09,pico,a117783aa7c8,sistemas-distribuidos-middleware-1,73.44%,79.92MiB / 7.654GiB,1.02%,309MB / 291MB,201kB / 786kB
2026-04-04 17:31:09,pico,088ebce9e27e,kafka-ui,21.68%,551.6MiB / 7.654GiB,7.04%,4.84MB / 24.5MB,92MB / 2.84MB
2026-04-04 17:31:09,pico,ee37a20584eb,sistemas-distribuidos-kafka-1,108.37%,690.5MiB / 7.654GiB,8.81%,137MB / 167MB,70.2MB / 45.2MB
2026-04-04 17:31:09,pico,b1267530f40d,sistemas-distribuidos-crm_db-1,2.86%,27.17MiB / 7.654GiB,0.35%,13.5MB / 10.6MB,8.72MB / 136MB
2026-04-04 17:31:09,pico,f1f8000a605f,sistemas-distribuidos-middleware_db-1,23.24%,66.64MiB / 7.654GiB,0.85%,187MB / 298MB,15.4MB / 656MB
2026-04-04 17:31:09,pico,ff53aa714b0f,sistemas-distribuidos-accounts_db-1,21.80%,52.37MiB / 7.654GiB,0.67%,13.5MB / 10.1MB,5.3MB / 156MB
2026-04-04 17:31:09,pico,489d7ba9a64c,sistemas-distribuidos-delivery_db-1,2.84%,30MiB / 7.654GiB,0.38%,19.4MB / 16.2MB,10.1MB / 157MB
2026-04-04 17:31:09,pico,a32314d4dd03,sistemas-distribuidos-payments_db-1,1.82%,31.45MiB / 7.654GiB,0.40%,17.3MB / 14.5MB,12.9MB / 156MB
2026-04-04 17:31:09,pico,f5429bdd2fb0,sistemas-distribuidos-zookeeper-1,5.49%,157.6MiB / 7.654GiB,2.01%,399kB / 396kB,47.8MB / 430kB
2026-04-04 17:31:09,pico,86aa92827ac9,sistemas-distribuidos-otel-1,135.06%,936.1MiB / 7.654GiB,11.94%,190MB / 912kB,488MB / 355MB
2026-04-04 17:31:13,pico,510b28b5e515,sistemas-distribuidos-crm-1,49.08%,69.62MiB / 7.654GiB,0.89%,25.7MB / 42.4MB,3.47MB / 401kB
2026-04-04 17:31:13,pico,ff3bf187a9b9,sistemas-distribuidos-delivery-1,27.25%,70.02MiB / 7.654GiB,0.89%,30MB / 45MB,4.65MB / 401kB
2026-04-04 17:31:13,pico,ecbfb6f4687b,sistemas-distribuidos-payments-1,43.75%,69.7MiB / 7.654GiB,0.89%,28.7MB / 44.4MB,6.24MB / 401kB
2026-04-04 17:31:13,pico,ee13bc4e589c,sistemas-distribuidos-accounts-1,55.76%,69.44MiB / 7.654GiB,0.89%,26.1MB / 45.2MB,14.9MB / 406kB
2026-04-04 17:31:13,pico,a117783aa7c8,sistemas-distribuidos-middleware-1,107.27%,80.05MiB / 7.654GiB,1.02%,310MB / 292MB,201kB / 786kB
2026-04-04 17:31:13,pico,088ebce9e27e,kafka-ui,3.99%,551.5MiB / 7.654GiB,7.04%,4.86MB / 24.5MB,92MB / 2.84MB
2026-04-04 17:31:13,pico,ee37a20584eb,sistemas-distribuidos-kafka-1,95.11%,690.4MiB / 7.654GiB,8.81%,137MB / 167MB,70.2MB / 45.2MB
2026-04-04 17:31:13,pico,b1267530f40d,sistemas-distribuidos-crm_db-1,3.44%,27.17MiB / 7.654GiB,0.35%,13.6MB / 10.6MB,8.72MB / 136MB
2026-04-04 17:31:13,pico,f1f8000a605f,sistemas-distribuidos-middleware_db-1,21.62%,66.4MiB / 7.654GiB,0.85%,188MB / 299MB,15.4MB / 658MB
2026-04-04 17:31:13,pico,ff53aa714b0f,sistemas-distribuidos-accounts_db-1,6.57%,52.37MiB / 7.654GiB,0.67%,13.5MB / 10.1MB,5.3MB / 156MB
2026-04-04 17:31:13,pico,489d7ba9a64c,sistemas-distribuidos-delivery_db-1,5.43%,30MiB / 7.654GiB,0.38%,19.4MB / 16.2MB,10.1MB / 157MB
2026-04-04 17:31:13,pico,a32314d4dd03,sistemas-distribuidos-payments_db-1,3.92%,31.44MiB / 7.654GiB,0.40%,17.4MB / 14.5MB,12.9MB / 156MB
2026-04-04 17:31:13,pico,f5429bdd2fb0,sistemas-distribuidos-zookeeper-1,6.15%,157.6MiB / 7.654GiB,2.01%,400kB / 397kB,47.8MB / 430kB
2026-04-04 17:31:13,pico,86aa92827ac9,sistemas-distribuidos-otel-1,127.69%,937.2MiB / 7.654GiB,11.96%,191MB / 915kB,488MB / 362MB
2026-04-04 17:31:19,pico,510b28b5e515,sistemas-distribuidos-crm-1,24.42%,68.99MiB / 7.654GiB,0.88%,25.8MB / 42.6MB,3.47MB / 401kB
2026-04-04 17:31:19,pico,ff3bf187a9b9,sistemas-distribuidos-delivery-1,25.31%,70.01MiB / 7.654GiB,0.89%,30.1MB / 45.2MB,4.65MB / 401kB
2026-04-04 17:31:19,pico,ecbfb6f4687b,sistemas-distribuidos-payments-1,22.67%,69.31MiB / 7.654GiB,0.88%,28.8MB / 44.6MB,6.24MB / 401kB
2026-04-04 17:31:19,pico,ee13bc4e589c,sistemas-distribuidos-accounts-1,23.79%,69.88MiB / 7.654GiB,0.89%,26.2MB / 45.4MB,14.9MB / 406kB
2026-04-04 17:31:19,pico,a117783aa7c8,sistemas-distribuidos-middleware-1,71.53%,80.34MiB / 7.654GiB,1.03%,311MB / 293MB,201kB / 786kB
2026-04-04 17:31:19,pico,088ebce9e27e,kafka-ui,2.59%,551.5MiB / 7.654GiB,7.04%,4.86MB / 24.5MB,92MB / 2.84MB
2026-04-04 17:31:19,pico,ee37a20584eb,sistemas-distribuidos-kafka-1,44.72%,690.4MiB / 7.654GiB,8.81%,137MB / 168MB,70.2MB / 46MB
2026-04-04 17:31:19,pico,b1267530f40d,sistemas-distribuidos-crm_db-1,2.37%,27.17MiB / 7.654GiB,0.35%,13.6MB / 10.6MB,8.72MB / 136MB
2026-04-04 17:31:19,pico,f1f8000a605f,sistemas-distribuidos-middleware_db-1,28.96%,66.39MiB / 7.654GiB,0.85%,188MB / 300MB,15.4MB / 660MB
2026-04-04 17:31:19,pico,ff53aa714b0f,sistemas-distribuidos-accounts_db-1,7.67%,52.38MiB / 7.654GiB,0.67%,13.5MB / 10.1MB,5.3MB / 156MB
2026-04-04 17:31:19,pico,489d7ba9a64c,sistemas-distribuidos-delivery_db-1,3.03%,30MiB / 7.654GiB,0.38%,19.4MB / 16.3MB,10.1MB / 157MB
2026-04-04 17:31:19,pico,a32314d4dd03,sistemas-distribuidos-payments_db-1,2.40%,31.45MiB / 7.654GiB,0.40%,17.4MB / 14.6MB,12.9MB / 156MB
2026-04-04 17:31:19,pico,f5429bdd2fb0,sistemas-distribuidos-zookeeper-1,3.95%,157.6MiB / 7.654GiB,2.01%,400kB / 397kB,47.8MB / 430kB
2026-04-04 17:31:19,pico,86aa92827ac9,sistemas-distribuidos-otel-1,113.01%,904.2MiB / 7.654GiB,11.54%,191MB / 919kB,488MB / 362MB
2026-04-04 17:31:24,pico,510b28b5e515,sistemas-distribuidos-crm-1,22.45%,69.22MiB / 7.654GiB,0.88%,25.9MB / 42.8MB,3.47MB / 401kB
2026-04-04 17:31:24,pico,ff3bf187a9b9,sistemas-distribuidos-delivery-1,38.24%,69.52MiB / 7.654GiB,0.89%,30.1MB / 45.3MB,4.65MB / 401kB
2026-04-04 17:31:24,pico,ecbfb6f4687b,sistemas-distribuidos-payments-1,18.12%,69.48MiB / 7.654GiB,0.89%,28.9MB / 44.8MB,6.24MB / 401kB
2026-04-04 17:31:24,pico,ee13bc4e589c,sistemas-distribuidos-accounts-1,15.11%,69.9MiB / 7.654GiB,0.89%,26.3MB / 45.6MB,14.9MB / 406kB
2026-04-04 17:31:24,pico,a117783aa7c8,sistemas-distribuidos-middleware-1,63.75%,80.04MiB / 7.654GiB,1.02%,313MB / 294MB,201kB / 786kB
2026-04-04 17:31:24,pico,088ebce9e27e,kafka-ui,0.60%,551.5MiB / 7.654GiB,7.04%,4.86MB / 24.5MB,92MB / 2.85MB
2026-04-04 17:31:24,pico,ee37a20584eb,sistemas-distribuidos-kafka-1,55.70%,690.4MiB / 7.654GiB,8.81%,138MB / 168MB,70.2MB / 46MB
2026-04-04 17:31:24,pico,b1267530f40d,sistemas-distribuidos-crm_db-1,7.38%,27.17MiB / 7.654GiB,0.35%,13.6MB / 10.7MB,8.72MB / 136MB
2026-04-04 17:31:24,pico,f1f8000a605f,sistemas-distribuidos-middleware_db-1,19.79%,66.39MiB / 7.654GiB,0.85%,189MB / 301MB,15.4MB / 661MB
2026-04-04 17:31:24,pico,ff53aa714b0f,sistemas-distribuidos-accounts_db-1,7.71%,52.36MiB / 7.654GiB,0.67%,13.6MB / 10.2MB,5.3MB / 157MB
2026-04-04 17:31:24,pico,489d7ba9a64c,sistemas-distribuidos-delivery_db-1,10.06%,30MiB / 7.654GiB,0.38%,19.5MB / 16.3MB,10.1MB / 157MB
2026-04-04 17:31:24,pico,a32314d4dd03,sistemas-distribuidos-payments_db-1,4.96%,31.45MiB / 7.654GiB,0.40%,17.4MB / 14.6MB,12.9MB / 156MB
2026-04-04 17:31:24,pico,f5429bdd2fb0,sistemas-distribuidos-zookeeper-1,6.24%,157.6MiB / 7.654GiB,2.01%,400kB / 397kB,47.8MB / 430kB
2026-04-04 17:31:24,pico,86aa92827ac9,sistemas-distribuidos-otel-1,18.36%,909.8MiB / 7.654GiB,11.61%,192MB / 921kB,488MB / 362MB
2026-04-04 17:31:29,pico,510b28b5e515,sistemas-distribuidos-crm-1,27.69%,69.03MiB / 7.654GiB,0.88%,25.9MB / 42.9MB,3.47MB / 401kB
2026-04-04 17:31:29,pico,ff3bf187a9b9,sistemas-distribuidos-delivery-1,25.16%,69.49MiB / 7.654GiB,0.89%,30.3MB / 45.6MB,4.65MB / 401kB
2026-04-04 17:31:29,pico,ecbfb6f4687b,sistemas-distribuidos-payments-1,30.24%,69.35MiB / 7.654GiB,0.88%,29MB / 44.9MB,6.24MB / 401kB
2026-04-04 17:31:29,pico,ee13bc4e589c,sistemas-distribuidos-accounts-1,32.25%,70.2MiB / 7.654GiB,0.90%,26.4MB / 45.7MB,14.9MB / 406kB
2026-04-04 17:31:29,pico,a117783aa7c8,sistemas-distribuidos-middleware-1,58.43%,80.39MiB / 7.654GiB,1.03%,313MB / 295MB,201kB / 786kB
2026-04-04 17:31:29,pico,088ebce9e27e,kafka-ui,0.88%,551.5MiB / 7.654GiB,7.04%,4.86MB / 24.5MB,92MB / 2.85MB
2026-04-04 17:31:29,pico,ee37a20584eb,sistemas-distribuidos-kafka-1,53.43%,691.2MiB / 7.654GiB,8.82%,138MB / 168MB,70.2MB / 46MB
2026-04-04 17:31:29,pico,b1267530f40d,sistemas-distribuidos-crm_db-1,3.32%,27.42MiB / 7.654GiB,0.35%,13.7MB / 10.7MB,8.72MB / 136MB
2026-04-04 17:31:29,pico,f1f8000a605f,sistemas-distribuidos-middleware_db-1,21.79%,66.41MiB / 7.654GiB,0.85%,190MB / 302MB,15.4MB / 664MB
2026-04-04 17:31:29,pico,ff53aa714b0f,sistemas-distribuidos-accounts_db-1,4.15%,52.37MiB / 7.654GiB,0.67%,13.6MB / 10.2MB,5.3MB / 157MB
2026-04-04 17:31:29,pico,489d7ba9a64c,sistemas-distribuidos-delivery_db-1,3.69%,30MiB / 7.654GiB,0.38%,19.5MB / 16.4MB,10.1MB / 157MB
2026-04-04 17:31:29,pico,a32314d4dd03,sistemas-distribuidos-payments_db-1,5.31%,31.45MiB / 7.654GiB,0.40%,17.5MB / 14.7MB,12.9MB / 156MB
2026-04-04 17:31:29,pico,f5429bdd2fb0,sistemas-distribuidos-zookeeper-1,2.05%,157.6MiB / 7.654GiB,2.01%,401kB / 398kB,47.8MB / 430kB
2026-04-04 17:31:29,pico,86aa92827ac9,sistemas-distribuidos-otel-1,31.98%,913.5MiB / 7.654GiB,11.66%,193MB / 924kB,488MB / 368MB
2026-04-04 17:31:34,pico,510b28b5e515,sistemas-distribuidos-crm-1,23.64%,69.22MiB / 7.654GiB,0.88%,26MB / 43.1MB,3.47MB / 401kB
2026-04-04 17:31:34,pico,ff3bf187a9b9,sistemas-distribuidos-delivery-1,18.10%,69.59MiB / 7.654GiB,0.89%,30.4MB / 45.7MB,4.65MB / 401kB
2026-04-04 17:31:34,pico,ecbfb6f4687b,sistemas-distribuidos-payments-1,27.15%,69.56MiB / 7.654GiB,0.89%,29.1MB / 45.1MB,6.24MB / 401kB
2026-04-04 17:31:34,pico,ee13bc4e589c,sistemas-distribuidos-accounts-1,23.35%,69.85MiB / 7.654GiB,0.89%,26.5MB / 45.9MB,14.9MB / 406kB
2026-04-04 17:31:34,pico,a117783aa7c8,sistemas-distribuidos-middleware-1,76.67%,80.44MiB / 7.654GiB,1.03%,315MB / 296MB,201kB / 786kB
2026-04-04 17:31:34,pico,088ebce9e27e,kafka-ui,0.97%,551.5MiB / 7.654GiB,7.04%,4.86MB / 24.5MB,92MB / 2.85MB
2026-04-04 17:31:34,pico,ee37a20584eb,sistemas-distribuidos-kafka-1,37.83%,692.2MiB / 7.654GiB,8.83%,138MB / 169MB,70.2MB / 46MB
2026-04-04 17:31:34,pico,b1267530f40d,sistemas-distribuidos-crm_db-1,3.29%,27.16MiB / 7.654GiB,0.35%,13.7MB / 10.7MB,8.72MB / 136MB
2026-04-04 17:31:34,pico,f1f8000a605f,sistemas-distribuidos-middleware_db-1,22.35%,66.4MiB / 7.654GiB,0.85%,190MB / 303MB,15.4MB / 666MB
2026-04-04 17:31:34,pico,ff53aa714b0f,sistemas-distribuidos-accounts_db-1,7.21%,52.37MiB / 7.654GiB,0.67%,13.6MB / 10.2MB,5.3MB / 157MB
2026-04-04 17:31:34,pico,489d7ba9a64c,sistemas-distribuidos-delivery_db-1,4.49%,30MiB / 7.654GiB,0.38%,19.6MB / 16.4MB,10.1MB / 158MB
2026-04-04 17:31:34,pico,a32314d4dd03,sistemas-distribuidos-payments_db-1,3.61%,31.45MiB / 7.654GiB,0.40%,17.5MB / 14.7MB,12.9MB / 157MB
2026-04-04 17:31:34,pico,f5429bdd2fb0,sistemas-distribuidos-zookeeper-1,5.21%,157.6MiB / 7.654GiB,2.01%,401kB / 398kB,47.8MB / 430kB
2026-04-04 17:31:34,pico,86aa92827ac9,sistemas-distribuidos-otel-1,195.21%,929.2MiB / 7.654GiB,11.86%,193MB / 928kB,488MB / 368MB
2026-04-04 17:31:40,pico,510b28b5e515,sistemas-distribuidos-crm-1,23.34%,69.25MiB / 7.654GiB,0.88%,26.1MB / 43.2MB,3.47MB / 401kB
2026-04-04 17:31:40,pico,ff3bf187a9b9,sistemas-distribuidos-delivery-1,24.84%,69.04MiB / 7.654GiB,0.88%,30.4MB / 45.8MB,4.65MB / 401kB
2026-04-04 17:31:40,pico,ecbfb6f4687b,sistemas-distribuidos-payments-1,17.08%,69.8MiB / 7.654GiB,0.89%,29.2MB / 45.3MB,6.24MB / 401kB
2026-04-04 17:31:40,pico,ee13bc4e589c,sistemas-distribuidos-accounts-1,19.14%,69.88MiB / 7.654GiB,0.89%,26.5MB / 46MB,14.9MB / 406kB
2026-04-04 17:31:40,pico,a117783aa7c8,sistemas-distribuidos-middleware-1,76.29%,79.97MiB / 7.654GiB,1.02%,315MB / 297MB,201kB / 786kB
2026-04-04 17:31:40,pico,088ebce9e27e,kafka-ui,43.39%,551.6MiB / 7.654GiB,7.04%,4.87MB / 24.5MB,92MB / 2.85MB
2026-04-04 17:31:40,pico,ee37a20584eb,sistemas-distribuidos-kafka-1,54.14%,692.2MiB / 7.654GiB,8.83%,138MB / 169MB,70.2MB / 46MB
2026-04-04 17:31:40,pico,b1267530f40d,sistemas-distribuidos-crm_db-1,2.68%,27.17MiB / 7.654GiB,0.35%,13.7MB / 10.8MB,8.72MB / 137MB
2026-04-04 17:31:40,pico,f1f8000a605f,sistemas-distribuidos-middleware_db-1,22.95%,66.39MiB / 7.654GiB,0.85%,191MB / 304MB,15.4MB / 667MB
2026-04-04 17:31:40,pico,ff53aa714b0f,sistemas-distribuidos-accounts_db-1,6.73%,52.37MiB / 7.654GiB,0.67%,13.7MB / 10.2MB,5.3MB / 157MB
2026-04-04 17:31:40,pico,489d7ba9a64c,sistemas-distribuidos-delivery_db-1,3.83%,30MiB / 7.654GiB,0.38%,19.6MB / 16.5MB,10.1MB / 158MB
2026-04-04 17:31:40,pico,a32314d4dd03,sistemas-distribuidos-payments_db-1,4.10%,31.45MiB / 7.654GiB,0.40%,17.5MB / 14.7MB,12.9MB / 157MB
2026-04-04 17:31:40,pico,f5429bdd2fb0,sistemas-distribuidos-zookeeper-1,8.56%,157.6MiB / 7.654GiB,2.01%,402kB / 399kB,47.8MB / 430kB
2026-04-04 17:31:40,pico,86aa92827ac9,sistemas-distribuidos-otel-1,51.97%,931.4MiB / 7.654GiB,11.88%,194MB / 930kB,488MB / 368MB
2026-04-04 17:31:45,pico,510b28b5e515,sistemas-distribuidos-crm-1,24.34%,69.04MiB / 7.654GiB,0.88%,26.2MB / 43.4MB,3.47MB / 401kB
2026-04-04 17:31:45,pico,ff3bf187a9b9,sistemas-distribuidos-delivery-1,32.39%,69.54MiB / 7.654GiB,0.89%,30.6MB / 46MB,4.65MB / 401kB
2026-04-04 17:31:45,pico,ecbfb6f4687b,sistemas-distribuidos-payments-1,23.64%,69.12MiB / 7.654GiB,0.88%,29.3MB / 45.4MB,6.24MB / 401kB
2026-04-04 17:31:45,pico,ee13bc4e589c,sistemas-distribuidos-accounts-1,25.57%,69.9MiB / 7.654GiB,0.89%,26.6MB / 46.2MB,14.9MB / 406kB
2026-04-04 17:31:45,pico,a117783aa7c8,sistemas-distribuidos-middleware-1,82.14%,79.38MiB / 7.654GiB,1.01%,317MB / 298MB,201kB / 786kB
2026-04-04 17:31:45,pico,088ebce9e27e,kafka-ui,2.66%,551.6MiB / 7.654GiB,7.04%,4.87MB / 24.5MB,92MB / 2.85MB
2026-04-04 17:31:45,pico,ee37a20584eb,sistemas-distribuidos-kafka-1,93.06%,692.2MiB / 7.654GiB,8.83%,139MB / 169MB,70.2MB / 46MB
2026-04-04 17:31:45,pico,b1267530f40d,sistemas-distribuidos-crm_db-1,2.20%,27.17MiB / 7.654GiB,0.35%,13.8MB / 10.8MB,8.72MB / 137MB
2026-04-04 17:31:45,pico,f1f8000a605f,sistemas-distribuidos-middleware_db-1,22.99%,66.66MiB / 7.654GiB,0.85%,191MB / 305MB,15.4MB / 669MB
2026-04-04 17:31:45,pico,ff53aa714b0f,sistemas-distribuidos-accounts_db-1,10.99%,52.38MiB / 7.654GiB,0.67%,13.7MB / 10.3MB,5.3MB / 157MB
2026-04-04 17:31:45,pico,489d7ba9a64c,sistemas-distribuidos-delivery_db-1,4.90%,30MiB / 7.654GiB,0.38%,19.6MB / 16.5MB,10.1MB / 158MB
2026-04-04 17:31:45,pico,a32314d4dd03,sistemas-distribuidos-payments_db-1,3.45%,31.45MiB / 7.654GiB,0.40%,17.6MB / 14.8MB,12.9MB / 157MB
2026-04-04 17:31:45,pico,f5429bdd2fb0,sistemas-distribuidos-zookeeper-1,0.77%,157.6MiB / 7.654GiB,2.01%,402kB / 399kB,47.8MB / 430kB
2026-04-04 17:31:45,pico,86aa92827ac9,sistemas-distribuidos-otel-1,42.40%,924.7MiB / 7.654GiB,11.80%,194MB / 933kB,488MB / 370MB
2026-04-04 17:31:51,pico,510b28b5e515,sistemas-distribuidos-crm-1,19.15%,69.22MiB / 7.654GiB,0.88%,26.2MB / 43.5MB,3.47MB / 401kB
2026-04-04 17:31:51,pico,ff3bf187a9b9,sistemas-distribuidos-delivery-1,19.06%,69.52MiB / 7.654GiB,0.89%,30.6MB / 46.2MB,4.65MB / 401kB
2026-04-04 17:31:51,pico,ecbfb6f4687b,sistemas-distribuidos-payments-1,19.08%,69.48MiB / 7.654GiB,0.89%,29.3MB / 45.6MB,6.24MB / 401kB
2026-04-04 17:31:51,pico,ee13bc4e589c,sistemas-distribuidos-accounts-1,21.08%,69.89MiB / 7.654GiB,0.89%,26.7MB / 46.3MB,14.9MB / 406kB
2026-04-04 17:31:51,pico,a117783aa7c8,sistemas-distribuidos-middleware-1,74.18%,79MiB / 7.654GiB,1.01%,317MB / 299MB,201kB / 786kB
2026-04-04 17:31:51,pico,088ebce9e27e,kafka-ui,2.09%,551.6MiB / 7.654GiB,7.04%,4.87MB / 24.5MB,92MB / 2.85MB
2026-04-04 17:31:51,pico,ee37a20584eb,sistemas-distribuidos-kafka-1,33.44%,692.5MiB / 7.654GiB,8.84%,139MB / 169MB,70.2MB / 46.6MB
2026-04-04 17:31:51,pico,b1267530f40d,sistemas-distribuidos-crm_db-1,2.03%,27.17MiB / 7.654GiB,0.35%,13.8MB / 10.8MB,8.72MB / 137MB
2026-04-04 17:31:51,pico,f1f8000a605f,sistemas-distribuidos-middleware_db-1,22.68%,66.41MiB / 7.654GiB,0.85%,192MB / 306MB,15.4MB / 671MB
2026-04-04 17:31:51,pico,ff53aa714b0f,sistemas-distribuidos-accounts_db-1,3.91%,52.37MiB / 7.654GiB,0.67%,13.7MB / 10.3MB,5.3MB / 157MB
2026-04-04 17:31:51,pico,489d7ba9a64c,sistemas-distribuidos-delivery_db-1,3.72%,30MiB / 7.654GiB,0.38%,19.7MB / 16.6MB,10.1MB / 158MB
2026-04-04 17:31:51,pico,a32314d4dd03,sistemas-distribuidos-payments_db-1,2.78%,31.45MiB / 7.654GiB,0.40%,17.6MB / 14.8MB,12.9MB / 157MB
2026-04-04 17:31:51,pico,f5429bdd2fb0,sistemas-distribuidos-zookeeper-1,1.69%,157.6MiB / 7.654GiB,2.01%,402kB / 399kB,47.8MB / 430kB
2026-04-04 17:31:51,pico,86aa92827ac9,sistemas-distribuidos-otel-1,32.38%,925.5MiB / 7.654GiB,11.81%,195MB / 936kB,488MB / 370MB
2026-04-04 17:31:56,pico,510b28b5e515,sistemas-distribuidos-crm-1,24.03%,69.04MiB / 7.654GiB,0.88%,26.3MB / 43.7MB,3.47MB / 401kB
2026-04-04 17:31:56,pico,ff3bf187a9b9,sistemas-distribuidos-delivery-1,25.33%,69.46MiB / 7.654GiB,0.89%,30.7MB / 46.3MB,4.65MB / 401kB
2026-04-04 17:31:56,pico,ecbfb6f4687b,sistemas-distribuidos-payments-1,20.83%,69.31MiB / 7.654GiB,0.88%,29.4MB / 45.7MB,6.24MB / 401kB
2026-04-04 17:31:56,pico,ee13bc4e589c,sistemas-distribuidos-accounts-1,19.07%,69.8MiB / 7.654GiB,0.89%,26.7MB / 46.5MB,14.9MB / 406kB
2026-04-04 17:31:56,pico,a117783aa7c8,sistemas-distribuidos-middleware-1,77.48%,80.21MiB / 7.654GiB,1.02%,318MB / 300MB,201kB / 786kB
2026-04-04 17:31:56,pico,088ebce9e27e,kafka-ui,1.12%,551.6MiB / 7.654GiB,7.04%,4.87MB / 24.5MB,92MB / 2.86MB
2026-04-04 17:31:56,pico,ee37a20584eb,sistemas-distribuidos-kafka-1,307.37%,693.7MiB / 7.654GiB,8.85%,139MB / 169MB,70.2MB / 46.7MB
2026-04-04 17:31:56,pico,b1267530f40d,sistemas-distribuidos-crm_db-1,6.83%,27.17MiB / 7.654GiB,0.35%,13.8MB / 10.9MB,8.72MB / 137MB
2026-04-04 17:31:56,pico,f1f8000a605f,sistemas-distribuidos-middleware_db-1,41.67%,66.65MiB / 7.654GiB,0.85%,193MB / 307MB,15.4MB / 673MB
2026-04-04 17:31:56,pico,ff53aa714b0f,sistemas-distribuidos-accounts_db-1,39.93%,52.38MiB / 7.654GiB,0.67%,13.8MB / 10.3MB,5.3MB / 158MB
2026-04-04 17:31:56,pico,489d7ba9a64c,sistemas-distribuidos-delivery_db-1,52.55%,31.31MiB / 7.654GiB,0.40%,19.7MB / 16.6MB,10.1MB / 158MB
2026-04-04 17:31:56,pico,a32314d4dd03,sistemas-distribuidos-payments_db-1,13.74%,31.45MiB / 7.654GiB,0.40%,17.7MB / 14.9MB,12.9MB / 157MB
2026-04-04 17:31:56,pico,f5429bdd2fb0,sistemas-distribuidos-zookeeper-1,12.28%,157.6MiB / 7.654GiB,2.01%,402kB / 399kB,47.8MB / 430kB
2026-04-04 17:31:56,pico,86aa92827ac9,sistemas-distribuidos-otel-1,31.40%,925.4MiB / 7.654GiB,11.81%,196MB / 939kB,488MB / 370MB
2026-04-04 17:32:02,pico,510b28b5e515,sistemas-distribuidos-crm-1,44.35%,68.54MiB / 7.654GiB,0.87%,26.3MB / 43.8MB,3.47MB / 401kB
2026-04-04 17:32:02,pico,ff3bf187a9b9,sistemas-distribuidos-delivery-1,25.49%,69.45MiB / 7.654GiB,0.89%,30.8MB / 46.4MB,4.65MB / 401kB
2026-04-04 17:32:02,pico,ecbfb6f4687b,sistemas-distribuidos-payments-1,45.07%,68.79MiB / 7.654GiB,0.88%,29.5MB / 45.9MB,6.24MB / 401kB
2026-04-04 17:32:02,pico,ee13bc4e589c,sistemas-distribuidos-accounts-1,35.93%,69.87MiB / 7.654GiB,0.89%,26.8MB / 46.6MB,14.9MB / 406kB
2026-04-04 17:32:02,pico,a117783aa7c8,sistemas-distribuidos-middleware-1,88.30%,79.21MiB / 7.654GiB,1.01%,319MB / 300MB,201kB / 786kB
2026-04-04 17:32:02,pico,088ebce9e27e,kafka-ui,1.86%,551.6MiB / 7.654GiB,7.04%,4.87MB / 24.5MB,92MB / 2.86MB
2026-04-04 17:32:02,pico,ee37a20584eb,sistemas-distribuidos-kafka-1,38.81%,694.2MiB / 7.654GiB,8.86%,139MB / 170MB,70.2MB / 46.7MB
2026-04-04 17:32:02,pico,b1267530f40d,sistemas-distribuidos-crm_db-1,2.93%,27.16MiB / 7.654GiB,0.35%,13.9MB / 10.9MB,8.72MB / 137MB
2026-04-04 17:32:02,pico,f1f8000a605f,sistemas-distribuidos-middleware_db-1,23.91%,66.41MiB / 7.654GiB,0.85%,193MB / 307MB,15.4MB / 673MB
2026-04-04 17:32:02,pico,ff53aa714b0f,sistemas-distribuidos-accounts_db-1,10.19%,52.37MiB / 7.654GiB,0.67%,13.8MB / 10.3MB,5.3MB / 158MB
2026-04-04 17:32:02,pico,489d7ba9a64c,sistemas-distribuidos-delivery_db-1,6.35%,29.99MiB / 7.654GiB,0.38%,19.8MB / 16.7MB,10.1MB / 158MB
2026-04-04 17:32:02,pico,a32314d4dd03,sistemas-distribuidos-payments_db-1,4.10%,31.45MiB / 7.654GiB,0.40%,17.7MB / 14.9MB,12.9MB / 157MB
2026-04-04 17:32:02,pico,f5429bdd2fb0,sistemas-distribuidos-zookeeper-1,8.30%,157.6MiB / 7.654GiB,2.01%,402kB / 399kB,47.8MB / 430kB
2026-04-04 17:32:02,pico,86aa92827ac9,sistemas-distribuidos-otel-1,93.54%,926.3MiB / 7.654GiB,11.82%,196MB / 944kB,488MB / 373MB
2026-04-04 17:32:07,pico,510b28b5e515,sistemas-distribuidos-crm-1,29.13%,68.55MiB / 7.654GiB,0.87%,26.4MB / 43.9MB,3.47MB / 401kB
2026-04-04 17:32:07,pico,ff3bf187a9b9,sistemas-distribuidos-delivery-1,29.87%,68.94MiB / 7.654GiB,0.88%,30.8MB / 46.6MB,4.65MB / 401kB
2026-04-04 17:32:07,pico,ecbfb6f4687b,sistemas-distribuidos-payments-1,31.71%,69.06MiB / 7.654GiB,0.88%,29.6MB / 46MB,6.24MB / 401kB
2026-04-04 17:32:07,pico,ee13bc4e589c,sistemas-distribuidos-accounts-1,19.92%,69.87MiB / 7.654GiB,0.89%,26.9MB / 46.7MB,14.9MB / 406kB
2026-04-04 17:32:07,pico,a117783aa7c8,sistemas-distribuidos-middleware-1,81.68%,80.68MiB / 7.654GiB,1.03%,320MB / 302MB,201kB / 786kB
2026-04-04 17:32:07,pico,088ebce9e27e,kafka-ui,0.45%,551.6MiB / 7.654GiB,7.04%,4.87MB / 24.5MB,92MB / 2.86MB
2026-04-04 17:32:07,pico,ee37a20584eb,sistemas-distribuidos-kafka-1,41.36%,694MiB / 7.654GiB,8.86%,140MB / 170MB,70.2MB / 46.7MB
2026-04-04 17:32:07,pico,b1267530f40d,sistemas-distribuidos-crm_db-1,2.94%,27.17MiB / 7.654GiB,0.35%,13.9MB / 10.9MB,8.72MB / 137MB
2026-04-04 17:32:07,pico,f1f8000a605f,sistemas-distribuidos-middleware_db-1,23.22%,66.41MiB / 7.654GiB,0.85%,194MB / 308MB,15.4MB / 676MB
2026-04-04 17:32:07,pico,ff53aa714b0f,sistemas-distribuidos-accounts_db-1,3.90%,52.37MiB / 7.654GiB,0.67%,13.8MB / 10.4MB,5.3MB / 158MB
2026-04-04 17:32:07,pico,489d7ba9a64c,sistemas-distribuidos-delivery_db-1,3.54%,30MiB / 7.654GiB,0.38%,19.8MB / 16.7MB,10.1MB / 159MB
2026-04-04 17:32:07,pico,a32314d4dd03,sistemas-distribuidos-payments_db-1,8.28%,31.45MiB / 7.654GiB,0.40%,17.7MB / 14.9MB,12.9MB / 158MB
2026-04-04 17:32:07,pico,f5429bdd2fb0,sistemas-distribuidos-zookeeper-1,3.30%,157.6MiB / 7.654GiB,2.01%,402kB / 399kB,47.8MB / 430kB
2026-04-04 17:32:07,pico,86aa92827ac9,sistemas-distribuidos-otel-1,61.27%,926.4MiB / 7.654GiB,11.82%,197MB / 946kB,488MB / 373MB
2026-04-04 17:32:13,pico,510b28b5e515,sistemas-distribuidos-crm-1,29.40%,69.25MiB / 7.654GiB,0.88%,26.5MB / 44.1MB,3.47MB / 401kB
2026-04-04 17:32:13,pico,ff3bf187a9b9,sistemas-distribuidos-delivery-1,25.18%,69.77MiB / 7.654GiB,0.89%,30.9MB / 46.7MB,4.65MB / 401kB
2026-04-04 17:32:13,pico,ecbfb6f4687b,sistemas-distribuidos-payments-1,39.30%,69.55MiB / 7.654GiB,0.89%,29.6MB / 46.2MB,6.24MB / 401kB
2026-04-04 17:32:13,pico,ee13bc4e589c,sistemas-distribuidos-accounts-1,26.74%,69.95MiB / 7.654GiB,0.89%,26.9MB / 46.8MB,14.9MB / 406kB
2026-04-04 17:32:13,pico,a117783aa7c8,sistemas-distribuidos-middleware-1,126.77%,79.87MiB / 7.654GiB,1.02%,321MB / 302MB,201kB / 786kB
2026-04-04 17:32:13,pico,088ebce9e27e,kafka-ui,4.16%,551.7MiB / 7.654GiB,7.04%,4.89MB / 24.5MB,92MB / 2.86MB
2026-04-04 17:32:13,pico,ee37a20584eb,sistemas-distribuidos-kafka-1,68.92%,694MiB / 7.654GiB,8.86%,140MB / 170MB,70.2MB / 46.7MB
2026-04-04 17:32:13,pico,b1267530f40d,sistemas-distribuidos-crm_db-1,3.58%,27.17MiB / 7.654GiB,0.35%,13.9MB / 10.9MB,8.72MB / 137MB
2026-04-04 17:32:13,pico,f1f8000a605f,sistemas-distribuidos-middleware_db-1,3.71%,66.4MiB / 7.654GiB,0.85%,194MB / 309MB,15.4MB / 677MB
2026-04-04 17:32:13,pico,ff53aa714b0f,sistemas-distribuidos-accounts_db-1,2.51%,52.37MiB / 7.654GiB,0.67%,13.8MB / 10.4MB,5.3MB / 158MB
2026-04-04 17:32:13,pico,489d7ba9a64c,sistemas-distribuidos-delivery_db-1,1.22%,30MiB / 7.654GiB,0.38%,19.8MB / 16.7MB,10.1MB / 159MB
2026-04-04 17:32:13,pico,a32314d4dd03,sistemas-distribuidos-payments_db-1,0.94%,31.45MiB / 7.654GiB,0.40%,17.8MB / 15MB,12.9MB / 158MB
2026-04-04 17:32:13,pico,f5429bdd2fb0,sistemas-distribuidos-zookeeper-1,7.98%,157.6MiB / 7.654GiB,2.01%,403kB / 400kB,47.8MB / 430kB
2026-04-04 17:32:13,pico,86aa92827ac9,sistemas-distribuidos-otel-1,97.01%,925.8MiB / 7.654GiB,11.81%,197MB / 950kB,488MB / 373MB
2026-04-04 17:32:18,pico,510b28b5e515,sistemas-distribuidos-crm-1,38.44%,69.1MiB / 7.654GiB,0.88%,26.5MB / 44.2MB,3.47MB / 401kB
2026-04-04 17:32:18,pico,ff3bf187a9b9,sistemas-distribuidos-delivery-1,21.91%,69.52MiB / 7.654GiB,0.89%,31MB / 46.9MB,4.65MB / 401kB
2026-04-04 17:32:18,pico,ecbfb6f4687b,sistemas-distribuidos-payments-1,47.83%,69.03MiB / 7.654GiB,0.88%,29.7MB / 46.3MB,6.24MB / 401kB
2026-04-04 17:32:18,pico,ee13bc4e589c,sistemas-distribuidos-accounts-1,26.34%,69.95MiB / 7.654GiB,0.89%,27MB / 46.9MB,14.9MB / 406kB
2026-04-04 17:32:18,pico,a117783aa7c8,sistemas-distribuidos-middleware-1,77.72%,81.26MiB / 7.654GiB,1.04%,322MB / 303MB,201kB / 786kB
2026-04-04 17:32:18,pico,088ebce9e27e,kafka-ui,0.38%,551.7MiB / 7.654GiB,7.04%,4.89MB / 24.5MB,92MB / 2.86MB
2026-04-04 17:32:18,pico,ee37a20584eb,sistemas-distribuidos-kafka-1,44.52%,694MiB / 7.654GiB,8.86%,140MB / 171MB,70.2MB / 47.2MB
2026-04-04 17:32:18,pico,b1267530f40d,sistemas-distribuidos-crm_db-1,2.30%,27.16MiB / 7.654GiB,0.35%,13.9MB / 10.9MB,8.72MB / 138MB
2026-04-04 17:32:18,pico,f1f8000a605f,sistemas-distribuidos-middleware_db-1,22.34%,66.43MiB / 7.654GiB,0.85%,194MB / 310MB,15.4MB / 678MB
2026-04-04 17:32:18,pico,ff53aa714b0f,sistemas-distribuidos-accounts_db-1,4.06%,52.38MiB / 7.654GiB,0.67%,13.9MB / 10.4MB,5.3MB / 158MB
2026-04-04 17:32:18,pico,489d7ba9a64c,sistemas-distribuidos-delivery_db-1,2.96%,29.99MiB / 7.654GiB,0.38%,19.9MB / 16.8MB,10.1MB / 159MB
2026-04-04 17:32:18,pico,a32314d4dd03,sistemas-distribuidos-payments_db-1,4.59%,31.45MiB / 7.654GiB,0.40%,17.8MB / 15MB,12.9MB / 158MB
2026-04-04 17:32:18,pico,f5429bdd2fb0,sistemas-distribuidos-zookeeper-1,0.79%,157.6MiB / 7.654GiB,2.01%,403kB / 401kB,47.8MB / 430kB
2026-04-04 17:32:18,pico,86aa92827ac9,sistemas-distribuidos-otel-1,42.25%,925.8MiB / 7.654GiB,11.81%,198MB / 952kB,488MB / 375MB
2026-04-04 17:32:24,pico,510b28b5e515,sistemas-distribuidos-crm-1,27.67%,68.86MiB / 7.654GiB,0.88%,26.6MB / 44.3MB,3.47MB / 401kB
2026-04-04 17:32:24,pico,ff3bf187a9b9,sistemas-distribuidos-delivery-1,30.38%,69.52MiB / 7.654GiB,0.89%,31.1MB / 47MB,4.65MB / 401kB
2026-04-04 17:32:24,pico,ecbfb6f4687b,sistemas-distribuidos-payments-1,17.95%,69.03MiB / 7.654GiB,0.88%,29.8MB / 46.4MB,6.24MB / 401kB
2026-04-04 17:32:24,pico,ee13bc4e589c,sistemas-distribuidos-accounts-1,22.98%,69.98MiB / 7.654GiB,0.89%,27MB / 47.1MB,14.9MB / 406kB
2026-04-04 17:32:24,pico,a117783aa7c8,sistemas-distribuidos-middleware-1,59.01%,80.62MiB / 7.654GiB,1.03%,323MB / 304MB,201kB / 786kB
2026-04-04 17:32:24,pico,088ebce9e27e,kafka-ui,0.85%,551.7MiB / 7.654GiB,7.04%,4.89MB / 24.5MB,92MB / 2.88MB
2026-04-04 17:32:24,pico,ee37a20584eb,sistemas-distribuidos-kafka-1,42.86%,694.5MiB / 7.654GiB,8.86%,140MB / 171MB,70.2MB / 47.2MB
2026-04-04 17:32:24,pico,b1267530f40d,sistemas-distribuidos-crm_db-1,1.15%,27.16MiB / 7.654GiB,0.35%,14MB / 11MB,8.72MB / 138MB
2026-04-04 17:32:24,pico,f1f8000a605f,sistemas-distribuidos-middleware_db-1,21.70%,66.66MiB / 7.654GiB,0.85%,195MB / 311MB,15.4MB / 680MB
2026-04-04 17:32:24,pico,ff53aa714b0f,sistemas-distribuidos-accounts_db-1,3.13%,52.37MiB / 7.654GiB,0.67%,13.9MB / 10.5MB,5.3MB / 158MB
2026-04-04 17:32:24,pico,489d7ba9a64c,sistemas-distribuidos-delivery_db-1,2.14%,29.99MiB / 7.654GiB,0.38%,19.9MB / 16.8MB,10.1MB / 159MB
2026-04-04 17:32:24,pico,a32314d4dd03,sistemas-distribuidos-payments_db-1,3.26%,31.45MiB / 7.654GiB,0.40%,17.8MB / 15MB,12.9MB / 158MB
2026-04-04 17:32:24,pico,f5429bdd2fb0,sistemas-distribuidos-zookeeper-1,2.71%,157.6MiB / 7.654GiB,2.01%,403kB / 401kB,47.8MB / 430kB
2026-04-04 17:32:24,pico,86aa92827ac9,sistemas-distribuidos-otel-1,30.44%,925.3MiB / 7.654GiB,11.81%,198MB / 955kB,488MB / 375MB
2026-04-04 17:32:28,pico,510b28b5e515,sistemas-distribuidos-crm-1,17.37%,69.44MiB / 7.654GiB,0.89%,26.7MB / 44.5MB,3.47MB / 401kB
2026-04-04 17:32:28,pico,ff3bf187a9b9,sistemas-distribuidos-delivery-1,16.27%,69.22MiB / 7.654GiB,0.88%,31.2MB / 47.2MB,4.65MB / 401kB
2026-04-04 17:32:28,pico,ecbfb6f4687b,sistemas-distribuidos-payments-1,18.50%,69.94MiB / 7.654GiB,0.89%,29.9MB / 46.6MB,6.24MB / 401kB
2026-04-04 17:32:28,pico,ee13bc4e589c,sistemas-distribuidos-accounts-1,22.45%,70.03MiB / 7.654GiB,0.89%,27.1MB / 47.3MB,14.9MB / 406kB
2026-04-04 17:32:28,pico,a117783aa7c8,sistemas-distribuidos-middleware-1,70.23%,80.62MiB / 7.654GiB,1.03%,324MB / 305MB,201kB / 786kB
2026-04-04 17:32:28,pico,088ebce9e27e,kafka-ui,2.83%,551.7MiB / 7.654GiB,7.04%,4.89MB / 24.5MB,92MB / 2.88MB
2026-04-04 17:32:28,pico,ee37a20584eb,sistemas-distribuidos-kafka-1,31.24%,694MiB / 7.654GiB,8.86%,141MB / 171MB,70.2MB / 47.2MB
2026-04-04 17:32:28,pico,b1267530f40d,sistemas-distribuidos-crm_db-1,2.34%,27.18MiB / 7.654GiB,0.35%,14MB / 11MB,8.72MB / 138MB
2026-04-04 17:32:28,pico,f1f8000a605f,sistemas-distribuidos-middleware_db-1,23.85%,66.45MiB / 7.654GiB,0.85%,196MB / 312MB,15.4MB / 682MB
2026-04-04 17:32:28,pico,ff53aa714b0f,sistemas-distribuidos-accounts_db-1,6.73%,52.37MiB / 7.654GiB,0.67%,13.9MB / 10.5MB,5.3MB / 159MB
2026-04-04 17:32:28,pico,489d7ba9a64c,sistemas-distribuidos-delivery_db-1,8.72%,30MiB / 7.654GiB,0.38%,19.9MB / 16.9MB,10.1MB / 159MB
2026-04-04 17:32:28,pico,a32314d4dd03,sistemas-distribuidos-payments_db-1,3.63%,31.45MiB / 7.654GiB,0.40%,17.9MB / 15.1MB,12.9MB / 158MB
2026-04-04 17:32:28,pico,f5429bdd2fb0,sistemas-distribuidos-zookeeper-1,2.01%,157.6MiB / 7.654GiB,2.01%,404kB / 401kB,47.8MB / 430kB
2026-04-04 17:32:28,pico,86aa92827ac9,sistemas-distribuidos-otel-1,96.34%,925.2MiB / 7.654GiB,11.80%,199MB / 958kB,488MB / 375MB
2026-04-04 17:32:33,pico,510b28b5e515,sistemas-distribuidos-crm-1,24.91%,69.39MiB / 7.654GiB,0.89%,26.8MB / 44.7MB,3.47MB / 401kB
2026-04-04 17:32:33,pico,ff3bf187a9b9,sistemas-distribuidos-delivery-1,35.54%,69.53MiB / 7.654GiB,0.89%,31.3MB / 47.4MB,4.65MB / 401kB
2026-04-04 17:32:33,pico,ecbfb6f4687b,sistemas-distribuidos-payments-1,31.31%,69.59MiB / 7.654GiB,0.89%,30MB / 46.8MB,6.24MB / 401kB
2026-04-04 17:32:33,pico,ee13bc4e589c,sistemas-distribuidos-accounts-1,24.98%,69.98MiB / 7.654GiB,0.89%,27.2MB / 47.5MB,14.9MB / 406kB
2026-04-04 17:32:33,pico,a117783aa7c8,sistemas-distribuidos-middleware-1,71.77%,80.76MiB / 7.654GiB,1.03%,325MB / 306MB,201kB / 786kB
2026-04-04 17:32:33,pico,088ebce9e27e,kafka-ui,9.76%,551.7MiB / 7.654GiB,7.04%,4.89MB / 24.5MB,92MB / 2.88MB
2026-04-04 17:32:33,pico,ee37a20584eb,sistemas-distribuidos-kafka-1,71.27%,694MiB / 7.654GiB,8.86%,141MB / 171MB,70.2MB / 47.3MB
2026-04-04 17:32:33,pico,b1267530f40d,sistemas-distribuidos-crm_db-1,4.31%,27.18MiB / 7.654GiB,0.35%,14MB / 11MB,8.72MB / 138MB
2026-04-04 17:32:33,pico,f1f8000a605f,sistemas-distribuidos-middleware_db-1,28.14%,66.92MiB / 7.654GiB,0.85%,196MB / 312MB,15.4MB / 684MB
2026-04-04 17:32:33,pico,ff53aa714b0f,sistemas-distribuidos-accounts_db-1,11.78%,52.37MiB / 7.654GiB,0.67%,14MB / 10.5MB,5.3MB / 159MB
2026-04-04 17:32:33,pico,489d7ba9a64c,sistemas-distribuidos-delivery_db-1,4.19%,30MiB / 7.654GiB,0.38%,20MB / 16.9MB,10.1MB / 159MB
2026-04-04 17:32:33,pico,a32314d4dd03,sistemas-distribuidos-payments_db-1,3.75%,31.45MiB / 7.654GiB,0.40%,17.9MB / 15.1MB,12.9MB / 158MB
2026-04-04 17:32:33,pico,f5429bdd2fb0,sistemas-distribuidos-zookeeper-1,6.99%,157.6MiB / 7.654GiB,2.01%,404kB / 401kB,47.8MB / 430kB
2026-04-04 17:32:33,pico,86aa92827ac9,sistemas-distribuidos-otel-1,55.13%,925.5MiB / 7.654GiB,11.81%,200MB / 963kB,488MB / 377MB
2026-04-04 17:32:40,pos,510b28b5e515,sistemas-distribuidos-crm-1,13.98%,68.52MiB / 7.654GiB,0.87%,26.8MB / 44.8MB,3.47MB / 401kB
2026-04-04 17:32:40,pos,ff3bf187a9b9,sistemas-distribuidos-delivery-1,12.86%,69.52MiB / 7.654GiB,0.89%,31.4MB / 47.5MB,4.65MB / 401kB
2026-04-04 17:32:40,pos,ecbfb6f4687b,sistemas-distribuidos-payments-1,13.82%,68.78MiB / 7.654GiB,0.88%,30MB / 46.9MB,6.24MB / 401kB
2026-04-04 17:32:40,pos,ee13bc4e589c,sistemas-distribuidos-accounts-1,15.16%,70MiB / 7.654GiB,0.89%,27.2MB / 47.6MB,14.9MB / 406kB
2026-04-04 17:32:40,pos,a117783aa7c8,sistemas-distribuidos-middleware-1,67.29%,79.41MiB / 7.654GiB,1.01%,326MB / 307MB,201kB / 786kB
2026-04-04 17:32:40,pos,088ebce9e27e,kafka-ui,38.69%,551.7MiB / 7.654GiB,7.04%,4.91MB / 24.5MB,92MB / 2.88MB
2026-04-04 17:32:40,pos,ee37a20584eb,sistemas-distribuidos-kafka-1,45.56%,694MiB / 7.654GiB,8.86%,141MB / 171MB,70.2MB / 47.3MB
2026-04-04 17:32:40,pos,b1267530f40d,sistemas-distribuidos-crm_db-1,1.56%,27.18MiB / 7.654GiB,0.35%,14.1MB / 11.1MB,8.72MB / 138MB
2026-04-04 17:32:40,pos,f1f8000a605f,sistemas-distribuidos-middleware_db-1,23.69%,67.16MiB / 7.654GiB,0.86%,197MB / 314MB,15.4MB / 686MB
2026-04-04 17:32:40,pos,ff53aa714b0f,sistemas-distribuidos-accounts_db-1,1.68%,52.38MiB / 7.654GiB,0.67%,14MB / 10.5MB,5.3MB / 159MB
2026-04-04 17:32:40,pos,489d7ba9a64c,sistemas-distribuidos-delivery_db-1,2.14%,29.99MiB / 7.654GiB,0.38%,20MB / 17MB,10.1MB / 159MB
2026-04-04 17:32:40,pos,a32314d4dd03,sistemas-distribuidos-payments_db-1,1.75%,31.45MiB / 7.654GiB,0.40%,18MB / 15.2MB,12.9MB / 159MB
2026-04-04 17:32:40,pos,f5429bdd2fb0,sistemas-distribuidos-zookeeper-1,0.48%,157.6MiB / 7.654GiB,2.01%,405kB / 402kB,47.8MB / 430kB
2026-04-04 17:32:40,pos,86aa92827ac9,sistemas-distribuidos-otel-1,64.48%,926.6MiB / 7.654GiB,11.82%,200MB / 966kB,488MB / 377MB
2026-04-04 17:32:46,pos,510b28b5e515,sistemas-distribuidos-crm-1,20.52%,68.91MiB / 7.654GiB,0.88%,26.9MB / 45MB,3.47MB / 401kB
2026-04-04 17:32:46,pos,ff3bf187a9b9,sistemas-distribuidos-delivery-1,17.58%,69.15MiB / 7.654GiB,0.88%,31.4MB / 47.6MB,4.65MB / 401kB
2026-04-04 17:32:46,pos,ecbfb6f4687b,sistemas-distribuidos-payments-1,20.94%,69.26MiB / 7.654GiB,0.88%,30.1MB / 47.1MB,6.24MB / 401kB
2026-04-04 17:32:46,pos,ee13bc4e589c,sistemas-distribuidos-accounts-1,21.88%,70MiB / 7.654GiB,0.89%,27.3MB / 47.7MB,14.9MB / 406kB
2026-04-04 17:32:46,pos,a117783aa7c8,sistemas-distribuidos-middleware-1,72.69%,79.98MiB / 7.654GiB,1.02%,328MB / 309MB,201kB / 786kB
2026-04-04 17:32:46,pos,088ebce9e27e,kafka-ui,3.64%,551.7MiB / 7.654GiB,7.04%,4.91MB / 24.5MB,92MB / 2.88MB
2026-04-04 17:32:46,pos,ee37a20584eb,sistemas-distribuidos-kafka-1,71.64%,695.1MiB / 7.654GiB,8.87%,141MB / 172MB,70.2MB / 47.3MB
2026-04-04 17:32:46,pos,b1267530f40d,sistemas-distribuidos-crm_db-1,2.00%,27.18MiB / 7.654GiB,0.35%,14.1MB / 11.1MB,8.72MB / 139MB
2026-04-04 17:32:46,pos,f1f8000a605f,sistemas-distribuidos-middleware_db-1,24.66%,66.93MiB / 7.654GiB,0.85%,198MB / 315MB,15.4MB / 689MB
2026-04-04 17:32:46,pos,ff53aa714b0f,sistemas-distribuidos-accounts_db-1,2.00%,52.37MiB / 7.654GiB,0.67%,14MB / 10.6MB,5.3MB / 159MB
2026-04-04 17:32:46,pos,489d7ba9a64c,sistemas-distribuidos-delivery_db-1,2.35%,30MiB / 7.654GiB,0.38%,20.1MB / 17MB,10.1MB / 160MB
2026-04-04 17:32:46,pos,a32314d4dd03,sistemas-distribuidos-payments_db-1,2.94%,31.46MiB / 7.654GiB,0.40%,18MB / 15.2MB,12.9MB / 159MB
2026-04-04 17:32:46,pos,f5429bdd2fb0,sistemas-distribuidos-zookeeper-1,3.60%,157.6MiB / 7.654GiB,2.01%,405kB / 402kB,47.8MB / 430kB
2026-04-04 17:32:46,pos,86aa92827ac9,sistemas-distribuidos-otel-1,13.50%,926.6MiB / 7.654GiB,11.82%,201MB / 968kB,488MB / 377MB
2026-04-04 17:32:50,pos,510b28b5e515,sistemas-distribuidos-crm-1,11.51%,68.91MiB / 7.654GiB,0.88%,26.9MB / 45MB,3.47MB / 401kB
2026-04-04 17:32:50,pos,ff3bf187a9b9,sistemas-distribuidos-delivery-1,10.25%,69.16MiB / 7.654GiB,0.88%,31.5MB / 47.8MB,4.65MB / 401kB
2026-04-04 17:32:50,pos,ecbfb6f4687b,sistemas-distribuidos-payments-1,12.80%,69.26MiB / 7.654GiB,0.88%,30.2MB / 47.1MB,6.24MB / 401kB
2026-04-04 17:32:50,pos,ee13bc4e589c,sistemas-distribuidos-accounts-1,10.71%,69.38MiB / 7.654GiB,0.89%,27.3MB / 47.8MB,14.9MB / 406kB
2026-04-04 17:32:50,pos,a117783aa7c8,sistemas-distribuidos-middleware-1,68.84%,80.57MiB / 7.654GiB,1.03%,329MB / 310MB,201kB / 786kB
2026-04-04 17:32:50,pos,088ebce9e27e,kafka-ui,1.85%,551.7MiB / 7.654GiB,7.04%,4.91MB / 24.5MB,92MB / 2.88MB
2026-04-04 17:32:50,pos,ee37a20584eb,sistemas-distribuidos-kafka-1,28.08%,694.9MiB / 7.654GiB,8.87%,142MB / 172MB,70.2MB / 47.9MB
2026-04-04 17:32:50,pos,b1267530f40d,sistemas-distribuidos-crm_db-1,1.50%,27.18MiB / 7.654GiB,0.35%,14.1MB / 11.1MB,8.72MB / 139MB
2026-04-04 17:32:50,pos,f1f8000a605f,sistemas-distribuidos-middleware_db-1,23.84%,66.94MiB / 7.654GiB,0.85%,199MB / 317MB,15.4MB / 691MB
2026-04-04 17:32:50,pos,ff53aa714b0f,sistemas-distribuidos-accounts_db-1,3.46%,52.38MiB / 7.654GiB,0.67%,14MB / 10.6MB,5.3MB / 159MB
2026-04-04 17:32:50,pos,489d7ba9a64c,sistemas-distribuidos-delivery_db-1,2.29%,30MiB / 7.654GiB,0.38%,20.1MB / 17MB,10.1MB / 160MB
2026-04-04 17:32:50,pos,a32314d4dd03,sistemas-distribuidos-payments_db-1,2.11%,31.46MiB / 7.654GiB,0.40%,18MB / 15.2MB,12.9MB / 159MB
2026-04-04 17:32:50,pos,f5429bdd2fb0,sistemas-distribuidos-zookeeper-1,1.08%,157.6MiB / 7.654GiB,2.01%,405kB / 402kB,47.8MB / 430kB
2026-04-04 17:32:50,pos,86aa92827ac9,sistemas-distribuidos-otel-1,6.91%,926.6MiB / 7.654GiB,11.82%,201MB / 971kB,488MB / 380MB
2026-04-04 17:32:54,pos,510b28b5e515,sistemas-distribuidos-crm-1,11.80%,68.94MiB / 7.654GiB,0.88%,27MB / 45.1MB,3.47MB / 401kB
2026-04-04 17:32:54,pos,ff3bf187a9b9,sistemas-distribuidos-delivery-1,19.30%,69.21MiB / 7.654GiB,0.88%,31.6MB / 47.9MB,4.65MB / 401kB
2026-04-04 17:32:54,pos,ecbfb6f4687b,sistemas-distribuidos-payments-1,22.45%,69.29MiB / 7.654GiB,0.88%,30.2MB / 47.3MB,6.24MB / 401kB
2026-04-04 17:32:54,pos,ee13bc4e589c,sistemas-distribuidos-accounts-1,58.05%,69.69MiB / 7.654GiB,0.89%,27.4MB / 47.9MB,14.9MB / 406kB
2026-04-04 17:32:54,pos,a117783aa7c8,sistemas-distribuidos-middleware-1,82.21%,79.81MiB / 7.654GiB,1.02%,331MB / 312MB,201kB / 786kB
2026-04-04 17:32:54,pos,088ebce9e27e,kafka-ui,7.11%,551.7MiB / 7.654GiB,7.04%,4.91MB / 24.5MB,92MB / 2.88MB
2026-04-04 17:32:54,pos,ee37a20584eb,sistemas-distribuidos-kafka-1,58.30%,694.9MiB / 7.654GiB,8.87%,142MB / 172MB,70.2MB / 47.9MB
2026-04-04 17:32:54,pos,b1267530f40d,sistemas-distribuidos-crm_db-1,3.30%,27.18MiB / 7.654GiB,0.35%,14.1MB / 11.1MB,8.72MB / 139MB
2026-04-04 17:32:54,pos,f1f8000a605f,sistemas-distribuidos-middleware_db-1,28.71%,67.18MiB / 7.654GiB,0.86%,200MB / 318MB,15.4MB / 694MB
2026-04-04 17:32:54,pos,ff53aa714b0f,sistemas-distribuidos-accounts_db-1,4.27%,52.37MiB / 7.654GiB,0.67%,14.1MB / 10.6MB,5.3MB / 160MB
2026-04-04 17:32:54,pos,489d7ba9a64c,sistemas-distribuidos-delivery_db-1,2.34%,30MiB / 7.654GiB,0.38%,20.1MB / 17.1MB,10.1MB / 160MB
2026-04-04 17:32:54,pos,a32314d4dd03,sistemas-distribuidos-payments_db-1,2.76%,31.45MiB / 7.654GiB,0.40%,18MB / 15.3MB,12.9MB / 159MB
2026-04-04 17:32:54,pos,f5429bdd2fb0,sistemas-distribuidos-zookeeper-1,4.28%,157.6MiB / 7.654GiB,2.01%,405kB / 402kB,47.8MB / 430kB
2026-04-04 17:32:54,pos,86aa92827ac9,sistemas-distribuidos-otel-1,67.03%,927.4MiB / 7.654GiB,11.83%,202MB / 974kB,488MB / 380MB
2026-04-04 17:32:59,pos,510b28b5e515,sistemas-distribuidos-crm-1,11.79%,68.81MiB / 7.654GiB,0.88%,27MB / 45.3MB,3.47MB / 401kB
2026-04-04 17:32:59,pos,ff3bf187a9b9,sistemas-distribuidos-delivery-1,11.14%,69.28MiB / 7.654GiB,0.88%,31.6MB / 48MB,4.65MB / 401kB
2026-04-04 17:32:59,pos,ecbfb6f4687b,sistemas-distribuidos-payments-1,11.31%,69.04MiB / 7.654GiB,0.88%,30.3MB / 47.4MB,6.24MB / 401kB
2026-04-04 17:32:59,pos,ee13bc4e589c,sistemas-distribuidos-accounts-1,11.99%,69.68MiB / 7.654GiB,0.89%,27.5MB / 48MB,14.9MB / 406kB
2026-04-04 17:32:59,pos,a117783aa7c8,sistemas-distribuidos-middleware-1,69.14%,80.58MiB / 7.654GiB,1.03%,333MB / 313MB,201kB / 786kB
2026-04-04 17:32:59,pos,088ebce9e27e,kafka-ui,0.33%,551.7MiB / 7.654GiB,7.04%,4.91MB / 24.5MB,92MB / 2.89MB
2026-04-04 17:32:59,pos,ee37a20584eb,sistemas-distribuidos-kafka-1,23.12%,694.9MiB / 7.654GiB,8.87%,142MB / 172MB,70.2MB / 47.9MB
2026-04-04 17:32:59,pos,b1267530f40d,sistemas-distribuidos-crm_db-1,1.78%,27.18MiB / 7.654GiB,0.35%,14.2MB / 11.2MB,8.72MB / 139MB
2026-04-04 17:32:59,pos,f1f8000a605f,sistemas-distribuidos-middleware_db-1,24.63%,66.93MiB / 7.654GiB,0.85%,201MB / 320MB,15.4MB / 697MB
2026-04-04 17:32:59,pos,ff53aa714b0f,sistemas-distribuidos-accounts_db-1,7.53%,52.37MiB / 7.654GiB,0.67%,14.1MB / 10.6MB,5.3MB / 160MB
2026-04-04 17:32:59,pos,489d7ba9a64c,sistemas-distribuidos-delivery_db-1,2.81%,30MiB / 7.654GiB,0.38%,20.1MB / 17.1MB,10.1MB / 161MB
2026-04-04 17:32:59,pos,a32314d4dd03,sistemas-distribuidos-payments_db-1,3.77%,31.45MiB / 7.654GiB,0.40%,18.1MB / 15.3MB,12.9MB / 160MB
2026-04-04 17:32:59,pos,f5429bdd2fb0,sistemas-distribuidos-zookeeper-1,0.42%,157.6MiB / 7.654GiB,2.01%,405kB / 402kB,47.8MB / 430kB
2026-04-04 17:32:59,pos,86aa92827ac9,sistemas-distribuidos-otel-1,54.91%,919.6MiB / 7.654GiB,11.73%,203MB / 976kB,488MB / 380MB
2026-04-04 17:33:04,pos,510b28b5e515,sistemas-distribuidos-crm-1,6.70%,69.07MiB / 7.654GiB,0.88%,27.1MB / 45.4MB,3.47MB / 401kB
2026-04-04 17:33:04,pos,ff3bf187a9b9,sistemas-distribuidos-delivery-1,9.29%,69.51MiB / 7.654GiB,0.89%,31.7MB / 48.2MB,4.65MB / 401kB
2026-04-04 17:33:04,pos,ecbfb6f4687b,sistemas-distribuidos-payments-1,7.65%,69.3MiB / 7.654GiB,0.88%,30.4MB / 47.5MB,6.24MB / 401kB
2026-04-04 17:33:04,pos,ee13bc4e589c,sistemas-distribuidos-accounts-1,14.63%,69.98MiB / 7.654GiB,0.89%,27.5MB / 48.2MB,14.9MB / 406kB
2026-04-04 17:33:04,pos,a117783aa7c8,sistemas-distribuidos-middleware-1,83.54%,80.18MiB / 7.654GiB,1.02%,335MB / 315MB,201kB / 786kB
2026-04-04 17:33:04,pos,088ebce9e27e,kafka-ui,0.13%,551.7MiB / 7.654GiB,7.04%,4.91MB / 24.5MB,92MB / 2.89MB
2026-04-04 17:33:04,pos,ee37a20584eb,sistemas-distribuidos-kafka-1,64.49%,694.9MiB / 7.654GiB,8.87%,142MB / 173MB,70.2MB / 48.4MB
2026-04-04 17:33:04,pos,b1267530f40d,sistemas-distribuidos-crm_db-1,0.95%,27.18MiB / 7.654GiB,0.35%,14.2MB / 11.2MB,8.72MB / 140MB
2026-04-04 17:33:04,pos,f1f8000a605f,sistemas-distribuidos-middleware_db-1,14.86%,67.18MiB / 7.654GiB,0.86%,202MB / 322MB,15.4MB / 700MB
2026-04-04 17:33:04,pos,ff53aa714b0f,sistemas-distribuidos-accounts_db-1,6.77%,52.38MiB / 7.654GiB,0.67%,14.1MB / 10.6MB,5.3MB / 160MB
2026-04-04 17:33:04,pos,489d7ba9a64c,sistemas-distribuidos-delivery_db-1,1.94%,30MiB / 7.654GiB,0.38%,20.2MB / 17.1MB,10.1MB / 161MB
2026-04-04 17:33:04,pos,a32314d4dd03,sistemas-distribuidos-payments_db-1,1.29%,31.45MiB / 7.654GiB,0.40%,18.1MB / 15.3MB,12.9MB / 160MB
2026-04-04 17:33:04,pos,f5429bdd2fb0,sistemas-distribuidos-zookeeper-1,0.66%,157.6MiB / 7.654GiB,2.01%,405kB / 402kB,47.8MB / 430kB
2026-04-04 17:33:04,pos,86aa92827ac9,sistemas-distribuidos-otel-1,16.89%,919.6MiB / 7.654GiB,11.73%,204MB / 980kB,488MB / 384MB
2026-04-04 17:33:08,pos,510b28b5e515,sistemas-distribuidos-crm-1,18.30%,69.07MiB / 7.654GiB,0.88%,27.1MB / 45.5MB,3.47MB / 401kB
2026-04-04 17:33:08,pos,ff3bf187a9b9,sistemas-distribuidos-delivery-1,20.13%,69.03MiB / 7.654GiB,0.88%,31.8MB / 48.3MB,4.65MB / 401kB
2026-04-04 17:33:08,pos,ecbfb6f4687b,sistemas-distribuidos-payments-1,13.73%,69.34MiB / 7.654GiB,0.88%,30.4MB / 47.6MB,6.24MB / 401kB
2026-04-04 17:33:08,pos,ee13bc4e589c,sistemas-distribuidos-accounts-1,13.12%,69.98MiB / 7.654GiB,0.89%,27.6MB / 48.2MB,14.9MB / 406kB
2026-04-04 17:33:08,pos,a117783aa7c8,sistemas-distribuidos-middleware-1,64.48%,80.44MiB / 7.654GiB,1.03%,336MB / 316MB,201kB / 786kB
2026-04-04 17:33:08,pos,088ebce9e27e,kafka-ui,1.99%,551.7MiB / 7.654GiB,7.04%,4.91MB / 24.5MB,92MB / 2.89MB
2026-04-04 17:33:08,pos,ee37a20584eb,sistemas-distribuidos-kafka-1,28.16%,695.1MiB / 7.654GiB,8.87%,142MB / 173MB,70.2MB / 48.4MB
2026-04-04 17:33:08,pos,b1267530f40d,sistemas-distribuidos-crm_db-1,1.76%,27.18MiB / 7.654GiB,0.35%,14.2MB / 11.2MB,8.72MB / 140MB
2026-04-04 17:33:08,pos,f1f8000a605f,sistemas-distribuidos-middleware_db-1,26.52%,67.2MiB / 7.654GiB,0.86%,203MB / 323MB,15.4MB / 702MB
2026-04-04 17:33:08,pos,ff53aa714b0f,sistemas-distribuidos-accounts_db-1,2.77%,52.38MiB / 7.654GiB,0.67%,14.1MB / 10.7MB,5.3MB / 161MB
2026-04-04 17:33:08,pos,489d7ba9a64c,sistemas-distribuidos-delivery_db-1,4.83%,30MiB / 7.654GiB,0.38%,20.2MB / 17.2MB,10.1MB / 161MB
2026-04-04 17:33:08,pos,a32314d4dd03,sistemas-distribuidos-payments_db-1,1.83%,31.46MiB / 7.654GiB,0.40%,18.1MB / 15.4MB,12.9MB / 160MB
2026-04-04 17:33:08,pos,f5429bdd2fb0,sistemas-distribuidos-zookeeper-1,1.27%,157.6MiB / 7.654GiB,2.01%,405kB / 402kB,47.8MB / 430kB
2026-04-04 17:33:08,pos,86aa92827ac9,sistemas-distribuidos-otel-1,34.79%,919.7MiB / 7.654GiB,11.73%,204MB / 982kB,488MB / 384MB
2026-04-04 17:33:12,pos,510b28b5e515,sistemas-distribuidos-crm-1,11.73%,68.8MiB / 7.654GiB,0.88%,27.2MB / 45.6MB,3.47MB / 401kB
2026-04-04 17:33:12,pos,ff3bf187a9b9,sistemas-distribuidos-delivery-1,13.01%,69.03MiB / 7.654GiB,0.88%,31.8MB / 48.3MB,4.65MB / 401kB
2026-04-04 17:33:12,pos,ecbfb6f4687b,sistemas-distribuidos-payments-1,15.33%,69.05MiB / 7.654GiB,0.88%,30.5MB / 47.8MB,6.24MB / 401kB
2026-04-04 17:33:12,pos,ee13bc4e589c,sistemas-distribuidos-accounts-1,13.66%,70MiB / 7.654GiB,0.89%,27.6MB / 48.4MB,14.9MB / 406kB
2026-04-04 17:33:12,pos,a117783aa7c8,sistemas-distribuidos-middleware-1,69.21%,79.47MiB / 7.654GiB,1.01%,337MB / 318MB,201kB / 786kB
2026-04-04 17:33:12,pos,088ebce9e27e,kafka-ui,0.62%,551.7MiB / 7.654GiB,7.04%,4.92MB / 24.5MB,92MB / 2.89MB
2026-04-04 17:33:12,pos,ee37a20584eb,sistemas-distribuidos-kafka-1,26.31%,694.9MiB / 7.654GiB,8.87%,143MB / 173MB,70.2MB / 48.4MB
2026-04-04 17:33:12,pos,b1267530f40d,sistemas-distribuidos-crm_db-1,1.65%,27.18MiB / 7.654GiB,0.35%,14.2MB / 11.2MB,8.72MB / 140MB
2026-04-04 17:33:12,pos,f1f8000a605f,sistemas-distribuidos-middleware_db-1,26.29%,66.94MiB / 7.654GiB,0.85%,204MB / 324MB,15.4MB / 704MB
2026-04-04 17:33:12,pos,ff53aa714b0f,sistemas-distribuidos-accounts_db-1,4.13%,52.37MiB / 7.654GiB,0.67%,14.2MB / 10.7MB,5.3MB / 161MB
2026-04-04 17:33:12,pos,489d7ba9a64c,sistemas-distribuidos-delivery_db-1,2.21%,30MiB / 7.654GiB,0.38%,20.2MB / 17.2MB,10.1MB / 161MB
2026-04-04 17:33:12,pos,a32314d4dd03,sistemas-distribuidos-payments_db-1,1.61%,31.45MiB / 7.654GiB,0.40%,18.2MB / 15.4MB,12.9MB / 160MB
2026-04-04 17:33:12,pos,f5429bdd2fb0,sistemas-distribuidos-zookeeper-1,12.43%,157.6MiB / 7.654GiB,2.01%,406kB / 403kB,47.8MB / 430kB
2026-04-04 17:33:12,pos,86aa92827ac9,sistemas-distribuidos-otel-1,59.60%,917.5MiB / 7.654GiB,11.71%,205MB / 985kB,488MB / 384MB
2026-04-04 17:33:16,pos,510b28b5e515,sistemas-distribuidos-crm-1,23.10%,68.8MiB / 7.654GiB,0.88%,27.2MB / 45.7MB,3.47MB / 401kB
2026-04-04 17:33:16,pos,ff3bf187a9b9,sistemas-distribuidos-delivery-1,19.29%,69.18MiB / 7.654GiB,0.88%,31.9MB / 48.5MB,4.65MB / 401kB
2026-04-04 17:33:16,pos,ecbfb6f4687b,sistemas-distribuidos-payments-1,18.81%,69.05MiB / 7.654GiB,0.88%,30.5MB / 47.9MB,6.24MB / 401kB
2026-04-04 17:33:16,pos,ee13bc4e589c,sistemas-distribuidos-accounts-1,20.07%,69.38MiB / 7.654GiB,0.89%,27.7MB / 48.5MB,14.9MB / 406kB
2026-04-04 17:33:16,pos,a117783aa7c8,sistemas-distribuidos-middleware-1,64.66%,80.39MiB / 7.654GiB,1.03%,338MB / 319MB,201kB / 786kB
2026-04-04 17:33:16,pos,088ebce9e27e,kafka-ui,0.79%,551.7MiB / 7.654GiB,7.04%,4.92MB / 24.5MB,92MB / 2.89MB
2026-04-04 17:33:16,pos,ee37a20584eb,sistemas-distribuidos-kafka-1,26.40%,695.1MiB / 7.654GiB,8.87%,143MB / 173MB,70.2MB / 48.4MB
2026-04-04 17:33:16,pos,b1267530f40d,sistemas-distribuidos-crm_db-1,2.52%,27.18MiB / 7.654GiB,0.35%,14.3MB / 11.2MB,8.72MB / 140MB
2026-04-04 17:33:16,pos,f1f8000a605f,sistemas-distribuidos-middleware_db-1,26.17%,66.95MiB / 7.654GiB,0.85%,204MB / 325MB,15.4MB / 706MB
2026-04-04 17:33:16,pos,ff53aa714b0f,sistemas-distribuidos-accounts_db-1,4.94%,52.37MiB / 7.654GiB,0.67%,14.2MB / 10.7MB,5.3MB / 161MB
2026-04-04 17:33:16,pos,489d7ba9a64c,sistemas-distribuidos-delivery_db-1,2.29%,30MiB / 7.654GiB,0.38%,20.3MB / 17.2MB,10.1MB / 162MB
2026-04-04 17:33:16,pos,a32314d4dd03,sistemas-distribuidos-payments_db-1,2.07%,31.45MiB / 7.654GiB,0.40%,18.2MB / 15.4MB,12.9MB / 161MB
2026-04-04 17:33:16,pos,f5429bdd2fb0,sistemas-distribuidos-zookeeper-1,1.52%,157.6MiB / 7.654GiB,2.01%,406kB / 404kB,47.8MB / 430kB
2026-04-04 17:33:16,pos,86aa92827ac9,sistemas-distribuidos-otel-1,41.92%,917.5MiB / 7.654GiB,11.71%,205MB / 987kB,488MB / 384MB
2026-04-04 17:33:22,pos,510b28b5e515,sistemas-distribuidos-crm-1,4.71%,68.81MiB / 7.654GiB,0.88%,27.3MB / 45.8MB,3.47MB / 401kB
2026-04-04 17:33:22,pos,ff3bf187a9b9,sistemas-distribuidos-delivery-1,2.08%,69.18MiB / 7.654GiB,0.88%,31.9MB / 48.5MB,4.65MB / 401kB
2026-04-04 17:33:22,pos,ecbfb6f4687b,sistemas-distribuidos-payments-1,4.31%,69.04MiB / 7.654GiB,0.88%,30.6MB / 47.9MB,6.24MB / 401kB
2026-04-04 17:33:22,pos,ee13bc4e589c,sistemas-distribuidos-accounts-1,2.02%,69.39MiB / 7.654GiB,0.89%,27.7MB / 48.5MB,14.9MB / 406kB
2026-04-04 17:33:22,pos,a117783aa7c8,sistemas-distribuidos-middleware-1,2.64%,78.98MiB / 7.654GiB,1.01%,339MB / 319MB,201kB / 786kB
2026-04-04 17:33:22,pos,088ebce9e27e,kafka-ui,0.32%,551.7MiB / 7.654GiB,7.04%,4.92MB / 24.5MB,92MB / 2.89MB
2026-04-04 17:33:22,pos,ee37a20584eb,sistemas-distribuidos-kafka-1,8.41%,694.9MiB / 7.654GiB,8.87%,143MB / 173MB,70.2MB / 48.7MB
2026-04-04 17:33:22,pos,b1267530f40d,sistemas-distribuidos-crm_db-1,0.00%,27.17MiB / 7.654GiB,0.35%,14.3MB / 11.2MB,8.72MB / 140MB
2026-04-04 17:33:22,pos,f1f8000a605f,sistemas-distribuidos-middleware_db-1,0.00%,66.92MiB / 7.654GiB,0.85%,204MB / 325MB,15.4MB / 707MB
2026-04-04 17:33:22,pos,ff53aa714b0f,sistemas-distribuidos-accounts_db-1,0.04%,52.37MiB / 7.654GiB,0.67%,14.2MB / 10.7MB,5.3MB / 161MB
2026-04-04 17:33:22,pos,489d7ba9a64c,sistemas-distribuidos-delivery_db-1,0.00%,30MiB / 7.654GiB,0.38%,20.3MB / 17.2MB,10.1MB / 162MB
2026-04-04 17:33:22,pos,a32314d4dd03,sistemas-distribuidos-payments_db-1,0.05%,31.45MiB / 7.654GiB,0.40%,18.2MB / 15.4MB,12.9MB / 161MB
2026-04-04 17:33:22,pos,f5429bdd2fb0,sistemas-distribuidos-zookeeper-1,1.43%,157.9MiB / 7.654GiB,2.01%,406kB / 404kB,47.8MB / 430kB
2026-04-04 17:33:22,pos,86aa92827ac9,sistemas-distribuidos-otel-1,16.62%,917.6MiB / 7.654GiB,11.71%,206MB / 989kB,488MB / 384MB
2026-04-04 17:33:25,pos,510b28b5e515,sistemas-distribuidos-crm-1,3.87%,69.06MiB / 7.654GiB,0.88%,27.3MB / 45.8MB,3.47MB / 401kB
2026-04-04 17:33:25,pos,ff3bf187a9b9,sistemas-distribuidos-delivery-1,2.16%,69.18MiB / 7.654GiB,0.88%,31.9MB / 48.5MB,4.65MB / 401kB
2026-04-04 17:33:25,pos,ecbfb6f4687b,sistemas-distribuidos-payments-1,3.76%,69.05MiB / 7.654GiB,0.88%,30.6MB / 47.9MB,6.24MB / 401kB
2026-04-04 17:33:25,pos,ee13bc4e589c,sistemas-distribuidos-accounts-1,2.15%,69.4MiB / 7.654GiB,0.89%,27.7MB / 48.5MB,14.9MB / 406kB
2026-04-04 17:33:25,pos,a117783aa7c8,sistemas-distribuidos-middleware-1,1.63%,78.98MiB / 7.654GiB,1.01%,339MB / 319MB,201kB / 786kB
2026-04-04 17:33:25,pos,088ebce9e27e,kafka-ui,0.41%,551.7MiB / 7.654GiB,7.04%,4.92MB / 24.5MB,92MB / 2.89MB
2026-04-04 17:33:25,pos,ee37a20584eb,sistemas-distribuidos-kafka-1,11.18%,694.9MiB / 7.654GiB,8.87%,143MB / 173MB,70.2MB / 48.7MB
2026-04-04 17:33:25,pos,b1267530f40d,sistemas-distribuidos-crm_db-1,0.00%,27.17MiB / 7.654GiB,0.35%,14.3MB / 11.2MB,8.72MB / 140MB
2026-04-04 17:33:25,pos,f1f8000a605f,sistemas-distribuidos-middleware_db-1,0.04%,66.91MiB / 7.654GiB,0.85%,204MB / 325MB,15.4MB / 707MB
2026-04-04 17:33:25,pos,ff53aa714b0f,sistemas-distribuidos-accounts_db-1,0.00%,52.36MiB / 7.654GiB,0.67%,14.2MB / 10.7MB,5.3MB / 161MB
2026-04-04 17:33:25,pos,489d7ba9a64c,sistemas-distribuidos-delivery_db-1,0.00%,30MiB / 7.654GiB,0.38%,20.3MB / 17.2MB,10.1MB / 162MB
2026-04-04 17:33:25,pos,a32314d4dd03,sistemas-distribuidos-payments_db-1,0.06%,31.45MiB / 7.654GiB,0.40%,18.2MB / 15.4MB,12.9MB / 161MB
2026-04-04 17:33:25,pos,f5429bdd2fb0,sistemas-distribuidos-zookeeper-1,0.29%,157.6MiB / 7.654GiB,2.01%,406kB / 404kB,47.8MB / 430kB
2026-04-04 17:33:25,pos,86aa92827ac9,sistemas-distribuidos-otel-1,4.60%,917.6MiB / 7.654GiB,11.71%,206MB / 990kB,488MB / 384MB
2026-04-04 17:33:29,pos,510b28b5e515,sistemas-distribuidos-crm-1,1.31%,68.81MiB / 7.654GiB,0.88%,27.3MB / 45.8MB,3.47MB / 401kB
2026-04-04 17:33:29,pos,ff3bf187a9b9,sistemas-distribuidos-delivery-1,2.29%,69.18MiB / 7.654GiB,0.88%,31.9MB / 48.5MB,4.65MB / 401kB
2026-04-04 17:33:29,pos,ecbfb6f4687b,sistemas-distribuidos-payments-1,1.11%,69.05MiB / 7.654GiB,0.88%,30.6MB / 47.9MB,6.24MB / 401kB
2026-04-04 17:33:29,pos,ee13bc4e589c,sistemas-distribuidos-accounts-1,1.22%,69.39MiB / 7.654GiB,0.89%,27.7MB / 48.5MB,14.9MB / 406kB
2026-04-04 17:33:29,pos,a117783aa7c8,sistemas-distribuidos-middleware-1,0.53%,78.98MiB / 7.654GiB,1.01%,339MB / 319MB,201kB / 786kB
2026-04-04 17:33:29,pos,088ebce9e27e,kafka-ui,0.04%,551.7MiB / 7.654GiB,7.04%,4.92MB / 24.5MB,92MB / 2.9MB
2026-04-04 17:33:29,pos,ee37a20584eb,sistemas-distribuidos-kafka-1,2.68%,694.9MiB / 7.654GiB,8.87%,143MB / 173MB,70.2MB / 48.7MB
2026-04-04 17:33:29,pos,b1267530f40d,sistemas-distribuidos-crm_db-1,0.02%,27.18MiB / 7.654GiB,0.35%,14.3MB / 11.2MB,8.72MB / 141MB
2026-04-04 17:33:29,pos,f1f8000a605f,sistemas-distribuidos-middleware_db-1,0.00%,66.91MiB / 7.654GiB,0.85%,204MB / 325MB,15.4MB / 707MB
2026-04-04 17:33:29,pos,ff53aa714b0f,sistemas-distribuidos-accounts_db-1,0.00%,52.36MiB / 7.654GiB,0.67%,14.2MB / 10.7MB,5.3MB / 161MB
2026-04-04 17:33:29,pos,489d7ba9a64c,sistemas-distribuidos-delivery_db-1,0.02%,30MiB / 7.654GiB,0.38%,20.3MB / 17.2MB,10.1MB / 162MB
2026-04-04 17:33:29,pos,a32314d4dd03,sistemas-distribuidos-payments_db-1,0.03%,31.45MiB / 7.654GiB,0.40%,18.2MB / 15.4MB,12.9MB / 161MB
2026-04-04 17:33:29,pos,f5429bdd2fb0,sistemas-distribuidos-zookeeper-1,0.10%,157.6MiB / 7.654GiB,2.01%,406kB / 404kB,47.8MB / 430kB
2026-04-04 17:33:29,pos,86aa92827ac9,sistemas-distribuidos-otel-1,3.16%,917.8MiB / 7.654GiB,11.71%,206MB / 990kB,488MB / 384MB
2026-04-04 17:33:33,pos,510b28b5e515,sistemas-distribuidos-crm-1,0.95%,68.81MiB / 7.654GiB,0.88%,27.3MB / 45.8MB,3.47MB / 401kB
2026-04-04 17:33:33,pos,ff3bf187a9b9,sistemas-distribuidos-delivery-1,0.82%,69.18MiB / 7.654GiB,0.88%,32MB / 48.6MB,4.65MB / 401kB
2026-04-04 17:33:33,pos,ecbfb6f4687b,sistemas-distribuidos-payments-1,0.86%,69.04MiB / 7.654GiB,0.88%,30.6MB / 47.9MB,6.24MB / 401kB
2026-04-04 17:33:33,pos,ee13bc4e589c,sistemas-distribuidos-accounts-1,0.94%,69.39MiB / 7.654GiB,0.89%,27.7MB / 48.6MB,14.9MB / 406kB
2026-04-04 17:33:33,pos,a117783aa7c8,sistemas-distribuidos-middleware-1,0.50%,78.98MiB / 7.654GiB,1.01%,339MB / 319MB,201kB / 786kB
2026-04-04 17:33:33,pos,088ebce9e27e,kafka-ui,0.05%,551.7MiB / 7.654GiB,7.04%,4.92MB / 24.5MB,92MB / 2.9MB
2026-04-04 17:33:33,pos,ee37a20584eb,sistemas-distribuidos-kafka-1,2.93%,694.9MiB / 7.654GiB,8.87%,143MB / 174MB,70.2MB / 48.7MB
2026-04-04 17:33:33,pos,b1267530f40d,sistemas-distribuidos-crm_db-1,0.02%,27.43MiB / 7.654GiB,0.35%,14.3MB / 11.2MB,8.72MB / 141MB
2026-04-04 17:33:33,pos,f1f8000a605f,sistemas-distribuidos-middleware_db-1,0.02%,66.92MiB / 7.654GiB,0.85%,204MB / 325MB,15.4MB / 707MB
2026-04-04 17:33:33,pos,ff53aa714b0f,sistemas-distribuidos-accounts_db-1,0.21%,52.36MiB / 7.654GiB,0.67%,14.2MB / 10.7MB,5.3MB / 161MB
2026-04-04 17:33:33,pos,489d7ba9a64c,sistemas-distribuidos-delivery_db-1,0.03%,30MiB / 7.654GiB,0.38%,20.3MB / 17.2MB,10.1MB / 162MB
2026-04-04 17:33:33,pos,a32314d4dd03,sistemas-distribuidos-payments_db-1,0.02%,31.45MiB / 7.654GiB,0.40%,18.2MB / 15.4MB,12.9MB / 161MB
2026-04-04 17:33:33,pos,f5429bdd2fb0,sistemas-distribuidos-zookeeper-1,0.09%,157.6MiB / 7.654GiB,2.01%,406kB / 404kB,47.8MB / 430kB
2026-04-04 17:33:33,pos,86aa92827ac9,sistemas-distribuidos-otel-1,5.60%,917.8MiB / 7.654GiB,11.71%,206MB / 991kB,488MB / 384MB
2026-04-04 17:33:36,pos,510b28b5e515,sistemas-distribuidos-crm-1,1.03%,68.81MiB / 7.654GiB,0.88%,27.3MB / 45.8MB,3.47MB / 401kB
2026-04-04 17:33:36,pos,ff3bf187a9b9,sistemas-distribuidos-delivery-1,0.86%,69.18MiB / 7.654GiB,0.88%,32MB / 48.6MB,4.65MB / 401kB
2026-04-04 17:33:36,pos,ecbfb6f4687b,sistemas-distribuidos-payments-1,1.17%,69.04MiB / 7.654GiB,0.88%,30.6MB / 48MB,6.24MB / 401kB
2026-04-04 17:33:36,pos,ee13bc4e589c,sistemas-distribuidos-accounts-1,1.29%,69.39MiB / 7.654GiB,0.89%,27.7MB / 48.6MB,14.9MB / 406kB
2026-04-04 17:33:36,pos,a117783aa7c8,sistemas-distribuidos-middleware-1,0.82%,78.99MiB / 7.654GiB,1.01%,339MB / 319MB,201kB / 786kB
2026-04-04 17:33:36,pos,088ebce9e27e,kafka-ui,0.18%,551.7MiB / 7.654GiB,7.04%,4.92MB / 24.5MB,92MB / 2.9MB
2026-04-04 17:33:36,pos,ee37a20584eb,sistemas-distribuidos-kafka-1,2.21%,694.9MiB / 7.654GiB,8.87%,143MB / 174MB,70.2MB / 48.7MB
2026-04-04 17:33:36,pos,b1267530f40d,sistemas-distribuidos-crm_db-1,0.19%,27.19MiB / 7.654GiB,0.35%,14.3MB / 11.2MB,8.72MB / 141MB
2026-04-04 17:33:36,pos,f1f8000a605f,sistemas-distribuidos-middleware_db-1,0.03%,66.92MiB / 7.654GiB,0.85%,204MB / 325MB,15.4MB / 707MB
2026-04-04 17:33:36,pos,ff53aa714b0f,sistemas-distribuidos-accounts_db-1,0.02%,52.37MiB / 7.654GiB,0.67%,14.2MB / 10.7MB,5.3MB / 161MB
2026-04-04 17:33:36,pos,489d7ba9a64c,sistemas-distribuidos-delivery_db-1,0.02%,30MiB / 7.654GiB,0.38%,20.3MB / 17.2MB,10.1MB / 162MB
2026-04-04 17:33:36,pos,a32314d4dd03,sistemas-distribuidos-payments_db-1,0.01%,31.45MiB / 7.654GiB,0.40%,18.2MB / 15.4MB,12.9MB / 161MB
2026-04-04 17:33:36,pos,f5429bdd2fb0,sistemas-distribuidos-zookeeper-1,0.08%,157.6MiB / 7.654GiB,2.01%,407kB / 404kB,47.8MB / 430kB
2026-04-04 17:33:36,pos,86aa92827ac9,sistemas-distribuidos-otel-1,1.97%,917.5MiB / 7.654GiB,11.71%,206MB / 991kB,488MB / 387MB
2026-04-04 17:33:40,pos,510b28b5e515,sistemas-distribuidos-crm-1,6.70%,68.81MiB / 7.654GiB,0.88%,27.3MB / 45.8MB,3.47MB / 401kB
2026-04-04 17:33:40,pos,ff3bf187a9b9,sistemas-distribuidos-delivery-1,10.40%,69.18MiB / 7.654GiB,0.88%,32MB / 48.6MB,4.65MB / 401kB
2026-04-04 17:33:40,pos,ecbfb6f4687b,sistemas-distribuidos-payments-1,5.99%,69.04MiB / 7.654GiB,0.88%,30.6MB / 48MB,6.24MB / 401kB
2026-04-04 17:33:40,pos,ee13bc4e589c,sistemas-distribuidos-accounts-1,10.84%,69.39MiB / 7.654GiB,0.89%,27.8MB / 48.6MB,14.9MB / 406kB
2026-04-04 17:33:40,pos,a117783aa7c8,sistemas-distribuidos-middleware-1,4.19%,78.98MiB / 7.654GiB,1.01%,339MB / 319MB,201kB / 786kB
2026-04-04 17:33:40,pos,088ebce9e27e,kafka-ui,242.22%,551.9MiB / 7.654GiB,7.04%,4.95MB / 24.5MB,92MB / 2.9MB
2026-04-04 17:33:40,pos,ee37a20584eb,sistemas-distribuidos-kafka-1,76.45%,695.2MiB / 7.654GiB,8.87%,143MB / 174MB,70.2MB / 48.8MB
2026-04-04 17:33:40,pos,b1267530f40d,sistemas-distribuidos-crm_db-1,0.00%,27.18MiB / 7.654GiB,0.35%,14.3MB / 11.2MB,8.72MB / 141MB
2026-04-04 17:33:40,pos,f1f8000a605f,sistemas-distribuidos-middleware_db-1,0.32%,66.92MiB / 7.654GiB,0.85%,204MB / 325MB,15.4MB / 707MB
2026-04-04 17:33:40,pos,ff53aa714b0f,sistemas-distribuidos-accounts_db-1,0.11%,52.36MiB / 7.654GiB,0.67%,14.2MB / 10.7MB,5.3MB / 161MB
2026-04-04 17:33:40,pos,489d7ba9a64c,sistemas-distribuidos-delivery_db-1,0.00%,30MiB / 7.654GiB,0.38%,20.3MB / 17.2MB,10.1MB / 162MB
2026-04-04 17:33:40,pos,a32314d4dd03,sistemas-distribuidos-payments_db-1,0.00%,31.45MiB / 7.654GiB,0.40%,18.2MB / 15.4MB,12.9MB / 161MB
2026-04-04 17:33:40,pos,f5429bdd2fb0,sistemas-distribuidos-zookeeper-1,8.98%,157.6MiB / 7.654GiB,2.01%,408kB / 405kB,47.8MB / 430kB
2026-04-04 17:33:40,pos,86aa92827ac9,sistemas-distribuidos-otel-1,36.23%,917.6MiB / 7.654GiB,11.71%,206MB / 991kB,488MB / 387MB
2026-04-04 17:33:44,pos,510b28b5e515,sistemas-distribuidos-crm-1,2.65%,68.81MiB / 7.654GiB,0.88%,27.4MB / 45.8MB,3.47MB / 401kB
2026-04-04 17:33:44,pos,ff3bf187a9b9,sistemas-distribuidos-delivery-1,2.38%,69.18MiB / 7.654GiB,0.88%,32MB / 48.6MB,4.65MB / 401kB
2026-04-04 17:33:44,pos,ecbfb6f4687b,sistemas-distribuidos-payments-1,2.59%,69.05MiB / 7.654GiB,0.88%,30.6MB / 48MB,6.24MB / 401kB
2026-04-04 17:33:44,pos,ee13bc4e589c,sistemas-distribuidos-accounts-1,2.80%,69.63MiB / 7.654GiB,0.89%,27.8MB / 48.6MB,14.9MB / 406kB
2026-04-04 17:33:44,pos,a117783aa7c8,sistemas-distribuidos-middleware-1,1.53%,78.98MiB / 7.654GiB,1.01%,339MB / 319MB,201kB / 786kB
2026-04-04 17:33:44,pos,088ebce9e27e,kafka-ui,218.20%,552.1MiB / 7.654GiB,7.05%,5MB / 26.5MB,92MB / 2.9MB
2026-04-04 17:33:44,pos,ee37a20584eb,sistemas-distribuidos-kafka-1,14.88%,694.9MiB / 7.654GiB,8.87%,143MB / 174MB,70.2MB / 48.8MB
2026-04-04 17:33:44,pos,b1267530f40d,sistemas-distribuidos-crm_db-1,0.00%,27.18MiB / 7.654GiB,0.35%,14.3MB / 11.2MB,8.72MB / 141MB
2026-04-04 17:33:44,pos,f1f8000a605f,sistemas-distribuidos-middleware_db-1,0.00%,66.91MiB / 7.654GiB,0.85%,204MB / 325MB,15.4MB / 707MB
2026-04-04 17:33:44,pos,ff53aa714b0f,sistemas-distribuidos-accounts_db-1,0.00%,52.36MiB / 7.654GiB,0.67%,14.2MB / 10.7MB,5.3MB / 161MB
2026-04-04 17:33:44,pos,489d7ba9a64c,sistemas-distribuidos-delivery_db-1,0.00%,30MiB / 7.654GiB,0.38%,20.3MB / 17.2MB,10.1MB / 162MB
2026-04-04 17:33:44,pos,a32314d4dd03,sistemas-distribuidos-payments_db-1,0.08%,31.45MiB / 7.654GiB,0.40%,18.2MB / 15.4MB,12.9MB / 161MB
2026-04-04 17:33:44,pos,f5429bdd2fb0,sistemas-distribuidos-zookeeper-1,0.95%,157.6MiB / 7.654GiB,2.01%,408kB / 405kB,47.8MB / 430kB
2026-04-04 17:33:44,pos,86aa92827ac9,sistemas-distribuidos-otel-1,39.64%,917.6MiB / 7.654GiB,11.71%,206MB / 991kB,488MB / 387MB
2026-04-04 17:33:48,pos,510b28b5e515,sistemas-distribuidos-crm-1,2.14%,68.81MiB / 7.654GiB,0.88%,27.4MB / 45.8MB,3.47MB / 401kB
2026-04-04 17:33:48,pos,ff3bf187a9b9,sistemas-distribuidos-delivery-1,1.85%,69.18MiB / 7.654GiB,0.88%,32MB / 48.6MB,4.65MB / 401kB
2026-04-04 17:33:48,pos,ecbfb6f4687b,sistemas-distribuidos-payments-1,2.00%,69.04MiB / 7.654GiB,0.88%,30.7MB / 48MB,6.24MB / 401kB
2026-04-04 17:33:48,pos,ee13bc4e589c,sistemas-distribuidos-accounts-1,1.70%,69.39MiB / 7.654GiB,0.89%,27.8MB / 48.6MB,14.9MB / 406kB
2026-04-04 17:33:48,pos,a117783aa7c8,sistemas-distribuidos-middleware-1,1.19%,78.98MiB / 7.654GiB,1.01%,339MB / 319MB,201kB / 786kB
2026-04-04 17:33:48,pos,088ebce9e27e,kafka-ui,0.53%,552.1MiB / 7.654GiB,7.04%,5MB / 26.5MB,92MB / 2.9MB
2026-04-04 17:33:48,pos,ee37a20584eb,sistemas-distribuidos-kafka-1,7.63%,694.9MiB / 7.654GiB,8.87%,143MB / 174MB,70.2MB / 48.8MB
2026-04-04 17:33:48,pos,b1267530f40d,sistemas-distribuidos-crm_db-1,0.05%,27.18MiB / 7.654GiB,0.35%,14.3MB / 11.2MB,8.72MB / 141MB
2026-04-04 17:33:48,pos,f1f8000a605f,sistemas-distribuidos-middleware_db-1,0.00%,66.91MiB / 7.654GiB,0.85%,204MB / 325MB,15.4MB / 707MB
2026-04-04 17:33:48,pos,ff53aa714b0f,sistemas-distribuidos-accounts_db-1,0.12%,52.36MiB / 7.654GiB,0.67%,14.2MB / 10.7MB,5.3MB / 161MB
2026-04-04 17:33:48,pos,489d7ba9a64c,sistemas-distribuidos-delivery_db-1,0.00%,30MiB / 7.654GiB,0.38%,20.3MB / 17.2MB,10.1MB / 162MB
2026-04-04 17:33:48,pos,a32314d4dd03,sistemas-distribuidos-payments_db-1,0.02%,31.45MiB / 7.654GiB,0.40%,18.2MB / 15.4MB,12.9MB / 161MB
2026-04-04 17:33:48,pos,f5429bdd2fb0,sistemas-distribuidos-zookeeper-1,0.60%,157.6MiB / 7.654GiB,2.01%,408kB / 405kB,47.8MB / 430kB
2026-04-04 17:33:48,pos,86aa92827ac9,sistemas-distribuidos-otel-1,12.75%,917.6MiB / 7.654GiB,11.71%,206MB / 991kB,488MB / 387MB
2026-04-04 17:33:51,pos,510b28b5e515,sistemas-distribuidos-crm-1,0.87%,68.81MiB / 7.654GiB,0.88%,27.4MB / 45.9MB,3.47MB / 401kB
2026-04-04 17:33:51,pos,ff3bf187a9b9,sistemas-distribuidos-delivery-1,0.65%,69.18MiB / 7.654GiB,0.88%,32MB / 48.6MB,4.65MB / 401kB
2026-04-04 17:33:51,pos,ecbfb6f4687b,sistemas-distribuidos-payments-1,0.75%,69.05MiB / 7.654GiB,0.88%,30.7MB / 48MB,6.24MB / 401kB
2026-04-04 17:33:51,pos,ee13bc4e589c,sistemas-distribuidos-accounts-1,0.73%,69.39MiB / 7.654GiB,0.89%,27.8MB / 48.6MB,14.9MB / 406kB
2026-04-04 17:33:51,pos,a117783aa7c8,sistemas-distribuidos-middleware-1,0.35%,78.98MiB / 7.654GiB,1.01%,339MB / 319MB,201kB / 786kB
2026-04-04 17:33:51,pos,088ebce9e27e,kafka-ui,0.05%,552.1MiB / 7.654GiB,7.04%,5MB / 26.5MB,92MB / 2.9MB
2026-04-04 17:33:51,pos,ee37a20584eb,sistemas-distribuidos-kafka-1,2.55%,694.9MiB / 7.654GiB,8.87%,143MB / 174MB,70.2MB / 48.8MB
2026-04-04 17:33:51,pos,b1267530f40d,sistemas-distribuidos-crm_db-1,0.02%,27.18MiB / 7.654GiB,0.35%,14.3MB / 11.2MB,8.72MB / 141MB
2026-04-04 17:33:51,pos,f1f8000a605f,sistemas-distribuidos-middleware_db-1,0.02%,66.91MiB / 7.654GiB,0.85%,204MB / 325MB,15.4MB / 707MB
2026-04-04 17:33:51,pos,ff53aa714b0f,sistemas-distribuidos-accounts_db-1,0.00%,52.36MiB / 7.654GiB,0.67%,14.2MB / 10.7MB,5.3MB / 161MB
2026-04-04 17:33:51,pos,489d7ba9a64c,sistemas-distribuidos-delivery_db-1,0.00%,30MiB / 7.654GiB,0.38%,20.3MB / 17.2MB,10.1MB / 162MB
2026-04-04 17:33:51,pos,a32314d4dd03,sistemas-distribuidos-payments_db-1,0.03%,31.45MiB / 7.654GiB,0.40%,18.2MB / 15.4MB,12.9MB / 161MB
2026-04-04 17:33:51,pos,f5429bdd2fb0,sistemas-distribuidos-zookeeper-1,0.08%,157.6MiB / 7.654GiB,2.01%,408kB / 405kB,47.8MB / 430kB
2026-04-04 17:33:51,pos,86aa92827ac9,sistemas-distribuidos-otel-1,1.09%,917.9MiB / 7.654GiB,11.71%,206MB / 991kB,488MB / 387MB
2026-04-04 17:33:55,pos,510b28b5e515,sistemas-distribuidos-crm-1,2.87%,68.82MiB / 7.654GiB,0.88%,27.4MB / 45.9MB,3.47MB / 401kB
2026-04-04 17:33:55,pos,ff3bf187a9b9,sistemas-distribuidos-delivery-1,3.54%,69.18MiB / 7.654GiB,0.88%,32.1MB / 48.6MB,4.65MB / 401kB
2026-04-04 17:33:55,pos,ecbfb6f4687b,sistemas-distribuidos-payments-1,2.23%,69.04MiB / 7.654GiB,0.88%,30.7MB / 48MB,6.24MB / 401kB
2026-04-04 17:33:55,pos,ee13bc4e589c,sistemas-distribuidos-accounts-1,3.19%,69.39MiB / 7.654GiB,0.89%,27.8MB / 48.6MB,14.9MB / 406kB
2026-04-04 17:33:55,pos,a117783aa7c8,sistemas-distribuidos-middleware-1,0.97%,78.98MiB / 7.654GiB,1.01%,339MB / 319MB,201kB / 786kB
2026-04-04 17:33:55,pos,088ebce9e27e,kafka-ui,0.08%,552.1MiB / 7.654GiB,7.04%,5MB / 26.5MB,92MB / 2.9MB
2026-04-04 17:33:55,pos,ee37a20584eb,sistemas-distribuidos-kafka-1,6.26%,695.1MiB / 7.654GiB,8.87%,143MB / 174MB,70.2MB / 48.8MB
2026-04-04 17:33:55,pos,b1267530f40d,sistemas-distribuidos-crm_db-1,0.07%,27.18MiB / 7.654GiB,0.35%,14.3MB / 11.2MB,8.72MB / 141MB
2026-04-04 17:33:55,pos,f1f8000a605f,sistemas-distribuidos-middleware_db-1,0.00%,66.91MiB / 7.654GiB,0.85%,204MB / 325MB,15.4MB / 707MB
2026-04-04 17:33:55,pos,ff53aa714b0f,sistemas-distribuidos-accounts_db-1,0.00%,52.36MiB / 7.654GiB,0.67%,14.2MB / 10.7MB,5.3MB / 161MB
2026-04-04 17:33:55,pos,489d7ba9a64c,sistemas-distribuidos-delivery_db-1,0.00%,30MiB / 7.654GiB,0.38%,20.3MB / 17.2MB,10.1MB / 162MB
2026-04-04 17:33:55,pos,a32314d4dd03,sistemas-distribuidos-payments_db-1,0.00%,31.45MiB / 7.654GiB,0.40%,18.2MB / 15.4MB,12.9MB / 161MB
2026-04-04 17:33:55,pos,f5429bdd2fb0,sistemas-distribuidos-zookeeper-1,0.14%,157.6MiB / 7.654GiB,2.01%,408kB / 405kB,47.8MB / 430kB
2026-04-04 17:33:55,pos,86aa92827ac9,sistemas-distribuidos-otel-1,1.89%,917.3MiB / 7.654GiB,11.70%,206MB / 991kB,488MB / 388MB
2026-04-04 17:33:59,pos,510b28b5e515,sistemas-distribuidos-crm-1,3.39%,68.81MiB / 7.654GiB,0.88%,27.4MB / 45.9MB,3.47MB / 401kB
2026-04-04 17:33:59,pos,ff3bf187a9b9,sistemas-distribuidos-delivery-1,2.00%,69.18MiB / 7.654GiB,0.88%,32.1MB / 48.6MB,4.65MB / 401kB
2026-04-04 17:33:59,pos,ecbfb6f4687b,sistemas-distribuidos-payments-1,5.00%,69.04MiB / 7.654GiB,0.88%,30.7MB / 48MB,6.24MB / 401kB
2026-04-04 17:33:59,pos,ee13bc4e589c,sistemas-distribuidos-accounts-1,2.64%,69.4MiB / 7.654GiB,0.89%,27.8MB / 48.6MB,14.9MB / 406kB
2026-04-04 17:33:59,pos,a117783aa7c8,sistemas-distribuidos-middleware-1,1.42%,78.99MiB / 7.654GiB,1.01%,339MB / 319MB,201kB / 786kB
2026-04-04 17:33:59,pos,088ebce9e27e,kafka-ui,0.22%,552.1MiB / 7.654GiB,7.04%,5MB / 26.5MB,92MB / 2.92MB
2026-04-04 17:33:59,pos,ee37a20584eb,sistemas-distribuidos-kafka-1,5.41%,694.9MiB / 7.654GiB,8.87%,143MB / 174MB,70.2MB / 48.8MB
2026-04-04 17:33:59,pos,b1267530f40d,sistemas-distribuidos-crm_db-1,0.00%,27.18MiB / 7.654GiB,0.35%,14.3MB / 11.2MB,8.72MB / 141MB
2026-04-04 17:33:59,pos,f1f8000a605f,sistemas-distribuidos-middleware_db-1,0.00%,66.92MiB / 7.654GiB,0.85%,204MB / 325MB,15.4MB / 707MB
2026-04-04 17:33:59,pos,ff53aa714b0f,sistemas-distribuidos-accounts_db-1,0.00%,52.36MiB / 7.654GiB,0.67%,14.2MB / 10.7MB,5.3MB / 161MB
2026-04-04 17:33:59,pos,489d7ba9a64c,sistemas-distribuidos-delivery_db-1,0.00%,30MiB / 7.654GiB,0.38%,20.3MB / 17.2MB,10.1MB / 162MB
2026-04-04 17:33:59,pos,a32314d4dd03,sistemas-distribuidos-payments_db-1,0.00%,31.45MiB / 7.654GiB,0.40%,18.2MB / 15.4MB,12.9MB / 161MB
2026-04-04 17:33:59,pos,f5429bdd2fb0,sistemas-distribuidos-zookeeper-1,1.17%,157.6MiB / 7.654GiB,2.01%,408kB / 405kB,47.8MB / 430kB
2026-04-04 17:33:59,pos,86aa92827ac9,sistemas-distribuidos-otel-1,12.55%,917.3MiB / 7.654GiB,11.70%,206MB / 991kB,488MB / 388MB
2026-04-04 17:34:02,pos,510b28b5e515,sistemas-distribuidos-crm-1,2.40%,68.81MiB / 7.654GiB,0.88%,27.4MB / 45.9MB,3.47MB / 401kB
2026-04-04 17:34:02,pos,ff3bf187a9b9,sistemas-distribuidos-delivery-1,2.65%,69.18MiB / 7.654GiB,0.88%,32.1MB / 48.7MB,4.65MB / 401kB
2026-04-04 17:34:02,pos,ecbfb6f4687b,sistemas-distribuidos-payments-1,2.77%,69.04MiB / 7.654GiB,0.88%,30.7MB / 48MB,6.24MB / 401kB
2026-04-04 17:34:02,pos,ee13bc4e589c,sistemas-distribuidos-accounts-1,2.55%,69.39MiB / 7.654GiB,0.89%,27.9MB / 48.7MB,14.9MB / 406kB
2026-04-04 17:34:02,pos,a117783aa7c8,sistemas-distribuidos-middleware-1,0.93%,78.98MiB / 7.654GiB,1.01%,339MB / 319MB,201kB / 786kB
2026-04-04 17:34:02,pos,088ebce9e27e,kafka-ui,0.12%,552.1MiB / 7.654GiB,7.04%,5MB / 26.5MB,92MB / 2.92MB
2026-04-04 17:34:02,pos,ee37a20584eb,sistemas-distribuidos-kafka-1,7.97%,694.9MiB / 7.654GiB,8.87%,144MB / 174MB,70.2MB / 48.8MB
2026-04-04 17:34:02,pos,b1267530f40d,sistemas-distribuidos-crm_db-1,0.08%,27.18MiB / 7.654GiB,0.35%,14.3MB / 11.2MB,8.72MB / 141MB
2026-04-04 17:34:02,pos,f1f8000a605f,sistemas-distribuidos-middleware_db-1,0.06%,66.92MiB / 7.654GiB,0.85%,204MB / 325MB,15.4MB / 707MB
2026-04-04 17:34:02,pos,ff53aa714b0f,sistemas-distribuidos-accounts_db-1,0.06%,52.36MiB / 7.654GiB,0.67%,14.2MB / 10.7MB,5.3MB / 161MB
2026-04-04 17:34:02,pos,489d7ba9a64c,sistemas-distribuidos-delivery_db-1,0.04%,30MiB / 7.654GiB,0.38%,20.3MB / 17.2MB,10.1MB / 162MB
2026-04-04 17:34:02,pos,a32314d4dd03,sistemas-distribuidos-payments_db-1,0.00%,31.45MiB / 7.654GiB,0.40%,18.2MB / 15.4MB,12.9MB / 161MB
2026-04-04 17:34:02,pos,f5429bdd2fb0,sistemas-distribuidos-zookeeper-1,0.23%,157.6MiB / 7.654GiB,2.01%,408kB / 405kB,47.8MB / 430kB
2026-04-04 17:34:02,pos,86aa92827ac9,sistemas-distribuidos-otel-1,23.17%,917.5MiB / 7.654GiB,11.71%,206MB / 991kB,488MB / 388MB
2026-04-04 17:34:06,pos,510b28b5e515,sistemas-distribuidos-crm-1,4.34%,68.81MiB / 7.654GiB,0.88%,27.5MB / 45.9MB,3.47MB / 401kB
2026-04-04 17:34:06,pos,ff3bf187a9b9,sistemas-distribuidos-delivery-1,3.38%,69.18MiB / 7.654GiB,0.88%,32.1MB / 48.7MB,4.65MB / 401kB
2026-04-04 17:34:06,pos,ecbfb6f4687b,sistemas-distribuidos-payments-1,5.02%,69.04MiB / 7.654GiB,0.88%,30.7MB / 48.1MB,6.24MB / 401kB
2026-04-04 17:34:06,pos,ee13bc4e589c,sistemas-distribuidos-accounts-1,3.90%,69.39MiB / 7.654GiB,0.89%,27.9MB / 48.7MB,14.9MB / 406kB
2026-04-04 17:34:06,pos,a117783aa7c8,sistemas-distribuidos-middleware-1,2.26%,78.98MiB / 7.654GiB,1.01%,339MB / 319MB,201kB / 786kB
2026-04-04 17:34:06,pos,088ebce9e27e,kafka-ui,0.20%,552.1MiB / 7.654GiB,7.04%,5MB / 26.5MB,92MB / 2.92MB
2026-04-04 17:34:06,pos,ee37a20584eb,sistemas-distribuidos-kafka-1,8.99%,694.9MiB / 7.654GiB,8.87%,144MB / 174MB,70.2MB / 48.8MB
2026-04-04 17:34:06,pos,b1267530f40d,sistemas-distribuidos-crm_db-1,0.00%,27.18MiB / 7.654GiB,0.35%,14.3MB / 11.2MB,8.72MB / 141MB
2026-04-04 17:34:06,pos,f1f8000a605f,sistemas-distribuidos-middleware_db-1,0.11%,66.92MiB / 7.654GiB,0.85%,204MB / 325MB,15.4MB / 707MB
2026-04-04 17:34:06,pos,ff53aa714b0f,sistemas-distribuidos-accounts_db-1,0.00%,52.36MiB / 7.654GiB,0.67%,14.2MB / 10.7MB,5.3MB / 161MB
2026-04-04 17:34:06,pos,489d7ba9a64c,sistemas-distribuidos-delivery_db-1,0.00%,30MiB / 7.654GiB,0.38%,20.3MB / 17.2MB,10.1MB / 162MB
2026-04-04 17:34:06,pos,a32314d4dd03,sistemas-distribuidos-payments_db-1,0.06%,31.45MiB / 7.654GiB,0.40%,18.2MB / 15.4MB,12.9MB / 161MB
2026-04-04 17:34:06,pos,f5429bdd2fb0,sistemas-distribuidos-zookeeper-1,0.33%,157.6MiB / 7.654GiB,2.01%,408kB / 405kB,47.8MB / 430kB
2026-04-04 17:34:06,pos,86aa92827ac9,sistemas-distribuidos-otel-1,2.47%,917.8MiB / 7.654GiB,11.71%,206MB / 991kB,488MB / 388MB
2026-04-04 17:34:10,pos,510b28b5e515,sistemas-distribuidos-crm-1,2.05%,68.81MiB / 7.654GiB,0.88%,27.5MB / 45.9MB,3.47MB / 401kB
2026-04-04 17:34:10,pos,ff3bf187a9b9,sistemas-distribuidos-delivery-1,2.99%,69.18MiB / 7.654GiB,0.88%,32.1MB / 48.7MB,4.65MB / 401kB
2026-04-04 17:34:10,pos,ecbfb6f4687b,sistemas-distribuidos-payments-1,2.23%,69.04MiB / 7.654GiB,0.88%,30.8MB / 48.1MB,6.24MB / 401kB
2026-04-04 17:34:10,pos,ee13bc4e589c,sistemas-distribuidos-accounts-1,2.09%,69.39MiB / 7.654GiB,0.89%,27.9MB / 48.7MB,14.9MB / 406kB
2026-04-04 17:34:10,pos,a117783aa7c8,sistemas-distribuidos-middleware-1,1.46%,78.98MiB / 7.654GiB,1.01%,339MB / 319MB,201kB / 786kB
2026-04-04 17:34:10,pos,088ebce9e27e,kafka-ui,10.97%,552.1MiB / 7.654GiB,7.04%,5.02MB / 26.5MB,92MB / 2.92MB
2026-04-04 17:34:10,pos,ee37a20584eb,sistemas-distribuidos-kafka-1,16.61%,694.9MiB / 7.654GiB,8.87%,144MB / 174MB,70.2MB / 48.9MB
2026-04-04 17:34:10,pos,b1267530f40d,sistemas-distribuidos-crm_db-1,0.00%,27.18MiB / 7.654GiB,0.35%,14.3MB / 11.2MB,8.72MB / 141MB
2026-04-04 17:34:10,pos,f1f8000a605f,sistemas-distribuidos-middleware_db-1,0.05%,66.91MiB / 7.654GiB,0.85%,204MB / 325MB,15.4MB / 707MB
2026-04-04 17:34:10,pos,ff53aa714b0f,sistemas-distribuidos-accounts_db-1,0.00%,52.36MiB / 7.654GiB,0.67%,14.2MB / 10.7MB,5.3MB / 161MB
2026-04-04 17:34:10,pos,489d7ba9a64c,sistemas-distribuidos-delivery_db-1,0.00%,30MiB / 7.654GiB,0.38%,20.3MB / 17.2MB,10.1MB / 162MB
2026-04-04 17:34:10,pos,a32314d4dd03,sistemas-distribuidos-payments_db-1,0.00%,31.45MiB / 7.654GiB,0.40%,18.2MB / 15.4MB,12.9MB / 161MB
2026-04-04 17:34:10,pos,f5429bdd2fb0,sistemas-distribuidos-zookeeper-1,9.29%,157.6MiB / 7.654GiB,2.01%,409kB / 406kB,47.8MB / 430kB
2026-04-04 17:34:10,pos,86aa92827ac9,sistemas-distribuidos-otel-1,4.20%,917.3MiB / 7.654GiB,11.70%,206MB / 991kB,488MB / 388MB
2026-04-04 17:34:13,pos,510b28b5e515,sistemas-distribuidos-crm-1,3.19%,68.82MiB / 7.654GiB,0.88%,27.5MB / 45.9MB,3.47MB / 401kB
2026-04-04 17:34:13,pos,ff3bf187a9b9,sistemas-distribuidos-delivery-1,4.96%,69.18MiB / 7.654GiB,0.88%,32.1MB / 48.7MB,4.65MB / 401kB
2026-04-04 17:34:13,pos,ecbfb6f4687b,sistemas-distribuidos-payments-1,2.66%,69.04MiB / 7.654GiB,0.88%,30.8MB / 48.1MB,6.24MB / 401kB
2026-04-04 17:34:13,pos,ee13bc4e589c,sistemas-distribuidos-accounts-1,2.26%,69.64MiB / 7.654GiB,0.89%,27.9MB / 48.7MB,14.9MB / 406kB
2026-04-04 17:34:13,pos,a117783aa7c8,sistemas-distribuidos-middleware-1,1.43%,78.98MiB / 7.654GiB,1.01%,339MB / 319MB,201kB / 786kB
2026-04-04 17:34:13,pos,088ebce9e27e,kafka-ui,0.15%,552.1MiB / 7.654GiB,7.04%,5.02MB / 26.5MB,92MB / 2.92MB
2026-04-04 17:34:13,pos,ee37a20584eb,sistemas-distribuidos-kafka-1,8.63%,694.9MiB / 7.654GiB,8.87%,144MB / 174MB,70.2MB / 48.9MB
2026-04-04 17:34:13,pos,b1267530f40d,sistemas-distribuidos-crm_db-1,0.00%,27.18MiB / 7.654GiB,0.35%,14.3MB / 11.2MB,8.72MB / 141MB
2026-04-04 17:34:13,pos,f1f8000a605f,sistemas-distribuidos-middleware_db-1,0.00%,66.91MiB / 7.654GiB,0.85%,204MB / 325MB,15.4MB / 707MB
2026-04-04 17:34:13,pos,ff53aa714b0f,sistemas-distribuidos-accounts_db-1,3.17%,52.36MiB / 7.654GiB,0.67%,14.2MB / 10.7MB,5.3MB / 161MB
2026-04-04 17:34:13,pos,489d7ba9a64c,sistemas-distribuidos-delivery_db-1,0.00%,30MiB / 7.654GiB,0.38%,20.3MB / 17.2MB,10.1MB / 162MB
2026-04-04 17:34:13,pos,a32314d4dd03,sistemas-distribuidos-payments_db-1,0.00%,31.45MiB / 7.654GiB,0.40%,18.2MB / 15.4MB,12.9MB / 161MB
2026-04-04 17:34:13,pos,f5429bdd2fb0,sistemas-distribuidos-zookeeper-1,0.69%,157.6MiB / 7.654GiB,2.01%,409kB / 406kB,47.8MB / 430kB
2026-04-04 17:34:13,pos,86aa92827ac9,sistemas-distribuidos-otel-1,5.57%,917.7MiB / 7.654GiB,11.71%,206MB / 991kB,488MB / 388MB
2026-04-04 17:34:17,pos,510b28b5e515,sistemas-distribuidos-crm-1,3.38%,68.81MiB / 7.654GiB,0.88%,27.5MB / 45.9MB,3.47MB / 401kB
2026-04-04 17:34:17,pos,ff3bf187a9b9,sistemas-distribuidos-delivery-1,2.82%,69.18MiB / 7.654GiB,0.88%,32.1MB / 48.7MB,4.65MB / 401kB
2026-04-04 17:34:17,pos,ecbfb6f4687b,sistemas-distribuidos-payments-1,3.66%,69.04MiB / 7.654GiB,0.88%,30.8MB / 48.1MB,6.24MB / 401kB
2026-04-04 17:34:17,pos,ee13bc4e589c,sistemas-distribuidos-accounts-1,2.58%,69.39MiB / 7.654GiB,0.89%,27.9MB / 48.7MB,14.9MB / 406kB
2026-04-04 17:34:17,pos,a117783aa7c8,sistemas-distribuidos-middleware-1,1.25%,78.98MiB / 7.654GiB,1.01%,339MB / 319MB,201kB / 786kB
2026-04-04 17:34:17,pos,088ebce9e27e,kafka-ui,0.33%,552.1MiB / 7.654GiB,7.04%,5.02MB / 26.5MB,92MB / 2.92MB
2026-04-04 17:34:17,pos,ee37a20584eb,sistemas-distribuidos-kafka-1,11.20%,694.9MiB / 7.654GiB,8.87%,144MB / 174MB,70.2MB / 48.9MB
2026-04-04 17:34:17,pos,b1267530f40d,sistemas-distribuidos-crm_db-1,0.12%,27.18MiB / 7.654GiB,0.35%,14.3MB / 11.2MB,8.72MB / 141MB
2026-04-04 17:34:17,pos,f1f8000a605f,sistemas-distribuidos-middleware_db-1,0.00%,66.91MiB / 7.654GiB,0.85%,204MB / 325MB,15.4MB / 707MB
2026-04-04 17:34:17,pos,ff53aa714b0f,sistemas-distribuidos-accounts_db-1,0.06%,52.36MiB / 7.654GiB,0.67%,14.2MB / 10.7MB,5.3MB / 161MB
2026-04-04 17:34:17,pos,489d7ba9a64c,sistemas-distribuidos-delivery_db-1,0.17%,30MiB / 7.654GiB,0.38%,20.3MB / 17.2MB,10.1MB / 162MB
2026-04-04 17:34:17,pos,a32314d4dd03,sistemas-distribuidos-payments_db-1,0.00%,31.45MiB / 7.654GiB,0.40%,18.2MB / 15.4MB,12.9MB / 161MB
2026-04-04 17:34:17,pos,f5429bdd2fb0,sistemas-distribuidos-zookeeper-1,1.77%,157.6MiB / 7.654GiB,2.01%,409kB / 406kB,47.8MB / 430kB
2026-04-04 17:34:17,pos,86aa92827ac9,sistemas-distribuidos-otel-1,11.05%,917.3MiB / 7.654GiB,11.70%,206MB / 992kB,488MB / 388MB
2026-04-04 17:34:21,pos,510b28b5e515,sistemas-distribuidos-crm-1,4.60%,68.81MiB / 7.654GiB,0.88%,27.5MB / 45.9MB,3.47MB / 401kB
2026-04-04 17:34:21,pos,ff3bf187a9b9,sistemas-distribuidos-delivery-1,2.78%,69.18MiB / 7.654GiB,0.88%,32.2MB / 48.7MB,4.65MB / 401kB
2026-04-04 17:34:21,pos,ecbfb6f4687b,sistemas-distribuidos-payments-1,5.17%,69.04MiB / 7.654GiB,0.88%,30.8MB / 48.1MB,6.24MB / 401kB
2026-04-04 17:34:21,pos,ee13bc4e589c,sistemas-distribuidos-accounts-1,2.87%,69.39MiB / 7.654GiB,0.89%,27.9MB / 48.7MB,14.9MB / 406kB
2026-04-04 17:34:21,pos,a117783aa7c8,sistemas-distribuidos-middleware-1,2.80%,78.98MiB / 7.654GiB,1.01%,339MB / 319MB,201kB / 786kB
2026-04-04 17:34:21,pos,088ebce9e27e,kafka-ui,0.91%,552.1MiB / 7.654GiB,7.04%,5.02MB / 26.5MB,92MB / 2.92MB
2026-04-04 17:34:21,pos,ee37a20584eb,sistemas-distribuidos-kafka-1,54.28%,694.9MiB / 7.654GiB,8.87%,144MB / 174MB,70.2MB / 48.9MB
2026-04-04 17:34:21,pos,b1267530f40d,sistemas-distribuidos-crm_db-1,0.00%,27.18MiB / 7.654GiB,0.35%,14.3MB / 11.2MB,8.72MB / 141MB
2026-04-04 17:34:21,pos,f1f8000a605f,sistemas-distribuidos-middleware_db-1,0.20%,66.91MiB / 7.654GiB,0.85%,204MB / 325MB,15.4MB / 707MB
2026-04-04 17:34:21,pos,ff53aa714b0f,sistemas-distribuidos-accounts_db-1,0.00%,52.36MiB / 7.654GiB,0.67%,14.2MB / 10.7MB,5.3MB / 161MB
2026-04-04 17:34:21,pos,489d7ba9a64c,sistemas-distribuidos-delivery_db-1,0.00%,30MiB / 7.654GiB,0.38%,20.3MB / 17.2MB,10.1MB / 162MB
2026-04-04 17:34:21,pos,a32314d4dd03,sistemas-distribuidos-payments_db-1,0.06%,31.45MiB / 7.654GiB,0.40%,18.2MB / 15.4MB,12.9MB / 161MB
2026-04-04 17:34:21,pos,f5429bdd2fb0,sistemas-distribuidos-zookeeper-1,0.16%,157.6MiB / 7.654GiB,2.01%,409kB / 406kB,47.8MB / 430kB
2026-04-04 17:34:21,pos,86aa92827ac9,sistemas-distribuidos-otel-1,4.59%,917.3MiB / 7.654GiB,11.70%,206MB / 992kB,488MB / 388MB
2026-04-04 17:34:25,pos,510b28b5e515,sistemas-distribuidos-crm-1,3.41%,68.81MiB / 7.654GiB,0.88%,27.5MB / 46MB,3.47MB / 401kB
2026-04-04 17:34:25,pos,ff3bf187a9b9,sistemas-distribuidos-delivery-1,4.50%,69.18MiB / 7.654GiB,0.88%,32.2MB / 48.7MB,4.65MB / 401kB
2026-04-04 17:34:25,pos,ecbfb6f4687b,sistemas-distribuidos-payments-1,5.14%,69.3MiB / 7.654GiB,0.88%,30.8MB / 48.1MB,6.24MB / 401kB
2026-04-04 17:34:25,pos,ee13bc4e589c,sistemas-distribuidos-accounts-1,3.05%,69.63MiB / 7.654GiB,0.89%,27.9MB / 48.7MB,14.9MB / 406kB
2026-04-04 17:34:25,pos,a117783aa7c8,sistemas-distribuidos-middleware-1,2.92%,78.98MiB / 7.654GiB,1.01%,339MB / 319MB,201kB / 786kB
2026-04-04 17:34:25,pos,088ebce9e27e,kafka-ui,0.16%,552.1MiB / 7.654GiB,7.04%,5.02MB / 26.5MB,92MB / 2.92MB
2026-04-04 17:34:25,pos,ee37a20584eb,sistemas-distribuidos-kafka-1,7.78%,694.9MiB / 7.654GiB,8.87%,144MB / 174MB,70.2MB / 48.9MB
2026-04-04 17:34:25,pos,b1267530f40d,sistemas-distribuidos-crm_db-1,0.00%,27.18MiB / 7.654GiB,0.35%,14.3MB / 11.2MB,8.72MB / 141MB
2026-04-04 17:34:25,pos,f1f8000a605f,sistemas-distribuidos-middleware_db-1,0.00%,66.91MiB / 7.654GiB,0.85%,204MB / 325MB,15.4MB / 707MB
2026-04-04 17:34:25,pos,ff53aa714b0f,sistemas-distribuidos-accounts_db-1,0.00%,52.36MiB / 7.654GiB,0.67%,14.2MB / 10.7MB,5.3MB / 161MB
2026-04-04 17:34:25,pos,489d7ba9a64c,sistemas-distribuidos-delivery_db-1,0.00%,30MiB / 7.654GiB,0.38%,20.3MB / 17.2MB,10.1MB / 162MB
2026-04-04 17:34:25,pos,a32314d4dd03,sistemas-distribuidos-payments_db-1,0.00%,31.45MiB / 7.654GiB,0.40%,18.2MB / 15.4MB,12.9MB / 161MB
2026-04-04 17:34:25,pos,f5429bdd2fb0,sistemas-distribuidos-zookeeper-1,0.23%,157.6MiB / 7.654GiB,2.01%,409kB / 407kB,47.8MB / 430kB
2026-04-04 17:34:25,pos,86aa92827ac9,sistemas-distribuidos-otel-1,2.95%,917.3MiB / 7.654GiB,11.70%,206MB / 992kB,488MB / 388MB
2026-04-04 17:34:28,pos,510b28b5e515,sistemas-distribuidos-crm-1,2.22%,68.81MiB / 7.654GiB,0.88%,27.5MB / 46MB,3.47MB / 401kB
2026-04-04 17:34:28,pos,ff3bf187a9b9,sistemas-distribuidos-delivery-1,2.45%,69.18MiB / 7.654GiB,0.88%,32.2MB / 48.7MB,4.65MB / 401kB
2026-04-04 17:34:28,pos,ecbfb6f4687b,sistemas-distribuidos-payments-1,2.03%,69.04MiB / 7.654GiB,0.88%,30.8MB / 48.1MB,6.24MB / 401kB
2026-04-04 17:34:28,pos,ee13bc4e589c,sistemas-distribuidos-accounts-1,2.05%,69.63MiB / 7.654GiB,0.89%,28MB / 48.7MB,14.9MB / 406kB
2026-04-04 17:34:28,pos,a117783aa7c8,sistemas-distribuidos-middleware-1,1.22%,78.98MiB / 7.654GiB,1.01%,339MB / 319MB,201kB / 786kB
2026-04-04 17:34:28,pos,088ebce9e27e,kafka-ui,0.15%,552.1MiB / 7.654GiB,7.04%,5.02MB / 26.5MB,92MB / 2.93MB
2026-04-04 17:34:28,pos,ee37a20584eb,sistemas-distribuidos-kafka-1,4.93%,694.9MiB / 7.654GiB,8.87%,144MB / 175MB,70.2MB / 48.9MB
2026-04-04 17:34:28,pos,b1267530f40d,sistemas-distribuidos-crm_db-1,0.15%,27.18MiB / 7.654GiB,0.35%,14.3MB / 11.2MB,8.72MB / 141MB
2026-04-04 17:34:28,pos,f1f8000a605f,sistemas-distribuidos-middleware_db-1,0.00%,66.91MiB / 7.654GiB,0.85%,204MB / 325MB,15.4MB / 707MB
2026-04-04 17:34:28,pos,ff53aa714b0f,sistemas-distribuidos-accounts_db-1,0.00%,52.36MiB / 7.654GiB,0.67%,14.2MB / 10.7MB,5.3MB / 161MB
2026-04-04 17:34:28,pos,489d7ba9a64c,sistemas-distribuidos-delivery_db-1,0.07%,30MiB / 7.654GiB,0.38%,20.3MB / 17.2MB,10.1MB / 162MB
2026-04-04 17:34:28,pos,a32314d4dd03,sistemas-distribuidos-payments_db-1,0.00%,31.45MiB / 7.654GiB,0.40%,18.2MB / 15.4MB,12.9MB / 161MB
2026-04-04 17:34:28,pos,f5429bdd2fb0,sistemas-distribuidos-zookeeper-1,0.24%,157.6MiB / 7.654GiB,2.01%,409kB / 407kB,47.8MB / 430kB
2026-04-04 17:34:28,pos,86aa92827ac9,sistemas-distribuidos-otel-1,5.63%,917.5MiB / 7.654GiB,11.71%,206MB / 992kB,488MB / 388MB
2026-04-04 17:34:32,pos,510b28b5e515,sistemas-distribuidos-crm-1,2.82%,68.81MiB / 7.654GiB,0.88%,27.6MB / 46MB,3.47MB / 401kB
2026-04-04 17:34:32,pos,ff3bf187a9b9,sistemas-distribuidos-delivery-1,3.90%,69.18MiB / 7.654GiB,0.88%,32.2MB / 48.8MB,4.65MB / 401kB
2026-04-04 17:34:32,pos,ecbfb6f4687b,sistemas-distribuidos-payments-1,2.76%,69.04MiB / 7.654GiB,0.88%,30.8MB / 48.1MB,6.24MB / 401kB
2026-04-04 17:34:32,pos,ee13bc4e589c,sistemas-distribuidos-accounts-1,2.66%,69.39MiB / 7.654GiB,0.89%,28MB / 48.8MB,14.9MB / 406kB
2026-04-04 17:34:32,pos,a117783aa7c8,sistemas-distribuidos-middleware-1,2.05%,78.98MiB / 7.654GiB,1.01%,339MB / 319MB,201kB / 786kB
2026-04-04 17:34:32,pos,088ebce9e27e,kafka-ui,0.20%,552.1MiB / 7.654GiB,7.04%,5.02MB / 26.5MB,92MB / 2.93MB
2026-04-04 17:34:32,pos,ee37a20584eb,sistemas-distribuidos-kafka-1,7.98%,694.9MiB / 7.654GiB,8.87%,144MB / 175MB,70.2MB / 48.9MB
2026-04-04 17:34:32,pos,b1267530f40d,sistemas-distribuidos-crm_db-1,0.06%,27.18MiB / 7.654GiB,0.35%,14.3MB / 11.2MB,8.72MB / 141MB
2026-04-04 17:34:32,pos,f1f8000a605f,sistemas-distribuidos-middleware_db-1,0.05%,66.91MiB / 7.654GiB,0.85%,204MB / 325MB,15.4MB / 707MB
2026-04-04 17:34:32,pos,ff53aa714b0f,sistemas-distribuidos-accounts_db-1,0.00%,52.36MiB / 7.654GiB,0.67%,14.2MB / 10.7MB,5.3MB / 161MB
2026-04-04 17:34:32,pos,489d7ba9a64c,sistemas-distribuidos-delivery_db-1,0.00%,30MiB / 7.654GiB,0.38%,20.3MB / 17.2MB,10.1MB / 162MB
2026-04-04 17:34:32,pos,a32314d4dd03,sistemas-distribuidos-payments_db-1,0.12%,31.45MiB / 7.654GiB,0.40%,18.2MB / 15.4MB,12.9MB / 161MB
2026-04-04 17:34:32,pos,f5429bdd2fb0,sistemas-distribuidos-zookeeper-1,0.25%,157.6MiB / 7.654GiB,2.01%,409kB / 407kB,47.8MB / 430kB
2026-04-04 17:34:32,pos,86aa92827ac9,sistemas-distribuidos-otel-1,5.36%,917.3MiB / 7.654GiB,11.70%,206MB / 992kB,488MB / 388MB
2026-04-04 17:34:36,pos,510b28b5e515,sistemas-distribuidos-crm-1,2.45%,68.81MiB / 7.654GiB,0.88%,27.6MB / 46MB,3.47MB / 401kB
2026-04-04 17:34:36,pos,ff3bf187a9b9,sistemas-distribuidos-delivery-1,3.74%,69.18MiB / 7.654GiB,0.88%,32.2MB / 48.8MB,4.65MB / 401kB
2026-04-04 17:34:36,pos,ecbfb6f4687b,sistemas-distribuidos-payments-1,2.74%,69.04MiB / 7.654GiB,0.88%,30.9MB / 48.2MB,6.24MB / 401kB
2026-04-04 17:34:36,pos,ee13bc4e589c,sistemas-distribuidos-accounts-1,3.53%,69.64MiB / 7.654GiB,0.89%,28MB / 48.8MB,14.9MB / 406kB
2026-04-04 17:34:36,pos,a117783aa7c8,sistemas-distribuidos-middleware-1,1.75%,78.98MiB / 7.654GiB,1.01%,339MB / 319MB,201kB / 786kB
2026-04-04 17:34:36,pos,088ebce9e27e,kafka-ui,0.17%,552.1MiB / 7.654GiB,7.04%,5.02MB / 26.5MB,92MB / 2.93MB
2026-04-04 17:34:36,pos,ee37a20584eb,sistemas-distribuidos-kafka-1,9.32%,694.9MiB / 7.654GiB,8.87%,144MB / 175MB,70.2MB / 48.9MB
2026-04-04 17:34:36,pos,b1267530f40d,sistemas-distribuidos-crm_db-1,0.00%,27.18MiB / 7.654GiB,0.35%,14.3MB / 11.2MB,8.72MB / 141MB
2026-04-04 17:34:36,pos,f1f8000a605f,sistemas-distribuidos-middleware_db-1,0.05%,66.91MiB / 7.654GiB,0.85%,204MB / 325MB,15.4MB / 707MB
2026-04-04 17:34:36,pos,ff53aa714b0f,sistemas-distribuidos-accounts_db-1,0.00%,52.36MiB / 7.654GiB,0.67%,14.2MB / 10.7MB,5.3MB / 161MB
2026-04-04 17:34:36,pos,489d7ba9a64c,sistemas-distribuidos-delivery_db-1,0.00%,30MiB / 7.654GiB,0.38%,20.3MB / 17.2MB,10.1MB / 162MB
2026-04-04 17:34:36,pos,a32314d4dd03,sistemas-distribuidos-payments_db-1,0.00%,31.45MiB / 7.654GiB,0.40%,18.2MB / 15.4MB,12.9MB / 161MB
2026-04-04 17:34:36,pos,f5429bdd2fb0,sistemas-distribuidos-zookeeper-1,0.31%,157.6MiB / 7.654GiB,2.01%,409kB / 407kB,47.8MB / 430kB
2026-04-04 17:34:36,pos,86aa92827ac9,sistemas-distribuidos-otel-1,2.98%,917.2MiB / 7.654GiB,11.70%,206MB / 992kB,488MB / 388MB
