Data_Hora,Fase,ID_Container,Nome,CPU_%,Mem_Usage,Mem_%,Net_IO,Block_IO
2026-04-04 17:35:41,repouso,510b28b5e515,sistemas-distribuidos-crm-1,1.59%,68.81MiB / 7.654GiB,0.88%,27.8MB / 46.2MB,3.47MB / 401kB
2026-04-04 17:35:41,repouso,ff3bf187a9b9,sistemas-distribuidos-delivery-1,2.21%,69.18MiB / 7.654GiB,0.88%,32.5MB / 49MB,4.65MB / 401kB
2026-04-04 17:35:41,repouso,ecbfb6f4687b,sistemas-distribuidos-payments-1,1.68%,69.04MiB / 7.654GiB,0.88%,31.1MB / 48.4MB,6.24MB / 401kB
2026-04-04 17:35:41,repouso,ee13bc4e589c,sistemas-distribuidos-accounts-1,1.96%,69.39MiB / 7.654GiB,0.89%,28.3MB / 49MB,14.9MB / 406kB
2026-04-04 17:35:41,repouso,a117783aa7c8,sistemas-distribuidos-middleware-1,1.40%,78.98MiB / 7.654GiB,1.01%,339MB / 319MB,201kB / 786kB
2026-04-04 17:35:41,repouso,088ebce9e27e,kafka-ui,0.12%,551.9MiB / 7.654GiB,7.04%,5.07MB / 26.5MB,92MB / 2.95MB
2026-04-04 17:35:41,repouso,ee37a20584eb,sistemas-distribuidos-kafka-1,7.41%,694.9MiB / 7.654GiB,8.87%,145MB / 176MB,70.2MB / 49.1MB
2026-04-04 17:35:41,repouso,b1267530f40d,sistemas-distribuidos-crm_db-1,0.00%,27.18MiB / 7.654GiB,0.35%,14.3MB / 11.2MB,8.72MB / 141MB
2026-04-04 17:35:41,repouso,f1f8000a605f,sistemas-distribuidos-middleware_db-1,0.06%,66.91MiB / 7.654GiB,0.85%,204MB / 325MB,15.4MB / 711MB
2026-04-04 17:35:41,repouso,ff53aa714b0f,sistemas-distribuidos-accounts_db-1,0.00%,52.36MiB / 7.654GiB,0.67%,14.2MB / 10.7MB,5.3MB / 162MB
2026-04-04 17:35:41,repouso,489d7ba9a64c,sistemas-distribuidos-delivery_db-1,0.00%,30MiB / 7.654GiB,0.38%,20.3MB / 17.2MB,10.1MB / 163MB
2026-04-04 17:35:41,repouso,a32314d4dd03,sistemas-distribuidos-payments_db-1,0.00%,31.45MiB / 7.654GiB,0.40%,18.2MB / 15.4MB,12.9MB / 162MB
2026-04-04 17:35:41,repouso,f5429bdd2fb0,sistemas-distribuidos-zookeeper-1,0.89%,157.6MiB / 7.654GiB,2.01%,413kB / 411kB,47.8MB / 430kB
2026-04-04 17:35:41,repouso,86aa92827ac9,sistemas-distribuidos-otel-1,146.62%,916.3MiB / 7.654GiB,11.69%,206MB / 995kB,488MB / 388MB
2026-04-04 17:35:44,repouso,510b28b5e515,sistemas-distribuidos-crm-1,3.04%,68.81MiB / 7.654GiB,0.88%,27.9MB / 46.2MB,3.47MB / 401kB
2026-04-04 17:35:44,repouso,ff3bf187a9b9,sistemas-distribuidos-delivery-1,3.63%,69.18MiB / 7.654GiB,0.88%,32.5MB / 49MB,4.65MB / 401kB
2026-04-04 17:35:44,repouso,ecbfb6f4687b,sistemas-distribuidos-payments-1,2.51%,69.04MiB / 7.654GiB,0.88%,31.1MB / 48.4MB,6.24MB / 401kB
2026-04-04 17:35:44,repouso,ee13bc4e589c,sistemas-distribuidos-accounts-1,3.17%,69.39MiB / 7.654GiB,0.89%,28.3MB / 49MB,14.9MB / 406kB
2026-04-04 17:35:44,repouso,a117783aa7c8,sistemas-distribuidos-middleware-1,1.61%,78.98MiB / 7.654GiB,1.01%,339MB / 319MB,201kB / 786kB
2026-04-04 17:35:44,repouso,088ebce9e27e,kafka-ui,0.18%,551.9MiB / 7.654GiB,7.04%,5.07MB / 26.5MB,92MB / 2.95MB
2026-04-04 17:35:44,repouso,ee37a20584eb,sistemas-distribuidos-kafka-1,11.92%,694.9MiB / 7.654GiB,8.87%,145MB / 176MB,70.2MB / 49.2MB
2026-04-04 17:35:44,repouso,b1267530f40d,sistemas-distribuidos-crm_db-1,0.03%,27.18MiB / 7.654GiB,0.35%,14.3MB / 11.2MB,8.72MB / 141MB
2026-04-04 17:35:44,repouso,f1f8000a605f,sistemas-distribuidos-middleware_db-1,0.16%,66.92MiB / 7.654GiB,0.85%,204MB / 325MB,15.4MB / 711MB
2026-04-04 17:35:44,repouso,ff53aa714b0f,sistemas-distribuidos-accounts_db-1,0.04%,52.36MiB / 7.654GiB,0.67%,14.2MB / 10.7MB,5.3MB / 162MB
2026-04-04 17:35:44,repouso,489d7ba9a64c,sistemas-distribuidos-delivery_db-1,0.05%,30MiB / 7.654GiB,0.38%,20.3MB / 17.2MB,10.1MB / 163MB
2026-04-04 17:35:44,repouso,a32314d4dd03,sistemas-distribuidos-payments_db-1,0.27%,31.45MiB / 7.654GiB,0.40%,18.2MB / 15.4MB,12.9MB / 162MB
2026-04-04 17:35:44,repouso,f5429bdd2fb0,sistemas-distribuidos-zookeeper-1,0.28%,157.6MiB / 7.654GiB,2.01%,413kB / 411kB,47.8MB / 430kB
2026-04-04 17:35:44,repouso,86aa92827ac9,sistemas-distribuidos-otel-1,9.01%,937.3MiB / 7.654GiB,11.96%,206MB / 995kB,488MB / 388MB
2026-04-04 17:35:48,repouso,510b28b5e515,sistemas-distribuidos-crm-1,3.03%,68.81MiB / 7.654GiB,0.88%,27.9MB / 46.2MB,3.47MB / 401kB
2026-04-04 17:35:48,repouso,ff3bf187a9b9,sistemas-distribuidos-delivery-1,3.01%,69.43MiB / 7.654GiB,0.89%,32.5MB / 49MB,4.65MB / 401kB
2026-04-04 17:35:48,repouso,ecbfb6f4687b,sistemas-distribuidos-payments-1,3.45%,69.04MiB / 7.654GiB,0.88%,31.2MB / 48.4MB,6.24MB / 401kB
2026-04-04 17:35:48,repouso,ee13bc4e589c,sistemas-distribuidos-accounts-1,6.31%,69.39MiB / 7.654GiB,0.89%,28.3MB / 49MB,14.9MB / 406kB
2026-04-04 17:35:48,repouso,a117783aa7c8,sistemas-distribuidos-middleware-1,3.51%,78.98MiB / 7.654GiB,1.01%,339MB / 319MB,201kB / 786kB
2026-04-04 17:35:48,repouso,088ebce9e27e,kafka-ui,0.20%,551.9MiB / 7.654GiB,7.04%,5.07MB / 26.5MB,92MB / 2.95MB
2026-04-04 17:35:48,repouso,ee37a20584eb,sistemas-distribuidos-kafka-1,18.67%,694.9MiB / 7.654GiB,8.87%,145MB / 176MB,70.2MB / 49.2MB
2026-04-04 17:35:48,repouso,b1267530f40d,sistemas-distribuidos-crm_db-1,0.00%,27.18MiB / 7.654GiB,0.35%,14.3MB / 11.2MB,8.72MB / 141MB
2026-04-04 17:35:48,repouso,f1f8000a605f,sistemas-distribuidos-middleware_db-1,0.07%,66.92MiB / 7.654GiB,0.85%,204MB / 325MB,15.4MB / 711MB
2026-04-04 17:35:48,repouso,ff53aa714b0f,sistemas-distribuidos-accounts_db-1,0.00%,52.36MiB / 7.654GiB,0.67%,14.2MB / 10.7MB,5.3MB / 162MB
2026-04-04 17:35:48,repouso,489d7ba9a64c,sistemas-distribuidos-delivery_db-1,0.00%,30MiB / 7.654GiB,0.38%,20.3MB / 17.2MB,10.1MB / 163MB
2026-04-04 17:35:48,repouso,a32314d4dd03,sistemas-distribuidos-payments_db-1,0.00%,31.45MiB / 7.654GiB,0.40%,18.2MB / 15.4MB,12.9MB / 162MB
2026-04-04 17:35:48,repouso,f5429bdd2fb0,sistemas-distribuidos-zookeeper-1,0.24%,157.6MiB / 7.654GiB,2.01%,413kB / 411kB,47.8MB / 430kB
2026-04-04 17:35:48,repouso,86aa92827ac9,sistemas-distribuidos-otel-1,33.28%,937.8MiB / 7.654GiB,11.97%,206MB / 996kB,488MB / 388MB
2026-04-04 17:35:52,repouso,510b28b5e515,sistemas-distribuidos-crm-1,3.72%,68.81MiB / 7.654GiB,0.88%,27.9MB / 46.2MB,3.47MB / 401kB
2026-04-04 17:35:52,repouso,ff3bf187a9b9,sistemas-distribuidos-delivery-1,3.52%,69.18MiB / 7.654GiB,0.88%,32.5MB / 49MB,4.65MB / 401kB
2026-04-04 17:35:52,repouso,ecbfb6f4687b,sistemas-distribuidos-payments-1,3.51%,69.05MiB / 7.654GiB,0.88%,31.2MB / 48.4MB,6.24MB / 401kB
2026-04-04 17:35:52,repouso,ee13bc4e589c,sistemas-distribuidos-accounts-1,3.16%,69.39MiB / 7.654GiB,0.89%,28.3MB / 49MB,14.9MB / 406kB
2026-04-04 17:35:52,repouso,a117783aa7c8,sistemas-distribuidos-middleware-1,2.08%,78.98MiB / 7.654GiB,1.01%,339MB / 319MB,201kB / 786kB
2026-04-04 17:35:52,repouso,088ebce9e27e,kafka-ui,0.28%,551.9MiB / 7.654GiB,7.04%,5.07MB / 26.5MB,92MB / 2.95MB
2026-04-04 17:35:52,repouso,ee37a20584eb,sistemas-distribuidos-kafka-1,10.83%,694.9MiB / 7.654GiB,8.87%,145MB / 176MB,70.2MB / 49.2MB
2026-04-04 17:35:52,repouso,b1267530f40d,sistemas-distribuidos-crm_db-1,0.00%,27.18MiB / 7.654GiB,0.35%,14.3MB / 11.2MB,8.72MB / 141MB
2026-04-04 17:35:52,repouso,f1f8000a605f,sistemas-distribuidos-middleware_db-1,0.12%,66.91MiB / 7.654GiB,0.85%,204MB / 325MB,15.4MB / 711MB
2026-04-04 17:35:52,repouso,ff53aa714b0f,sistemas-distribuidos-accounts_db-1,0.00%,52.36MiB / 7.654GiB,0.67%,14.2MB / 10.7MB,5.3MB / 162MB
2026-04-04 17:35:52,repouso,489d7ba9a64c,sistemas-distribuidos-delivery_db-1,0.00%,30MiB / 7.654GiB,0.38%,20.3MB / 17.2MB,10.1MB / 163MB
2026-04-04 17:35:52,repouso,a32314d4dd03,sistemas-distribuidos-payments_db-1,0.00%,31.45MiB / 7.654GiB,0.40%,18.2MB / 15.4MB,12.9MB / 162MB
2026-04-04 17:35:52,repouso,f5429bdd2fb0,sistemas-distribuidos-zookeeper-1,1.15%,157.6MiB / 7.654GiB,2.01%,413kB / 411kB,47.8MB / 430kB
2026-04-04 17:35:52,repouso,86aa92827ac9,sistemas-distribuidos-otel-1,6.25%,937.8MiB / 7.654GiB,11.97%,206MB / 996kB,488MB / 388MB
2026-04-04 17:35:56,repouso,510b28b5e515,sistemas-distribuidos-crm-1,4.77%,68.81MiB / 7.654GiB,0.88%,27.9MB / 46.3MB,3.47MB / 401kB
2026-04-04 17:35:56,repouso,ff3bf187a9b9,sistemas-distribuidos-delivery-1,3.48%,69.18MiB / 7.654GiB,0.88%,32.5MB / 49MB,4.65MB / 401kB
2026-04-04 17:35:56,repouso,ecbfb6f4687b,sistemas-distribuidos-payments-1,7.89%,69.04MiB / 7.654GiB,0.88%,31.2MB / 48.4MB,6.24MB / 401kB
2026-04-04 17:35:56,repouso,ee13bc4e589c,sistemas-distribuidos-accounts-1,4.38%,69.39MiB / 7.654GiB,0.89%,28.3MB / 49MB,14.9MB / 406kB
2026-04-04 17:35:56,repouso,a117783aa7c8,sistemas-distribuidos-middleware-1,2.24%,78.98MiB / 7.654GiB,1.01%,339MB / 319MB,201kB / 786kB
2026-04-04 17:35:56,repouso,088ebce9e27e,kafka-ui,0.14%,551.9MiB / 7.654GiB,7.04%,5.07MB / 26.5MB,92MB / 2.95MB
2026-04-04 17:35:56,repouso,ee37a20584eb,sistemas-distribuidos-kafka-1,10.15%,694.9MiB / 7.654GiB,8.87%,145MB / 176MB,70.2MB / 49.2MB
2026-04-04 17:35:56,repouso,b1267530f40d,sistemas-distribuidos-crm_db-1,4.95%,28.59MiB / 7.654GiB,0.36%,14.3MB / 11.2MB,8.72MB / 141MB
2026-04-04 17:35:56,repouso,f1f8000a605f,sistemas-distribuidos-middleware_db-1,12.49%,66.92MiB / 7.654GiB,0.85%,204MB / 325MB,15.4MB / 711MB
2026-04-04 17:35:56,repouso,ff53aa714b0f,sistemas-distribuidos-accounts_db-1,3.16%,53.55MiB / 7.654GiB,0.68%,14.2MB / 10.7MB,5.3MB / 162MB
2026-04-04 17:35:56,repouso,489d7ba9a64c,sistemas-distribuidos-delivery_db-1,0.00%,30MiB / 7.654GiB,0.38%,20.3MB / 17.2MB,10.1MB / 163MB
2026-04-04 17:35:56,repouso,a32314d4dd03,sistemas-distribuidos-payments_db-1,0.00%,31.45MiB / 7.654GiB,0.40%,18.2MB / 15.4MB,12.9MB / 162MB
2026-04-04 17:35:56,repouso,f5429bdd2fb0,sistemas-distribuidos-zookeeper-1,0.39%,157.6MiB / 7.654GiB,2.01%,413kB / 411kB,47.8MB / 430kB
2026-04-04 17:35:56,repouso,86aa92827ac9,sistemas-distribuidos-otel-1,10.70%,937.6MiB / 7.654GiB,11.96%,206MB / 996kB,488MB / 388MB
2026-04-04 17:35:59,repouso,510b28b5e515,sistemas-distribuidos-crm-1,3.20%,68.81MiB / 7.654GiB,0.88%,27.9MB / 46.3MB,3.47MB / 401kB
2026-04-04 17:35:59,repouso,ff3bf187a9b9,sistemas-distribuidos-delivery-1,2.44%,69.18MiB / 7.654GiB,0.88%,32.6MB / 49.1MB,4.65MB / 401kB
2026-04-04 17:35:59,repouso,ecbfb6f4687b,sistemas-distribuidos-payments-1,2.81%,69.05MiB / 7.654GiB,0.88%,31.2MB / 48.4MB,6.24MB / 401kB
2026-04-04 17:35:59,repouso,ee13bc4e589c,sistemas-distribuidos-accounts-1,4.74%,69.39MiB / 7.654GiB,0.89%,28.3MB / 49.1MB,14.9MB / 406kB
2026-04-04 17:35:59,repouso,a117783aa7c8,sistemas-distribuidos-middleware-1,2.10%,78.98MiB / 7.654GiB,1.01%,339MB / 319MB,201kB / 786kB
2026-04-04 17:35:59,repouso,088ebce9e27e,kafka-ui,0.24%,551.9MiB / 7.654GiB,7.04%,5.07MB / 26.5MB,92MB / 2.97MB
2026-04-04 17:35:59,repouso,ee37a20584eb,sistemas-distribuidos-kafka-1,8.83%,694.9MiB / 7.654GiB,8.87%,145MB / 176MB,70.2MB / 49.2MB
2026-04-04 17:35:59,repouso,b1267530f40d,sistemas-distribuidos-crm_db-1,1.18%,27.18MiB / 7.654GiB,0.35%,14.3MB / 11.2MB,8.72MB / 141MB
2026-04-04 17:35:59,repouso,f1f8000a605f,sistemas-distribuidos-middleware_db-1,0.00%,66.91MiB / 7.654GiB,0.85%,204MB / 325MB,15.4MB / 711MB
2026-04-04 17:35:59,repouso,ff53aa714b0f,sistemas-distribuidos-accounts_db-1,0.03%,52.37MiB / 7.654GiB,0.67%,14.2MB / 10.7MB,5.3MB / 162MB
2026-04-04 17:35:59,repouso,489d7ba9a64c,sistemas-distribuidos-delivery_db-1,0.04%,30MiB / 7.654GiB,0.38%,20.3MB / 17.2MB,10.1MB / 163MB
2026-04-04 17:35:59,repouso,a32314d4dd03,sistemas-distribuidos-payments_db-1,0.00%,31.45MiB / 7.654GiB,0.40%,18.2MB / 15.4MB,12.9MB / 162MB
2026-04-04 17:35:59,repouso,f5429bdd2fb0,sistemas-distribuidos-zookeeper-1,0.29%,157.6MiB / 7.654GiB,2.01%,414kB / 411kB,47.8MB / 430kB
2026-04-04 17:35:59,repouso,86aa92827ac9,sistemas-distribuidos-otel-1,2.61%,937.6MiB / 7.654GiB,11.96%,206MB / 996kB,488MB / 390MB
2026-04-04 17:36:03,repouso,510b28b5e515,sistemas-distribuidos-crm-1,2.19%,68.82MiB / 7.654GiB,0.88%,27.9MB / 46.3MB,3.47MB / 401kB
2026-04-04 17:36:03,repouso,ff3bf187a9b9,sistemas-distribuidos-delivery-1,3.22%,69.18MiB / 7.654GiB,0.88%,32.6MB / 49.1MB,4.65MB / 401kB
2026-04-04 17:36:03,repouso,ecbfb6f4687b,sistemas-distribuidos-payments-1,2.94%,69.04MiB / 7.654GiB,0.88%,31.2MB / 48.5MB,6.24MB / 401kB
2026-04-04 17:36:03,repouso,ee13bc4e589c,sistemas-distribuidos-accounts-1,2.78%,69.39MiB / 7.654GiB,0.89%,28.3MB / 49.1MB,14.9MB / 406kB
2026-04-04 17:36:03,repouso,a117783aa7c8,sistemas-distribuidos-middleware-1,2.89%,78.98MiB / 7.654GiB,1.01%,339MB / 319MB,201kB / 786kB
2026-04-04 17:36:03,repouso,088ebce9e27e,kafka-ui,0.16%,551.9MiB / 7.654GiB,7.04%,5.07MB / 26.5MB,92MB / 2.97MB
2026-04-04 17:36:03,repouso,ee37a20584eb,sistemas-distribuidos-kafka-1,6.35%,695.2MiB / 7.654GiB,8.87%,145MB / 176MB,70.2MB / 49.2MB
2026-04-04 17:36:03,repouso,b1267530f40d,sistemas-distribuidos-crm_db-1,0.00%,27.18MiB / 7.654GiB,0.35%,14.3MB / 11.2MB,8.72MB / 141MB
2026-04-04 17:36:03,repouso,f1f8000a605f,sistemas-distribuidos-middleware_db-1,0.09%,66.91MiB / 7.654GiB,0.85%,204MB / 325MB,15.4MB / 711MB
2026-04-04 17:36:03,repouso,ff53aa714b0f,sistemas-distribuidos-accounts_db-1,0.00%,52.36MiB / 7.654GiB,0.67%,14.2MB / 10.7MB,5.3MB / 162MB
2026-04-04 17:36:03,repouso,489d7ba9a64c,sistemas-distribuidos-delivery_db-1,0.00%,30MiB / 7.654GiB,0.38%,20.3MB / 17.2MB,10.1MB / 163MB
2026-04-04 17:36:03,repouso,a32314d4dd03,sistemas-distribuidos-payments_db-1,0.05%,31.45MiB / 7.654GiB,0.40%,18.2MB / 15.4MB,12.9MB / 162MB
2026-04-04 17:36:03,repouso,f5429bdd2fb0,sistemas-distribuidos-zookeeper-1,0.92%,157.6MiB / 7.654GiB,2.01%,414kB / 411kB,47.8MB / 430kB
2026-04-04 17:36:03,repouso,86aa92827ac9,sistemas-distribuidos-otel-1,7.17%,938MiB / 7.654GiB,11.97%,206MB / 996kB,488MB / 390MB
2026-04-04 17:36:07,repouso,510b28b5e515,sistemas-distribuidos-crm-1,2.83%,68.81MiB / 7.654GiB,0.88%,27.9MB / 46.3MB,3.47MB / 401kB
2026-04-04 17:36:07,repouso,ff3bf187a9b9,sistemas-distribuidos-delivery-1,2.90%,69.18MiB / 7.654GiB,0.88%,32.6MB / 49.1MB,4.65MB / 401kB
2026-04-04 17:36:07,repouso,ecbfb6f4687b,sistemas-distribuidos-payments-1,2.75%,69.04MiB / 7.654GiB,0.88%,31.2MB / 48.5MB,6.24MB / 401kB
2026-04-04 17:36:07,repouso,ee13bc4e589c,sistemas-distribuidos-accounts-1,2.62%,69.39MiB / 7.654GiB,0.89%,28.4MB / 49.1MB,14.9MB / 406kB
2026-04-04 17:36:07,repouso,a117783aa7c8,sistemas-distribuidos-middleware-1,1.31%,78.98MiB / 7.654GiB,1.01%,339MB / 319MB,201kB / 786kB
2026-04-04 17:36:07,repouso,088ebce9e27e,kafka-ui,0.20%,551.9MiB / 7.654GiB,7.04%,5.07MB / 26.5MB,92MB / 2.97MB
2026-04-04 17:36:07,repouso,ee37a20584eb,sistemas-distribuidos-kafka-1,7.91%,694.9MiB / 7.654GiB,8.87%,145MB / 176MB,70.2MB / 49.2MB
2026-04-04 17:36:07,repouso,b1267530f40d,sistemas-distribuidos-crm_db-1,0.00%,27.18MiB / 7.654GiB,0.35%,14.3MB / 11.2MB,8.72MB / 141MB
2026-04-04 17:36:07,repouso,f1f8000a605f,sistemas-distribuidos-middleware_db-1,0.00%,66.91MiB / 7.654GiB,0.85%,204MB / 325MB,15.4MB / 711MB
2026-04-04 17:36:07,repouso,ff53aa714b0f,sistemas-distribuidos-accounts_db-1,0.00%,52.36MiB / 7.654GiB,0.67%,14.2MB / 10.7MB,5.3MB / 162MB
2026-04-04 17:36:07,repouso,489d7ba9a64c,sistemas-distribuidos-delivery_db-1,0.00%,30MiB / 7.654GiB,0.38%,20.3MB / 17.2MB,10.1MB / 163MB
2026-04-04 17:36:07,repouso,a32314d4dd03,sistemas-distribuidos-payments_db-1,0.00%,31.45MiB / 7.654GiB,0.40%,18.2MB / 15.4MB,12.9MB / 162MB
2026-04-04 17:36:07,repouso,f5429bdd2fb0,sistemas-distribuidos-zookeeper-1,0.25%,157.6MiB / 7.654GiB,2.01%,414kB / 411kB,47.8MB / 430kB
2026-04-04 17:36:07,repouso,86aa92827ac9,sistemas-distribuidos-otel-1,3.52%,938MiB / 7.654GiB,11.97%,206MB / 996kB,488MB / 390MB
2026-04-04 17:36:11,repouso,510b28b5e515,sistemas-distribuidos-crm-1,2.27%,68.81MiB / 7.654GiB,0.88%,28MB / 46.3MB,3.47MB / 401kB
2026-04-04 17:36:11,repouso,ff3bf187a9b9,sistemas-distribuidos-delivery-1,2.04%,69.18MiB / 7.654GiB,0.88%,32.6MB / 49.1MB,4.65MB / 401kB
2026-04-04 17:36:11,repouso,ecbfb6f4687b,sistemas-distribuidos-payments-1,2.58%,69.05MiB / 7.654GiB,0.88%,31.2MB / 48.5MB,6.24MB / 401kB
2026-04-04 17:36:11,repouso,ee13bc4e589c,sistemas-distribuidos-accounts-1,2.45%,69.39MiB / 7.654GiB,0.89%,28.4MB / 49.1MB,14.9MB / 406kB
2026-04-04 17:36:11,repouso,a117783aa7c8,sistemas-distribuidos-middleware-1,1.17%,78.98MiB / 7.654GiB,1.01%,339MB / 319MB,201kB / 786kB
2026-04-04 17:36:11,repouso,088ebce9e27e,kafka-ui,1.06%,551.9MiB / 7.654GiB,7.04%,5.08MB / 26.5MB,92MB / 2.97MB
2026-04-04 17:36:11,repouso,ee37a20584eb,sistemas-distribuidos-kafka-1,6.87%,694.9MiB / 7.654GiB,8.87%,145MB / 176MB,70.2MB / 49.2MB
2026-04-04 17:36:11,repouso,b1267530f40d,sistemas-distribuidos-crm_db-1,0.12%,27.18MiB / 7.654GiB,0.35%,14.3MB / 11.2MB,8.72MB / 141MB
2026-04-04 17:36:11,repouso,f1f8000a605f,sistemas-distribuidos-middleware_db-1,0.00%,66.91MiB / 7.654GiB,0.85%,204MB / 325MB,15.4MB / 711MB
2026-04-04 17:36:11,repouso,ff53aa714b0f,sistemas-distribuidos-accounts_db-1,0.11%,52.36MiB / 7.654GiB,0.67%,14.2MB / 10.7MB,5.3MB / 162MB
2026-04-04 17:36:11,repouso,489d7ba9a64c,sistemas-distribuidos-delivery_db-1,0.05%,30MiB / 7.654GiB,0.38%,20.3MB / 17.2MB,10.1MB / 163MB
2026-04-04 17:36:11,repouso,a32314d4dd03,sistemas-distribuidos-payments_db-1,0.00%,31.45MiB / 7.654GiB,0.40%,18.2MB / 15.4MB,12.9MB / 162MB
2026-04-04 17:36:11,repouso,f5429bdd2fb0,sistemas-distribuidos-zookeeper-1,0.39%,157.6MiB / 7.654GiB,2.01%,414kB / 412kB,47.8MB / 430kB
2026-04-04 17:36:11,repouso,86aa92827ac9,sistemas-distribuidos-otel-1,3.75%,938MiB / 7.654GiB,11.97%,206MB / 996kB,488MB / 390MB
2026-04-04 17:36:14,repouso,510b28b5e515,sistemas-distribuidos-crm-1,3.95%,68.81MiB / 7.654GiB,0.88%,28MB / 46.3MB,3.47MB / 401kB
2026-04-04 17:36:14,repouso,ff3bf187a9b9,sistemas-distribuidos-delivery-1,4.16%,69.18MiB / 7.654GiB,0.88%,32.6MB / 49.1MB,4.65MB / 401kB
2026-04-04 17:36:14,repouso,ecbfb6f4687b,sistemas-distribuidos-payments-1,3.70%,69.04MiB / 7.654GiB,0.88%,31.3MB / 48.5MB,6.24MB / 401kB
2026-04-04 17:36:14,repouso,ee13bc4e589c,sistemas-distribuidos-accounts-1,4.42%,69.39MiB / 7.654GiB,0.89%,28.4MB / 49.1MB,14.9MB / 406kB
2026-04-04 17:36:14,repouso,a117783aa7c8,sistemas-distribuidos-middleware-1,2.37%,78.98MiB / 7.654GiB,1.01%,339MB / 319MB,201kB / 786kB
2026-04-04 17:36:14,repouso,088ebce9e27e,kafka-ui,0.15%,551.9MiB / 7.654GiB,7.04%,5.08MB / 26.5MB,92MB / 2.97MB
2026-04-04 17:36:14,repouso,ee37a20584eb,sistemas-distribuidos-kafka-1,19.83%,694.9MiB / 7.654GiB,8.87%,145MB / 176MB,70.2MB / 49.2MB
2026-04-04 17:36:14,repouso,b1267530f40d,sistemas-distribuidos-crm_db-1,0.17%,27.18MiB / 7.654GiB,0.35%,14.3MB / 11.2MB,8.72MB / 141MB
2026-04-04 17:36:14,repouso,f1f8000a605f,sistemas-distribuidos-middleware_db-1,0.00%,66.91MiB / 7.654GiB,0.85%,204MB / 325MB,15.4MB / 711MB
2026-04-04 17:36:14,repouso,ff53aa714b0f,sistemas-distribuidos-accounts_db-1,0.00%,52.36MiB / 7.654GiB,0.67%,14.2MB / 10.7MB,5.3MB / 162MB
2026-04-04 17:36:14,repouso,489d7ba9a64c,sistemas-distribuidos-delivery_db-1,0.00%,30MiB / 7.654GiB,0.38%,20.3MB / 17.2MB,10.1MB / 163MB
2026-04-04 17:36:14,repouso,a32314d4dd03,sistemas-distribuidos-payments_db-1,0.07%,31.45MiB / 7.654GiB,0.40%,18.2MB / 15.4MB,12.9MB / 162MB
2026-04-04 17:36:14,repouso,f5429bdd2fb0,sistemas-distribuidos-zookeeper-1,0.88%,157.6MiB / 7.654GiB,2.01%,414kB / 412kB,47.8MB / 430kB
2026-04-04 17:36:14,repouso,86aa92827ac9,sistemas-distribuidos-otel-1,4.03%,938MiB / 7.654GiB,11.97%,206MB / 996kB,488MB / 390MB
2026-04-04 17:36:18,repouso,510b28b5e515,sistemas-distribuidos-crm-1,2.69%,68.81MiB / 7.654GiB,0.88%,28MB / 46.3MB,3.47MB / 401kB
2026-04-04 17:36:18,repouso,ff3bf187a9b9,sistemas-distribuidos-delivery-1,2.62%,69.18MiB / 7.654GiB,0.88%,32.6MB / 49.1MB,4.65MB / 401kB
2026-04-04 17:36:18,repouso,ecbfb6f4687b,sistemas-distribuidos-payments-1,3.77%,69.04MiB / 7.654GiB,0.88%,31.3MB / 48.5MB,6.24MB / 401kB
2026-04-04 17:36:18,repouso,ee13bc4e589c,sistemas-distribuidos-accounts-1,2.44%,69.39MiB / 7.654GiB,0.89%,28.4MB / 49.1MB,14.9MB / 406kB
2026-04-04 17:36:18,repouso,a117783aa7c8,sistemas-distribuidos-middleware-1,1.87%,78.98MiB / 7.654GiB,1.01%,339MB / 319MB,201kB / 786kB
2026-04-04 17:36:18,repouso,088ebce9e27e,kafka-ui,0.16%,551.9MiB / 7.654GiB,7.04%,5.08MB / 26.5MB,92MB / 2.97MB
2026-04-04 17:36:18,repouso,ee37a20584eb,sistemas-distribuidos-kafka-1,10.11%,694.9MiB / 7.654GiB,8.87%,146MB / 176MB,70.2MB / 49.2MB
2026-04-04 17:36:18,repouso,b1267530f40d,sistemas-distribuidos-crm_db-1,0.03%,27.18MiB / 7.654GiB,0.35%,14.3MB / 11.2MB,8.72MB / 141MB
2026-04-04 17:36:18,repouso,f1f8000a605f,sistemas-distribuidos-middleware_db-1,0.03%,66.91MiB / 7.654GiB,0.85%,204MB / 325MB,15.4MB / 711MB
2026-04-04 17:36:18,repouso,ff53aa714b0f,sistemas-distribuidos-accounts_db-1,0.00%,52.36MiB / 7.654GiB,0.67%,14.2MB / 10.7MB,5.3MB / 162MB
2026-04-04 17:36:18,repouso,489d7ba9a64c,sistemas-distribuidos-delivery_db-1,0.00%,30MiB / 7.654GiB,0.38%,20.3MB / 17.2MB,10.1MB / 163MB
2026-04-04 17:36:18,repouso,a32314d4dd03,sistemas-distribuidos-payments_db-1,0.03%,31.45MiB / 7.654GiB,0.40%,18.2MB / 15.4MB,12.9MB / 162MB
2026-04-04 17:36:18,repouso,f5429bdd2fb0,sistemas-distribuidos-zookeeper-1,0.68%,157.6MiB / 7.654GiB,2.01%,415kB / 412kB,47.8MB / 430kB
2026-04-04 17:36:18,repouso,86aa92827ac9,sistemas-distribuidos-otel-1,21.51%,938.3MiB / 7.654GiB,11.97%,206MB / 997kB,488MB / 390MB
2026-04-04 17:36:22,repouso,510b28b5e515,sistemas-distribuidos-crm-1,5.79%,68.81MiB / 7.654GiB,0.88%,28MB / 46.3MB,3.47MB / 401kB
2026-04-04 17:36:22,repouso,ff3bf187a9b9,sistemas-distribuidos-delivery-1,6.93%,69.18MiB / 7.654GiB,0.88%,32.6MB / 49.1MB,4.65MB / 401kB
2026-04-04 17:36:22,repouso,ecbfb6f4687b,sistemas-distribuidos-payments-1,4.68%,69.05MiB / 7.654GiB,0.88%,31.3MB / 48.5MB,6.24MB / 401kB
2026-04-04 17:36:22,repouso,ee13bc4e589c,sistemas-distribuidos-accounts-1,4.22%,69.39MiB / 7.654GiB,0.89%,28.4MB / 49.1MB,14.9MB / 406kB
2026-04-04 17:36:22,repouso,a117783aa7c8,sistemas-distribuidos-middleware-1,3.30%,78.99MiB / 7.654GiB,1.01%,339MB / 319MB,201kB / 786kB
2026-04-04 17:36:22,repouso,088ebce9e27e,kafka-ui,0.15%,551.9MiB / 7.654GiB,7.04%,5.08MB / 26.5MB,92MB / 2.97MB
2026-04-04 17:36:22,repouso,ee37a20584eb,sistemas-distribuidos-kafka-1,21.33%,695.2MiB / 7.654GiB,8.87%,146MB / 176MB,70.2MB / 49.2MB
2026-04-04 17:36:22,repouso,b1267530f40d,sistemas-distribuidos-crm_db-1,0.00%,27.18MiB / 7.654GiB,0.35%,14.3MB / 11.2MB,8.72MB / 141MB
2026-04-04 17:36:22,repouso,f1f8000a605f,sistemas-distribuidos-middleware_db-1,0.00%,66.91MiB / 7.654GiB,0.85%,204MB / 325MB,15.4MB / 711MB
2026-04-04 17:36:22,repouso,ff53aa714b0f,sistemas-distribuidos-accounts_db-1,0.00%,52.36MiB / 7.654GiB,0.67%,14.2MB / 10.7MB,5.3MB / 162MB
2026-04-04 17:36:22,repouso,489d7ba9a64c,sistemas-distribuidos-delivery_db-1,0.00%,30MiB / 7.654GiB,0.38%,20.3MB / 17.2MB,10.1MB / 163MB
2026-04-04 17:36:22,repouso,a32314d4dd03,sistemas-distribuidos-payments_db-1,0.00%,31.45MiB / 7.654GiB,0.40%,18.2MB / 15.4MB,12.9MB / 162MB
2026-04-04 17:36:22,repouso,f5429bdd2fb0,sistemas-distribuidos-zookeeper-1,1.16%,157.6MiB / 7.654GiB,2.01%,415kB / 412kB,47.8MB / 430kB
2026-04-04 17:36:22,repouso,86aa92827ac9,sistemas-distribuidos-otel-1,9.70%,938.3MiB / 7.654GiB,11.97%,206MB / 997kB,488MB / 390MB
2026-04-04 17:36:26,repouso,510b28b5e515,sistemas-distribuidos-crm-1,3.33%,68.81MiB / 7.654GiB,0.88%,28MB / 46.4MB,3.47MB / 401kB
2026-04-04 17:36:26,repouso,ff3bf187a9b9,sistemas-distribuidos-delivery-1,2.43%,69.18MiB / 7.654GiB,0.88%,32.7MB / 49.1MB,4.65MB / 401kB
2026-04-04 17:36:26,repouso,ecbfb6f4687b,sistemas-distribuidos-payments-1,3.06%,69.04MiB / 7.654GiB,0.88%,31.3MB / 48.5MB,6.24MB / 401kB
2026-04-04 17:36:26,repouso,ee13bc4e589c,sistemas-distribuidos-accounts-1,2.86%,69.39MiB / 7.654GiB,0.89%,28.4MB / 49.1MB,14.9MB / 406kB
2026-04-04 17:36:26,repouso,a117783aa7c8,sistemas-distribuidos-middleware-1,1.79%,78.99MiB / 7.654GiB,1.01%,339MB / 319MB,201kB / 786kB
2026-04-04 17:36:26,repouso,088ebce9e27e,kafka-ui,0.19%,551.9MiB / 7.654GiB,7.04%,5.08MB / 26.5MB,92MB / 2.97MB
2026-04-04 17:36:26,repouso,ee37a20584eb,sistemas-distribuidos-kafka-1,6.51%,694.9MiB / 7.654GiB,8.87%,146MB / 177MB,70.2MB / 49.2MB
2026-04-04 17:36:26,repouso,b1267530f40d,sistemas-distribuidos-crm_db-1,3.69%,27.2MiB / 7.654GiB,0.35%,14.3MB / 11.2MB,8.72MB / 141MB
2026-04-04 17:36:26,repouso,f1f8000a605f,sistemas-distribuidos-middleware_db-1,4.81%,66.93MiB / 7.654GiB,0.85%,204MB / 325MB,15.4MB / 711MB
2026-04-04 17:36:26,repouso,ff53aa714b0f,sistemas-distribuidos-accounts_db-1,2.84%,52.37MiB / 7.654GiB,0.67%,14.2MB / 10.7MB,5.3MB / 162MB
2026-04-04 17:36:26,repouso,489d7ba9a64c,sistemas-distribuidos-delivery_db-1,0.00%,30MiB / 7.654GiB,0.38%,20.3MB / 17.2MB,10.1MB / 163MB
2026-04-04 17:36:26,repouso,a32314d4dd03,sistemas-distribuidos-payments_db-1,0.06%,31.45MiB / 7.654GiB,0.40%,18.2MB / 15.4MB,12.9MB / 162MB
2026-04-04 17:36:26,repouso,f5429bdd2fb0,sistemas-distribuidos-zookeeper-1,0.66%,157.6MiB / 7.654GiB,2.01%,415kB / 412kB,47.8MB / 430kB
2026-04-04 17:36:26,repouso,86aa92827ac9,sistemas-distribuidos-otel-1,3.98%,938.5MiB / 7.654GiB,11.98%,206MB / 997kB,488MB / 390MB
2026-04-04 17:36:30,repouso,510b28b5e515,sistemas-distribuidos-crm-1,4.93%,68.81MiB / 7.654GiB,0.88%,28MB / 46.4MB,3.47MB / 401kB
2026-04-04 17:36:30,repouso,ff3bf187a9b9,sistemas-distribuidos-delivery-1,2.08%,69.18MiB / 7.654GiB,0.88%,32.7MB / 49.2MB,4.65MB / 401kB
2026-04-04 17:36:30,repouso,ecbfb6f4687b,sistemas-distribuidos-payments-1,4.24%,69.04MiB / 7.654GiB,0.88%,31.3MB / 48.5MB,6.24MB / 401kB
2026-04-04 17:36:30,repouso,ee13bc4e589c,sistemas-distribuidos-accounts-1,3.55%,69.39MiB / 7.654GiB,0.89%,28.4MB / 49.2MB,14.9MB / 406kB
2026-04-04 17:36:30,repouso,a117783aa7c8,sistemas-distribuidos-middleware-1,1.14%,78.98MiB / 7.654GiB,1.01%,339MB / 319MB,201kB / 786kB
2026-04-04 17:36:30,repouso,088ebce9e27e,kafka-ui,0.27%,551.9MiB / 7.654GiB,7.04%,5.08MB / 26.5MB,92MB / 2.97MB
2026-04-04 17:36:30,repouso,ee37a20584eb,sistemas-distribuidos-kafka-1,9.26%,694.9MiB / 7.654GiB,8.87%,146MB / 177MB,70.2MB / 49.3MB
2026-04-04 17:36:30,repouso,b1267530f40d,sistemas-distribuidos-crm_db-1,0.00%,27.18MiB / 7.654GiB,0.35%,14.3MB / 11.2MB,8.72MB / 141MB
2026-04-04 17:36:30,repouso,f1f8000a605f,sistemas-distribuidos-middleware_db-1,0.00%,66.91MiB / 7.654GiB,0.85%,204MB / 325MB,15.4MB / 711MB
2026-04-04 17:36:30,repouso,ff53aa714b0f,sistemas-distribuidos-accounts_db-1,0.04%,52.61MiB / 7.654GiB,0.67%,14.2MB / 10.7MB,5.3MB / 162MB
2026-04-04 17:36:30,repouso,489d7ba9a64c,sistemas-distribuidos-delivery_db-1,0.05%,30MiB / 7.654GiB,0.38%,20.3MB / 17.2MB,10.1MB / 163MB
2026-04-04 17:36:30,repouso,a32314d4dd03,sistemas-distribuidos-payments_db-1,0.00%,31.45MiB / 7.654GiB,0.40%,18.2MB / 15.4MB,12.9MB / 162MB
2026-04-04 17:36:30,repouso,f5429bdd2fb0,sistemas-distribuidos-zookeeper-1,0.64%,157.6MiB / 7.654GiB,2.01%,415kB / 412kB,47.8MB / 430kB
2026-04-04 17:36:30,repouso,86aa92827ac9,sistemas-distribuidos-otel-1,2.16%,938.3MiB / 7.654GiB,11.97%,206MB / 997kB,488MB / 390MB
2026-04-04 17:36:33,repouso,510b28b5e515,sistemas-distribuidos-crm-1,2.59%,68.81MiB / 7.654GiB,0.88%,28MB / 46.4MB,3.47MB / 401kB
2026-04-04 17:36:33,repouso,ff3bf187a9b9,sistemas-distribuidos-delivery-1,2.66%,69.18MiB / 7.654GiB,0.88%,32.7MB / 49.2MB,4.65MB / 401kB
2026-04-04 17:36:33,repouso,ecbfb6f4687b,sistemas-distribuidos-payments-1,2.52%,69.04MiB / 7.654GiB,0.88%,31.3MB / 48.6MB,6.24MB / 401kB
2026-04-04 17:36:33,repouso,ee13bc4e589c,sistemas-distribuidos-accounts-1,2.88%,69.39MiB / 7.654GiB,0.89%,28.5MB / 49.2MB,14.9MB / 406kB
2026-04-04 17:36:33,repouso,a117783aa7c8,sistemas-distribuidos-middleware-1,1.30%,78.98MiB / 7.654GiB,1.01%,339MB / 319MB,201kB / 786kB
2026-04-04 17:36:33,repouso,088ebce9e27e,kafka-ui,0.17%,551.9MiB / 7.654GiB,7.04%,5.08MB / 26.5MB,92MB / 2.98MB
2026-04-04 17:36:33,repouso,ee37a20584eb,sistemas-distribuidos-kafka-1,13.09%,694.9MiB / 7.654GiB,8.87%,146MB / 177MB,70.2MB / 49.3MB
2026-04-04 17:36:33,repouso,b1267530f40d,sistemas-distribuidos-crm_db-1,0.05%,27.18MiB / 7.654GiB,0.35%,14.3MB / 11.2MB,8.72MB / 141MB
2026-04-04 17:36:33,repouso,f1f8000a605f,sistemas-distribuidos-middleware_db-1,0.09%,66.91MiB / 7.654GiB,0.85%,204MB / 325MB,15.4MB / 711MB
2026-04-04 17:36:33,repouso,ff53aa714b0f,sistemas-distribuidos-accounts_db-1,0.00%,52.36MiB / 7.654GiB,0.67%,14.2MB / 10.7MB,5.3MB / 162MB
2026-04-04 17:36:33,repouso,489d7ba9a64c,sistemas-distribuidos-delivery_db-1,0.00%,30MiB / 7.654GiB,0.38%,20.3MB / 17.2MB,10.1MB / 163MB
2026-04-04 17:36:33,repouso,a32314d4dd03,sistemas-distribuidos-payments_db-1,0.03%,31.45MiB / 7.654GiB,0.40%,18.2MB / 15.4MB,12.9MB / 162MB
2026-04-04 17:36:33,repouso,f5429bdd2fb0,sistemas-distribuidos-zookeeper-1,1.09%,157.6MiB / 7.654GiB,2.01%,415kB / 413kB,47.8MB / 430kB
2026-04-04 17:36:33,repouso,86aa92827ac9,sistemas-distribuidos-otel-1,5.52%,938.4MiB / 7.654GiB,11.97%,206MB / 997kB,488MB / 390MB
2026-04-04 17:36:37,repouso,510b28b5e515,sistemas-distribuidos-crm-1,2.77%,68.81MiB / 7.654GiB,0.88%,28.1MB / 46.4MB,3.47MB / 401kB
2026-04-04 17:36:37,repouso,ff3bf187a9b9,sistemas-distribuidos-delivery-1,3.09%,69.18MiB / 7.654GiB,0.88%,32.7MB / 49.2MB,4.65MB / 401kB
2026-04-04 17:36:37,repouso,ecbfb6f4687b,sistemas-distribuidos-payments-1,2.78%,69.04MiB / 7.654GiB,0.88%,31.3MB / 48.6MB,6.24MB / 401kB
2026-04-04 17:36:37,repouso,ee13bc4e589c,sistemas-distribuidos-accounts-1,2.84%,69.39MiB / 7.654GiB,0.89%,28.5MB / 49.2MB,14.9MB / 406kB
2026-04-04 17:36:37,repouso,a117783aa7c8,sistemas-distribuidos-middleware-1,1.27%,78.99MiB / 7.654GiB,1.01%,339MB / 319MB,201kB / 786kB
2026-04-04 17:36:37,repouso,088ebce9e27e,kafka-ui,0.22%,551.9MiB / 7.654GiB,7.04%,5.08MB / 26.5MB,92MB / 2.98MB
2026-04-04 17:36:37,repouso,ee37a20584eb,sistemas-distribuidos-kafka-1,5.79%,694.9MiB / 7.654GiB,8.87%,146MB / 177MB,70.2MB / 49.3MB
2026-04-04 17:36:37,repouso,b1267530f40d,sistemas-distribuidos-crm_db-1,0.00%,27.18MiB / 7.654GiB,0.35%,14.3MB / 11.2MB,8.72MB / 141MB
2026-04-04 17:36:37,repouso,f1f8000a605f,sistemas-distribuidos-middleware_db-1,0.05%,66.91MiB / 7.654GiB,0.85%,204MB / 325MB,15.4MB / 711MB
2026-04-04 17:36:37,repouso,ff53aa714b0f,sistemas-distribuidos-accounts_db-1,0.00%,52.36MiB / 7.654GiB,0.67%,14.2MB / 10.7MB,5.3MB / 162MB
2026-04-04 17:36:37,repouso,489d7ba9a64c,sistemas-distribuidos-delivery_db-1,0.00%,30MiB / 7.654GiB,0.38%,20.3MB / 17.2MB,10.1MB / 163MB
2026-04-04 17:36:37,repouso,a32314d4dd03,sistemas-distribuidos-payments_db-1,0.00%,31.45MiB / 7.654GiB,0.40%,18.2MB / 15.4MB,12.9MB / 162MB
2026-04-04 17:36:37,repouso,f5429bdd2fb0,sistemas-distribuidos-zookeeper-1,0.40%,157.6MiB / 7.654GiB,2.01%,415kB / 413kB,47.8MB / 430kB
2026-04-04 17:36:37,repouso,86aa92827ac9,sistemas-distribuidos-otel-1,5.14%,938.5MiB / 7.654GiB,11.97%,206MB / 997kB,488MB / 390MB
2026-04-04 17:36:41,repouso,510b28b5e515,sistemas-distribuidos-crm-1,1.37%,68.81MiB / 7.654GiB,0.88%,28.1MB / 46.4MB,3.47MB / 401kB
2026-04-04 17:36:41,repouso,ff3bf187a9b9,sistemas-distribuidos-delivery-1,1.46%,69.18MiB / 7.654GiB,0.88%,32.7MB / 49.2MB,4.65MB / 401kB
2026-04-04 17:36:41,repouso,ecbfb6f4687b,sistemas-distribuidos-payments-1,1.80%,69.04MiB / 7.654GiB,0.88%,31.4MB / 48.6MB,6.24MB / 401kB
2026-04-04 17:36:41,repouso,ee13bc4e589c,sistemas-distribuidos-accounts-1,1.28%,69.39MiB / 7.654GiB,0.89%,28.5MB / 49.2MB,14.9MB / 406kB
2026-04-04 17:36:41,repouso,a117783aa7c8,sistemas-distribuidos-middleware-1,0.94%,78.98MiB / 7.654GiB,1.01%,339MB / 319MB,201kB / 786kB
2026-04-04 17:36:41,repouso,088ebce9e27e,kafka-ui,0.09%,551.9MiB / 7.654GiB,7.04%,5.1MB / 26.5MB,92MB / 2.98MB
2026-04-04 17:36:41,repouso,ee37a20584eb,sistemas-distribuidos-kafka-1,4.02%,695.2MiB / 7.654GiB,8.87%,146MB / 177MB,70.2MB / 49.3MB
2026-04-04 17:36:41,repouso,b1267530f40d,sistemas-distribuidos-crm_db-1,6.15%,28.45MiB / 7.654GiB,0.36%,14.3MB / 11.3MB,8.72MB / 143MB
2026-04-04 17:36:41,repouso,f1f8000a605f,sistemas-distribuidos-middleware_db-1,0.00%,66.91MiB / 7.654GiB,0.85%,204MB / 325MB,15.4MB / 711MB
2026-04-04 17:36:41,repouso,ff53aa714b0f,sistemas-distribuidos-accounts_db-1,9.49%,53.89MiB / 7.654GiB,0.69%,14.3MB / 10.8MB,5.3MB / 164MB
2026-04-04 17:36:41,repouso,489d7ba9a64c,sistemas-distribuidos-delivery_db-1,8.26%,31.26MiB / 7.654GiB,0.40%,20.4MB / 17.3MB,10.1MB / 164MB
2026-04-04 17:36:41,repouso,a32314d4dd03,sistemas-distribuidos-payments_db-1,9.74%,32.76MiB / 7.654GiB,0.42%,18.3MB / 15.4MB,12.9MB / 163MB
2026-04-04 17:36:41,repouso,f5429bdd2fb0,sistemas-distribuidos-zookeeper-1,0.23%,157.6MiB / 7.654GiB,2.01%,416kB / 414kB,47.8MB / 430kB
2026-04-04 17:36:41,repouso,86aa92827ac9,sistemas-distribuidos-otel-1,9.46%,938.7MiB / 7.654GiB,11.98%,206MB / 997kB,488MB / 390MB
2026-04-04 17:36:45,pico,510b28b5e515,sistemas-distribuidos-crm-1,16.30%,69.06MiB / 7.654GiB,0.88%,28.1MB / 46.5MB,3.47MB / 401kB
2026-04-04 17:36:45,pico,ff3bf187a9b9,sistemas-distribuidos-delivery-1,21.47%,69.18MiB / 7.654GiB,0.88%,32.8MB / 49.3MB,4.65MB / 401kB
2026-04-04 17:36:45,pico,ecbfb6f4687b,sistemas-distribuidos-payments-1,18.34%,69.05MiB / 7.654GiB,0.88%,31.4MB / 48.6MB,6.24MB / 401kB
2026-04-04 17:36:45,pico,ee13bc4e589c,sistemas-distribuidos-accounts-1,22.11%,69.39MiB / 7.654GiB,0.89%,28.5MB / 49.2MB,14.9MB / 406kB
2026-04-04 17:36:45,pico,a117783aa7c8,sistemas-distribuidos-middleware-1,74.65%,78.54MiB / 7.654GiB,1.00%,340MB / 320MB,201kB / 786kB
2026-04-04 17:36:45,pico,088ebce9e27e,kafka-ui,1.39%,551.9MiB / 7.654GiB,7.04%,5.1MB / 26.5MB,92MB / 2.98MB
2026-04-04 17:36:45,pico,ee37a20584eb,sistemas-distribuidos-kafka-1,35.67%,695.2MiB / 7.654GiB,8.87%,146MB / 177MB,70.2MB / 49.3MB
2026-04-04 17:36:45,pico,b1267530f40d,sistemas-distribuidos-crm_db-1,3.19%,27.21MiB / 7.654GiB,0.35%,14.8MB / 11.5MB,8.72MB / 149MB
2026-04-04 17:36:45,pico,f1f8000a605f,sistemas-distribuidos-middleware_db-1,27.92%,66.94MiB / 7.654GiB,0.85%,205MB / 326MB,15.4MB / 713MB
2026-04-04 17:36:45,pico,ff53aa714b0f,sistemas-distribuidos-accounts_db-1,4.13%,52.39MiB / 7.654GiB,0.67%,14.7MB / 11MB,5.3MB / 170MB
2026-04-04 17:36:45,pico,489d7ba9a64c,sistemas-distribuidos-delivery_db-1,4.33%,30.03MiB / 7.654GiB,0.38%,21.1MB / 17.5MB,10.1MB / 171MB
2026-04-04 17:36:45,pico,a32314d4dd03,sistemas-distribuidos-payments_db-1,3.78%,31.48MiB / 7.654GiB,0.40%,18.9MB / 15.7MB,12.9MB / 170MB
2026-04-04 17:36:45,pico,f5429bdd2fb0,sistemas-distribuidos-zookeeper-1,1.27%,157.6MiB / 7.654GiB,2.01%,416kB / 414kB,47.8MB / 430kB
2026-04-04 17:36:45,pico,86aa92827ac9,sistemas-distribuidos-otel-1,30.19%,938.5MiB / 7.654GiB,11.98%,206MB / 998kB,488MB / 390MB
2026-04-04 17:36:48,pico,510b28b5e515,sistemas-distribuidos-crm-1,26.53%,69.45MiB / 7.654GiB,0.89%,28.3MB / 46.8MB,3.47MB / 401kB
2026-04-04 17:36:48,pico,ff3bf187a9b9,sistemas-distribuidos-delivery-1,27.21%,70.18MiB / 7.654GiB,0.90%,33MB / 49.7MB,4.65MB / 401kB
2026-04-04 17:36:48,pico,ecbfb6f4687b,sistemas-distribuidos-payments-1,15.18%,69.99MiB / 7.654GiB,0.89%,31.6MB / 48.9MB,6.24MB / 401kB
2026-04-04 17:36:48,pico,ee13bc4e589c,sistemas-distribuidos-accounts-1,23.93%,69.67MiB / 7.654GiB,0.89%,28.7MB / 49.5MB,14.9MB / 406kB
2026-04-04 17:36:48,pico,a117783aa7c8,sistemas-distribuidos-middleware-1,71.68%,79.82MiB / 7.654GiB,1.02%,342MB / 322MB,201kB / 786kB
2026-04-04 17:36:48,pico,088ebce9e27e,kafka-ui,0.71%,551.9MiB / 7.654GiB,7.04%,5.1MB / 26.5MB,92MB / 2.98MB
2026-04-04 17:36:48,pico,ee37a20584eb,sistemas-distribuidos-kafka-1,28.43%,695.6MiB / 7.654GiB,8.88%,147MB / 178MB,70.2MB / 49.3MB
2026-04-04 17:36:48,pico,b1267530f40d,sistemas-distribuidos-crm_db-1,3.86%,27.21MiB / 7.654GiB,0.35%,14.9MB / 11.6MB,8.72MB / 150MB
2026-04-04 17:36:48,pico,f1f8000a605f,sistemas-distribuidos-middleware_db-1,24.53%,66.95MiB / 7.654GiB,0.85%,206MB / 328MB,15.4MB / 717MB
2026-04-04 17:36:48,pico,ff53aa714b0f,sistemas-distribuidos-accounts_db-1,5.27%,52.41MiB / 7.654GiB,0.67%,14.8MB / 11MB,5.3MB / 171MB
2026-04-04 17:36:48,pico,489d7ba9a64c,sistemas-distribuidos-delivery_db-1,4.89%,30.03MiB / 7.654GiB,0.38%,21.2MB / 17.6MB,10.1MB / 171MB
2026-04-04 17:36:48,pico,a32314d4dd03,sistemas-distribuidos-payments_db-1,3.74%,31.47MiB / 7.654GiB,0.40%,19MB / 15.8MB,12.9MB / 170MB
2026-04-04 17:36:48,pico,f5429bdd2fb0,sistemas-distribuidos-zookeeper-1,1.74%,157.6MiB / 7.654GiB,2.01%,416kB / 414kB,47.8MB / 430kB
2026-04-04 17:36:48,pico,86aa92827ac9,sistemas-distribuidos-otel-1,83.48%,941.4MiB / 7.654GiB,12.01%,207MB / 1MB,488MB / 390MB
2026-04-04 17:36:52,pico,510b28b5e515,sistemas-distribuidos-crm-1,14.47%,69.57MiB / 7.654GiB,0.89%,28.4MB / 47.1MB,3.47MB / 401kB
2026-04-04 17:36:52,pico,ff3bf187a9b9,sistemas-distribuidos-delivery-1,13.85%,69.93MiB / 7.654GiB,0.89%,33.1MB / 49.8MB,4.65MB / 401kB
2026-04-04 17:36:52,pico,ecbfb6f4687b,sistemas-distribuidos-payments-1,17.37%,70.02MiB / 7.654GiB,0.89%,31.7MB / 49.3MB,6.24MB / 401kB
2026-04-04 17:36:52,pico,ee13bc4e589c,sistemas-distribuidos-accounts-1,13.56%,70.56MiB / 7.654GiB,0.90%,28.8MB / 49.8MB,14.9MB / 406kB
2026-04-04 17:36:52,pico,a117783aa7c8,sistemas-distribuidos-middleware-1,60.99%,79.63MiB / 7.654GiB,1.02%,344MB / 323MB,201kB / 786kB
2026-04-04 17:36:52,pico,088ebce9e27e,kafka-ui,0.22%,551.9MiB / 7.654GiB,7.04%,5.1MB / 26.5MB,92MB / 2.98MB
2026-04-04 17:36:52,pico,ee37a20584eb,sistemas-distribuidos-kafka-1,20.62%,695.2MiB / 7.654GiB,8.87%,147MB / 178MB,70.2MB / 49.3MB
2026-04-04 17:36:52,pico,b1267530f40d,sistemas-distribuidos-crm_db-1,1.88%,27.21MiB / 7.654GiB,0.35%,14.9MB / 11.6MB,8.72MB / 150MB
2026-04-04 17:36:52,pico,f1f8000a605f,sistemas-distribuidos-middleware_db-1,21.14%,67.2MiB / 7.654GiB,0.86%,207MB / 330MB,15.4MB / 719MB
2026-04-04 17:36:52,pico,ff53aa714b0f,sistemas-distribuidos-accounts_db-1,4.62%,52.4MiB / 7.654GiB,0.67%,14.8MB / 11.1MB,5.3MB / 171MB
2026-04-04 17:36:52,pico,489d7ba9a64c,sistemas-distribuidos-delivery_db-1,4.16%,30.02MiB / 7.654GiB,0.38%,21.3MB / 17.7MB,10.1MB / 172MB
2026-04-04 17:36:52,pico,a32314d4dd03,sistemas-distribuidos-payments_db-1,2.74%,31.47MiB / 7.654GiB,0.40%,19MB / 15.8MB,12.9MB / 171MB
2026-04-04 17:36:52,pico,f5429bdd2fb0,sistemas-distribuidos-zookeeper-1,0.38%,157.6MiB / 7.654GiB,2.01%,416kB / 414kB,47.8MB / 430kB
2026-04-04 17:36:52,pico,86aa92827ac9,sistemas-distribuidos-otel-1,100.82%,949.9MiB / 7.654GiB,12.12%,208MB / 1.01MB,488MB / 390MB
2026-04-04 17:36:56,pico,510b28b5e515,sistemas-distribuidos-crm-1,14.18%,69.55MiB / 7.654GiB,0.89%,28.5MB / 47.3MB,3.47MB / 401kB
2026-04-04 17:36:56,pico,ff3bf187a9b9,sistemas-distribuidos-delivery-1,9.95%,69.93MiB / 7.654GiB,0.89%,33.3MB / 50.1MB,4.65MB / 401kB
2026-04-04 17:36:56,pico,ecbfb6f4687b,sistemas-distribuidos-payments-1,14.39%,70.03MiB / 7.654GiB,0.89%,31.9MB / 49.6MB,6.24MB / 401kB
2026-04-04 17:36:56,pico,ee13bc4e589c,sistemas-distribuidos-accounts-1,11.07%,70.55MiB / 7.654GiB,0.90%,28.9MB / 50.1MB,14.9MB / 406kB
2026-04-04 17:36:56,pico,a117783aa7c8,sistemas-distribuidos-middleware-1,78.04%,79.29MiB / 7.654GiB,1.01%,345MB / 325MB,201kB / 786kB
2026-04-04 17:36:56,pico,088ebce9e27e,kafka-ui,0.12%,551.9MiB / 7.654GiB,7.04%,5.1MB / 26.5MB,92MB / 2.98MB
2026-04-04 17:36:56,pico,ee37a20584eb,sistemas-distribuidos-kafka-1,17.39%,695.5MiB / 7.654GiB,8.87%,147MB / 178MB,70.2MB / 49.3MB
2026-04-04 17:36:56,pico,b1267530f40d,sistemas-distribuidos-crm_db-1,17.02%,27.21MiB / 7.654GiB,0.35%,15MB / 11.7MB,8.72MB / 150MB
2026-04-04 17:36:56,pico,f1f8000a605f,sistemas-distribuidos-middleware_db-1,51.10%,67.2MiB / 7.654GiB,0.86%,208MB / 331MB,15.4MB / 723MB
2026-04-04 17:36:56,pico,ff53aa714b0f,sistemas-distribuidos-accounts_db-1,23.41%,52.41MiB / 7.654GiB,0.67%,14.9MB / 11.1MB,5.3MB / 171MB
2026-04-04 17:36:56,pico,489d7ba9a64c,sistemas-distribuidos-delivery_db-1,3.38%,30.02MiB / 7.654GiB,0.38%,21.3MB / 17.8MB,10.1MB / 172MB
2026-04-04 17:36:56,pico,a32314d4dd03,sistemas-distribuidos-payments_db-1,4.28%,31.47MiB / 7.654GiB,0.40%,19.1MB / 15.9MB,12.9MB / 171MB
2026-04-04 17:36:56,pico,f5429bdd2fb0,sistemas-distribuidos-zookeeper-1,0.29%,157.6MiB / 7.654GiB,2.01%,416kB / 414kB,47.8MB / 430kB
2026-04-04 17:36:56,pico,86aa92827ac9,sistemas-distribuidos-otel-1,19.55%,943.3MiB / 7.654GiB,12.04%,210MB / 1.01MB,488MB / 396MB
2026-04-04 17:37:00,pico,510b28b5e515,sistemas-distribuidos-crm-1,30.12%,69.55MiB / 7.654GiB,0.89%,28.6MB / 47.5MB,3.47MB / 401kB
2026-04-04 17:37:00,pico,ff3bf187a9b9,sistemas-distribuidos-delivery-1,29.35%,69.96MiB / 7.654GiB,0.89%,33.4MB / 50.4MB,4.65MB / 401kB
2026-04-04 17:37:00,pico,ecbfb6f4687b,sistemas-distribuidos-payments-1,26.27%,70.03MiB / 7.654GiB,0.89%,32MB / 49.7MB,6.24MB / 401kB
2026-04-04 17:37:00,pico,ee13bc4e589c,sistemas-distribuidos-accounts-1,30.96%,70.5MiB / 7.654GiB,0.90%,29MB / 50.4MB,14.9MB / 406kB
2026-04-04 17:37:00,pico,a117783aa7c8,sistemas-distribuidos-middleware-1,68.77%,79.93MiB / 7.654GiB,1.02%,347MB / 327MB,201kB / 786kB
2026-04-04 17:37:00,pico,088ebce9e27e,kafka-ui,0.16%,551.9MiB / 7.654GiB,7.04%,5.1MB / 26.5MB,92MB / 2.98MB
2026-04-04 17:37:00,pico,ee37a20584eb,sistemas-distribuidos-kafka-1,34.57%,695.2MiB / 7.654GiB,8.87%,148MB / 179MB,70.2MB / 50.2MB
2026-04-04 17:37:00,pico,b1267530f40d,sistemas-distribuidos-crm_db-1,4.67%,27.46MiB / 7.654GiB,0.35%,15MB / 11.7MB,8.72MB / 151MB
2026-04-04 17:37:00,pico,f1f8000a605f,sistemas-distribuidos-middleware_db-1,25.47%,66.94MiB / 7.654GiB,0.85%,209MB / 333MB,15.4MB / 725MB
2026-04-04 17:37:00,pico,ff53aa714b0f,sistemas-distribuidos-accounts_db-1,8.36%,52.4MiB / 7.654GiB,0.67%,15MB / 11.2MB,5.3MB / 172MB
2026-04-04 17:37:00,pico,489d7ba9a64c,sistemas-distribuidos-delivery_db-1,7.74%,30.02MiB / 7.654GiB,0.38%,21.4MB / 17.9MB,10.1MB / 172MB
2026-04-04 17:37:00,pico,a32314d4dd03,sistemas-distribuidos-payments_db-1,6.36%,31.47MiB / 7.654GiB,0.40%,19.2MB / 16MB,12.9MB / 171MB
2026-04-04 17:37:00,pico,f5429bdd2fb0,sistemas-distribuidos-zookeeper-1,2.98%,157.6MiB / 7.654GiB,2.01%,416kB / 414kB,47.8MB / 430kB
2026-04-04 17:37:00,pico,86aa92827ac9,sistemas-distribuidos-otel-1,25.28%,944.4MiB / 7.654GiB,12.05%,210MB / 1.01MB,488MB / 396MB
2026-04-04 17:37:04,pico,510b28b5e515,sistemas-distribuidos-crm-1,15.51%,69.94MiB / 7.654GiB,0.89%,28.7MB / 47.8MB,3.47MB / 401kB
2026-04-04 17:37:04,pico,ff3bf187a9b9,sistemas-distribuidos-delivery-1,107.87%,70.24MiB / 7.654GiB,0.90%,33.5MB / 50.7MB,4.65MB / 401kB
2026-04-04 17:37:04,pico,ecbfb6f4687b,sistemas-distribuidos-payments-1,20.69%,70MiB / 7.654GiB,0.89%,32.2MB / 50.1MB,6.24MB / 401kB
2026-04-04 17:37:04,pico,ee13bc4e589c,sistemas-distribuidos-accounts-1,23.63%,70.5MiB / 7.654GiB,0.90%,29.1MB / 50.5MB,14.9MB / 406kB
2026-04-04 17:37:04,pico,a117783aa7c8,sistemas-distribuidos-middleware-1,66.87%,80.56MiB / 7.654GiB,1.03%,350MB / 329MB,201kB / 786kB
2026-04-04 17:37:04,pico,088ebce9e27e,kafka-ui,1.11%,551.9MiB / 7.654GiB,7.04%,5.1MB / 26.5MB,92MB / 2.99MB
2026-04-04 17:37:04,pico,ee37a20584eb,sistemas-distribuidos-kafka-1,34.00%,695.3MiB / 7.654GiB,8.87%,148MB / 179MB,70.2MB / 50.2MB
2026-04-04 17:37:04,pico,b1267530f40d,sistemas-distribuidos-crm_db-1,3.90%,27.21MiB / 7.654GiB,0.35%,15.1MB / 11.8MB,8.72MB / 151MB
2026-04-04 17:37:04,pico,f1f8000a605f,sistemas-distribuidos-middleware_db-1,26.52%,66.95MiB / 7.654GiB,0.85%,210MB / 335MB,15.4MB / 729MB
2026-04-04 17:37:04,pico,ff53aa714b0f,sistemas-distribuidos-accounts_db-1,5.20%,52.4MiB / 7.654GiB,0.67%,15MB / 11.3MB,5.3MB / 172MB
2026-04-04 17:37:04,pico,489d7ba9a64c,sistemas-distribuidos-delivery_db-1,7.05%,30.02MiB / 7.654GiB,0.38%,21.5MB / 18MB,10.1MB / 172MB
2026-04-04 17:37:04,pico,a32314d4dd03,sistemas-distribuidos-payments_db-1,3.95%,31.47MiB / 7.654GiB,0.40%,19.3MB / 16.1MB,12.9MB / 172MB
2026-04-04 17:37:04,pico,f5429bdd2fb0,sistemas-distribuidos-zookeeper-1,1.62%,157.6MiB / 7.654GiB,2.01%,416kB / 414kB,47.8MB / 430kB
2026-04-04 17:37:04,pico,86aa92827ac9,sistemas-distribuidos-otel-1,19.44%,950.7MiB / 7.654GiB,12.13%,211MB / 1.02MB,488MB / 396MB
2026-04-04 17:37:08,pico,510b28b5e515,sistemas-distribuidos-crm-1,14.30%,69.04MiB / 7.654GiB,0.88%,28.9MB / 48.2MB,3.47MB / 401kB
2026-04-04 17:37:08,pico,ff3bf187a9b9,sistemas-distribuidos-delivery-1,16.40%,70.05MiB / 7.654GiB,0.89%,33.8MB / 51.1MB,4.65MB / 401kB
2026-04-04 17:37:08,pico,ecbfb6f4687b,sistemas-distribuidos-payments-1,21.99%,70.07MiB / 7.654GiB,0.89%,32.3MB / 50.4MB,6.24MB / 401kB
2026-04-04 17:37:08,pico,ee13bc4e589c,sistemas-distribuidos-accounts-1,13.21%,70.59MiB / 7.654GiB,0.90%,29.3MB / 50.9MB,14.9MB / 406kB
2026-04-04 17:37:08,pico,a117783aa7c8,sistemas-distribuidos-middleware-1,64.53%,79.49MiB / 7.654GiB,1.01%,352MB / 331MB,201kB / 786kB
2026-04-04 17:37:08,pico,088ebce9e27e,kafka-ui,0.22%,551.9MiB / 7.654GiB,7.04%,5.1MB / 26.5MB,92MB / 2.99MB
2026-04-04 17:37:08,pico,ee37a20584eb,sistemas-distribuidos-kafka-1,18.98%,695.7MiB / 7.654GiB,8.88%,148MB / 180MB,70.2MB / 50.2MB
2026-04-04 17:37:08,pico,b1267530f40d,sistemas-distribuidos-crm_db-1,2.30%,27.21MiB / 7.654GiB,0.35%,15.2MB / 11.9MB,8.72MB / 151MB
2026-04-04 17:37:08,pico,f1f8000a605f,sistemas-distribuidos-middleware_db-1,26.26%,66.97MiB / 7.654GiB,0.85%,212MB / 337MB,15.4MB / 734MB
2026-04-04 17:37:08,pico,ff53aa714b0f,sistemas-distribuidos-accounts_db-1,4.27%,52.42MiB / 7.654GiB,0.67%,15.1MB / 11.3MB,5.3MB / 172MB
2026-04-04 17:37:08,pico,489d7ba9a64c,sistemas-distribuidos-delivery_db-1,4.10%,30.03MiB / 7.654GiB,0.38%,21.6MB / 18.1MB,10.1MB / 173MB
2026-04-04 17:37:08,pico,a32314d4dd03,sistemas-distribuidos-payments_db-1,5.09%,31.47MiB / 7.654GiB,0.40%,19.3MB / 16.2MB,12.9MB / 172MB
2026-04-04 17:37:08,pico,f5429bdd2fb0,sistemas-distribuidos-zookeeper-1,0.27%,157.6MiB / 7.654GiB,2.01%,416kB / 414kB,47.8MB / 430kB
2026-04-04 17:37:08,pico,86aa92827ac9,sistemas-distribuidos-otel-1,23.26%,952.5MiB / 7.654GiB,12.15%,213MB / 1.02MB,488MB / 396MB
2026-04-04 17:37:12,pico,510b28b5e515,sistemas-distribuidos-crm-1,18.74%,69.27MiB / 7.654GiB,0.88%,29MB / 48.4MB,3.47MB / 401kB
2026-04-04 17:37:12,pico,ff3bf187a9b9,sistemas-distribuidos-delivery-1,14.93%,70.05MiB / 7.654GiB,0.89%,33.8MB / 51.2MB,4.65MB / 401kB
2026-04-04 17:37:12,pico,ecbfb6f4687b,sistemas-distribuidos-payments-1,14.61%,70.02MiB / 7.654GiB,0.89%,32.4MB / 50.7MB,6.24MB / 401kB
2026-04-04 17:37:12,pico,ee13bc4e589c,sistemas-distribuidos-accounts-1,18.82%,70.59MiB / 7.654GiB,0.90%,29.3MB / 51.2MB,14.9MB / 406kB
2026-04-04 17:37:12,pico,a117783aa7c8,sistemas-distribuidos-middleware-1,83.92%,79.2MiB / 7.654GiB,1.01%,353MB / 332MB,201kB / 786kB
2026-04-04 17:37:12,pico,088ebce9e27e,kafka-ui,0.23%,551.9MiB / 7.654GiB,7.04%,5.12MB / 26.5MB,92MB / 2.99MB
2026-04-04 17:37:12,pico,ee37a20584eb,sistemas-distribuidos-kafka-1,22.95%,695.4MiB / 7.654GiB,8.87%,149MB / 180MB,70.2MB / 50.2MB
2026-04-04 17:37:12,pico,b1267530f40d,sistemas-distribuidos-crm_db-1,1.35%,27.21MiB / 7.654GiB,0.35%,15.2MB / 11.9MB,8.72MB / 151MB
2026-04-04 17:37:12,pico,f1f8000a605f,sistemas-distribuidos-middleware_db-1,13.81%,67.19MiB / 7.654GiB,0.86%,212MB / 338MB,15.4MB / 735MB
2026-04-04 17:37:12,pico,ff53aa714b0f,sistemas-distribuidos-accounts_db-1,3.22%,52.65MiB / 7.654GiB,0.67%,15.1MB / 11.3MB,5.3MB / 172MB
2026-04-04 17:37:12,pico,489d7ba9a64c,sistemas-distribuidos-delivery_db-1,2.69%,30.03MiB / 7.654GiB,0.38%,21.6MB / 18.1MB,10.1MB / 173MB
2026-04-04 17:37:12,pico,a32314d4dd03,sistemas-distribuidos-payments_db-1,2.00%,31.47MiB / 7.654GiB,0.40%,19.4MB / 16.2MB,12.9MB / 172MB
2026-04-04 17:37:12,pico,f5429bdd2fb0,sistemas-distribuidos-zookeeper-1,0.56%,157.6MiB / 7.654GiB,2.01%,417kB / 415kB,47.8MB / 430kB
2026-04-04 17:37:12,pico,86aa92827ac9,sistemas-distribuidos-otel-1,179.28%,979.4MiB / 7.654GiB,12.50%,214MB / 1.02MB,488MB / 400MB
2026-04-04 17:37:16,pico,510b28b5e515,sistemas-distribuidos-crm-1,16.31%,69.25MiB / 7.654GiB,0.88%,29.1MB / 48.7MB,3.47MB / 401kB
2026-04-04 17:37:16,pico,ff3bf187a9b9,sistemas-distribuidos-delivery-1,22.83%,70.05MiB / 7.654GiB,0.89%,34MB / 51.7MB,4.65MB / 401kB
2026-04-04 17:37:16,pico,ecbfb6f4687b,sistemas-distribuidos-payments-1,19.12%,70.02MiB / 7.654GiB,0.89%,32.6MB / 51MB,6.24MB / 401kB
2026-04-04 17:37:16,pico,ee13bc4e589c,sistemas-distribuidos-accounts-1,16.85%,70.51MiB / 7.654GiB,0.90%,29.5MB / 51.5MB,14.9MB / 406kB
2026-04-04 17:37:16,pico,a117783aa7c8,sistemas-distribuidos-middleware-1,74.11%,80.63MiB / 7.654GiB,1.03%,355MB / 335MB,201kB / 786kB
2026-04-04 17:37:16,pico,088ebce9e27e,kafka-ui,1.08%,551.9MiB / 7.654GiB,7.04%,5.12MB / 26.5MB,92MB / 2.99MB
2026-04-04 17:37:16,pico,ee37a20584eb,sistemas-distribuidos-kafka-1,27.77%,695.7MiB / 7.654GiB,8.88%,149MB / 180MB,70.2MB / 50.2MB
2026-04-04 17:37:16,pico,b1267530f40d,sistemas-distribuidos-crm_db-1,3.23%,27.21MiB / 7.654GiB,0.35%,15.2MB / 11.9MB,8.72MB / 152MB
2026-04-04 17:37:16,pico,f1f8000a605f,sistemas-distribuidos-middleware_db-1,25.35%,66.96MiB / 7.654GiB,0.85%,214MB / 340MB,15.4MB / 739MB
2026-04-04 17:37:16,pico,ff53aa714b0f,sistemas-distribuidos-accounts_db-1,4.78%,52.42MiB / 7.654GiB,0.67%,15.2MB / 11.4MB,5.3MB / 173MB
2026-04-04 17:37:16,pico,489d7ba9a64c,sistemas-distribuidos-delivery_db-1,4.82%,30.02MiB / 7.654GiB,0.38%,21.7MB / 18.3MB,10.1MB / 173MB
2026-04-04 17:37:16,pico,a32314d4dd03,sistemas-distribuidos-payments_db-1,4.82%,31.47MiB / 7.654GiB,0.40%,19.5MB / 16.3MB,12.9MB / 172MB
2026-04-04 17:37:16,pico,f5429bdd2fb0,sistemas-distribuidos-zookeeper-1,0.37%,157.6MiB / 7.654GiB,2.01%,418kB / 415kB,47.8MB / 430kB
2026-04-04 17:37:16,pico,86aa92827ac9,sistemas-distribuidos-otel-1,44.05%,983.3MiB / 7.654GiB,12.55%,215MB / 1.03MB,488MB / 400MB
2026-04-04 17:37:22,pico,510b28b5e515,sistemas-distribuidos-crm-1,28.55%,69.43MiB / 7.654GiB,0.89%,29.2MB / 49MB,3.47MB / 401kB
2026-04-04 17:37:22,pico,ff3bf187a9b9,sistemas-distribuidos-delivery-1,24.60%,70.05MiB / 7.654GiB,0.89%,34.2MB / 51.8MB,4.65MB / 401kB
2026-04-04 17:37:22,pico,ecbfb6f4687b,sistemas-distribuidos-payments-1,22.35%,70.02MiB / 7.654GiB,0.89%,32.7MB / 51.1MB,6.24MB / 401kB
2026-04-04 17:37:22,pico,ee13bc4e589c,sistemas-distribuidos-accounts-1,46.94%,70.58MiB / 7.654GiB,0.90%,29.6MB / 51.8MB,14.9MB / 406kB
2026-04-04 17:37:22,pico,a117783aa7c8,sistemas-distribuidos-middleware-1,67.08%,80.45MiB / 7.654GiB,1.03%,357MB / 336MB,201kB / 786kB
2026-04-04 17:37:22,pico,088ebce9e27e,kafka-ui,1.68%,551.9MiB / 7.654GiB,7.04%,5.12MB / 26.5MB,92MB / 2.99MB
2026-04-04 17:37:22,pico,ee37a20584eb,sistemas-distribuidos-kafka-1,30.47%,695.4MiB / 7.654GiB,8.87%,149MB / 181MB,70.2MB / 50.2MB
2026-04-04 17:37:22,pico,b1267530f40d,sistemas-distribuidos-crm_db-1,4.30%,27.21MiB / 7.654GiB,0.35%,15.3MB / 12MB,8.72MB / 152MB
2026-04-04 17:37:22,pico,f1f8000a605f,sistemas-distribuidos-middleware_db-1,27.88%,66.96MiB / 7.654GiB,0.85%,214MB / 341MB,15.4MB / 742MB
2026-04-04 17:37:22,pico,ff53aa714b0f,sistemas-distribuidos-accounts_db-1,9.42%,52.4MiB / 7.654GiB,0.67%,15.3MB / 11.5MB,5.3MB / 173MB
2026-04-04 17:37:22,pico,489d7ba9a64c,sistemas-distribuidos-delivery_db-1,7.57%,30.02MiB / 7.654GiB,0.38%,21.8MB / 18.3MB,10.1MB / 174MB
2026-04-04 17:37:22,pico,a32314d4dd03,sistemas-distribuidos-payments_db-1,6.23%,31.47MiB / 7.654GiB,0.40%,19.5MB / 16.4MB,12.9MB / 173MB
2026-04-04 17:37:22,pico,f5429bdd2fb0,sistemas-distribuidos-zookeeper-1,10.92%,157.6MiB / 7.654GiB,2.01%,418kB / 415kB,47.8MB / 430kB
2026-04-04 17:37:22,pico,86aa92827ac9,sistemas-distribuidos-otel-1,55.77%,987.7MiB / 7.654GiB,12.60%,216MB / 1.03MB,488MB / 400MB
2026-04-04 17:37:25,pico,510b28b5e515,sistemas-distribuidos-crm-1,38.72%,69.45MiB / 7.654GiB,0.89%,29.3MB / 49.1MB,3.47MB / 401kB
2026-04-04 17:37:25,pico,ff3bf187a9b9,sistemas-distribuidos-delivery-1,15.41%,70.05MiB / 7.654GiB,0.89%,34.3MB / 52.2MB,4.65MB / 401kB
2026-04-04 17:37:25,pico,ecbfb6f4687b,sistemas-distribuidos-payments-1,16.29%,70.02MiB / 7.654GiB,0.89%,32.9MB / 51.4MB,6.24MB / 401kB
2026-04-04 17:37:25,pico,ee13bc4e589c,sistemas-distribuidos-accounts-1,30.30%,70.59MiB / 7.654GiB,0.90%,29.7MB / 51.9MB,14.9MB / 406kB
2026-04-04 17:37:25,pico,a117783aa7c8,sistemas-distribuidos-middleware-1,66.59%,78.87MiB / 7.654GiB,1.01%,359MB / 338MB,201kB / 786kB
2026-04-04 17:37:25,pico,088ebce9e27e,kafka-ui,0.29%,551.9MiB / 7.654GiB,7.04%,5.12MB / 26.5MB,92MB / 2.99MB
2026-04-04 17:37:25,pico,ee37a20584eb,sistemas-distribuidos-kafka-1,20.39%,695.9MiB / 7.654GiB,8.88%,150MB / 181MB,70.2MB / 50.2MB
2026-04-04 17:37:25,pico,b1267530f40d,sistemas-distribuidos-crm_db-1,10.89%,27.22MiB / 7.654GiB,0.35%,15.4MB / 12.1MB,8.72MB / 153MB
2026-04-04 17:37:25,pico,f1f8000a605f,sistemas-distribuidos-middleware_db-1,36.97%,66.96MiB / 7.654GiB,0.85%,216MB / 344MB,15.4MB / 746MB
2026-04-04 17:37:25,pico,ff53aa714b0f,sistemas-distribuidos-accounts_db-1,8.67%,52.41MiB / 7.654GiB,0.67%,15.3MB / 11.5MB,5.3MB / 173MB
2026-04-04 17:37:25,pico,489d7ba9a64c,sistemas-distribuidos-delivery_db-1,5.28%,30.02MiB / 7.654GiB,0.38%,21.9MB / 18.4MB,10.1MB / 174MB
2026-04-04 17:37:25,pico,a32314d4dd03,sistemas-distribuidos-payments_db-1,10.29%,31.47MiB / 7.654GiB,0.40%,19.6MB / 16.5MB,12.9MB / 173MB
2026-04-04 17:37:25,pico,f5429bdd2fb0,sistemas-distribuidos-zookeeper-1,0.70%,157.6MiB / 7.654GiB,2.01%,418kB / 415kB,47.8MB / 430kB
2026-04-04 17:37:25,pico,86aa92827ac9,sistemas-distribuidos-otel-1,84.69%,991.8MiB / 7.654GiB,12.66%,217MB / 1.03MB,488MB / 407MB
2026-04-04 17:37:30,pico,510b28b5e515,sistemas-distribuidos-crm-1,19.86%,69.55MiB / 7.654GiB,0.89%,29.4MB / 49.4MB,3.47MB / 401kB
2026-04-04 17:37:30,pico,ff3bf187a9b9,sistemas-distribuidos-delivery-1,18.87%,69.83MiB / 7.654GiB,0.89%,34.5MB / 52.5MB,4.65MB / 401kB
2026-04-04 17:37:30,pico,ecbfb6f4687b,sistemas-distribuidos-payments-1,17.03%,70.02MiB / 7.654GiB,0.89%,33MB / 51.8MB,6.24MB / 401kB
2026-04-04 17:37:30,pico,ee13bc4e589c,sistemas-distribuidos-accounts-1,15.37%,70.59MiB / 7.654GiB,0.90%,29.8MB / 52.3MB,14.9MB / 406kB
2026-04-04 17:37:30,pico,a117783aa7c8,sistemas-distribuidos-middleware-1,72.96%,79.82MiB / 7.654GiB,1.02%,361MB / 340MB,201kB / 786kB
2026-04-04 17:37:30,pico,088ebce9e27e,kafka-ui,1.64%,551.9MiB / 7.654GiB,7.04%,5.12MB / 26.5MB,92MB / 2.99MB
2026-04-04 17:37:30,pico,ee37a20584eb,sistemas-distribuidos-kafka-1,30.60%,695.5MiB / 7.654GiB,8.87%,150MB / 182MB,70.2MB / 50.2MB
2026-04-04 17:37:30,pico,b1267530f40d,sistemas-distribuidos-crm_db-1,2.44%,27.23MiB / 7.654GiB,0.35%,15.4MB / 12.1MB,8.72MB / 153MB
2026-04-04 17:37:30,pico,f1f8000a605f,sistemas-distribuidos-middleware_db-1,21.95%,66.98MiB / 7.654GiB,0.85%,217MB / 345MB,15.4MB / 750MB
2026-04-04 17:37:30,pico,ff53aa714b0f,sistemas-distribuidos-accounts_db-1,6.42%,52.41MiB / 7.654GiB,0.67%,15.4MB / 11.6MB,5.3MB / 174MB
2026-04-04 17:37:30,pico,489d7ba9a64c,sistemas-distribuidos-delivery_db-1,4.05%,30.27MiB / 7.654GiB,0.39%,22MB / 18.5MB,10.1MB / 174MB
2026-04-04 17:37:30,pico,a32314d4dd03,sistemas-distribuidos-payments_db-1,3.03%,31.48MiB / 7.654GiB,0.40%,19.7MB / 16.6MB,12.9MB / 173MB
2026-04-04 17:37:30,pico,f5429bdd2fb0,sistemas-distribuidos-zookeeper-1,5.35%,157.6MiB / 7.654GiB,2.01%,418kB / 415kB,47.8MB / 430kB
2026-04-04 17:37:30,pico,86aa92827ac9,sistemas-distribuidos-otel-1,94.41%,999.3MiB / 7.654GiB,12.75%,219MB / 1.04MB,488MB / 407MB
2026-04-04 17:37:34,pico,510b28b5e515,sistemas-distribuidos-crm-1,17.61%,69.86MiB / 7.654GiB,0.89%,29.6MB / 49.8MB,3.47MB / 401kB
2026-04-04 17:37:34,pico,ff3bf187a9b9,sistemas-distribuidos-delivery-1,21.87%,70.03MiB / 7.654GiB,0.89%,34.7MB / 52.9MB,4.65MB / 401kB
2026-04-04 17:37:34,pico,ecbfb6f4687b,sistemas-distribuidos-payments-1,16.15%,70.03MiB / 7.654GiB,0.89%,33.2MB / 52.2MB,6.24MB / 401kB
2026-04-04 17:37:34,pico,ee13bc4e589c,sistemas-distribuidos-accounts-1,14.00%,70.59MiB / 7.654GiB,0.90%,29.9MB / 52.6MB,14.9MB / 406kB
2026-04-04 17:37:34,pico,a117783aa7c8,sistemas-distribuidos-middleware-1,67.40%,79.96MiB / 7.654GiB,1.02%,364MB / 343MB,201kB / 786kB
2026-04-04 17:37:34,pico,088ebce9e27e,kafka-ui,0.76%,551.9MiB / 7.654GiB,7.04%,5.12MB / 26.5MB,92MB / 3MB
2026-04-04 17:37:34,pico,ee37a20584eb,sistemas-distribuidos-kafka-1,26.35%,695.6MiB / 7.654GiB,8.88%,151MB / 182MB,70.2MB / 51.6MB
2026-04-04 17:37:34,pico,b1267530f40d,sistemas-distribuidos-crm_db-1,2.40%,27.23MiB / 7.654GiB,0.35%,15.5MB / 12.2MB,8.72MB / 153MB
2026-04-04 17:37:34,pico,f1f8000a605f,sistemas-distribuidos-middleware_db-1,27.58%,66.98MiB / 7.654GiB,0.85%,218MB / 348MB,15.4MB / 754MB
2026-04-04 17:37:34,pico,ff53aa714b0f,sistemas-distribuidos-accounts_db-1,3.19%,52.42MiB / 7.654GiB,0.67%,15.5MB / 11.7MB,5.3MB / 174MB
2026-04-04 17:37:34,pico,489d7ba9a64c,sistemas-distribuidos-delivery_db-1,3.75%,30.02MiB / 7.654GiB,0.38%,22MB / 18.6MB,10.1MB / 175MB
2026-04-04 17:37:34,pico,a32314d4dd03,sistemas-distribuidos-payments_db-1,3.05%,31.47MiB / 7.654GiB,0.40%,19.8MB / 16.7MB,12.9MB / 174MB
2026-04-04 17:37:34,pico,f5429bdd2fb0,sistemas-distribuidos-zookeeper-1,0.94%,157.6MiB / 7.654GiB,2.01%,418kB / 415kB,47.8MB / 430kB
2026-04-04 17:37:34,pico,86aa92827ac9,sistemas-distribuidos-otel-1,52.89%,1014MiB / 7.654GiB,12.94%,220MB / 1.04MB,488MB / 407MB
2026-04-04 17:37:38,pico,510b28b5e515,sistemas-distribuidos-crm-1,14.67%,69.88MiB / 7.654GiB,0.89%,29.7MB / 50.1MB,3.47MB / 401kB
2026-04-04 17:37:38,pico,ff3bf187a9b9,sistemas-distribuidos-delivery-1,14.64%,70.04MiB / 7.654GiB,0.89%,34.9MB / 53MB,4.65MB / 401kB
2026-04-04 17:37:38,pico,ecbfb6f4687b,sistemas-distribuidos-payments-1,20.38%,70.05MiB / 7.654GiB,0.89%,33.4MB / 52.5MB,6.24MB / 401kB
2026-04-04 17:37:38,pico,ee13bc4e589c,sistemas-distribuidos-accounts-1,13.60%,70.58MiB / 7.654GiB,0.90%,30.1MB / 53MB,14.9MB / 406kB
2026-04-04 17:37:38,pico,a117783aa7c8,sistemas-distribuidos-middleware-1,62.25%,79.15MiB / 7.654GiB,1.01%,366MB / 345MB,201kB / 786kB
2026-04-04 17:37:38,pico,088ebce9e27e,kafka-ui,0.95%,551.9MiB / 7.654GiB,7.04%,5.12MB / 26.5MB,92MB / 3MB
2026-04-04 17:37:38,pico,ee37a20584eb,sistemas-distribuidos-kafka-1,23.22%,695.6MiB / 7.654GiB,8.88%,151MB / 182MB,70.2MB / 51.6MB
2026-04-04 17:37:38,pico,b1267530f40d,sistemas-distribuidos-crm_db-1,1.98%,27.22MiB / 7.654GiB,0.35%,15.6MB / 12.3MB,8.72MB / 154MB
2026-04-04 17:37:38,pico,f1f8000a605f,sistemas-distribuidos-middleware_db-1,26.86%,66.99MiB / 7.654GiB,0.85%,220MB / 350MB,15.4MB / 758MB
2026-04-04 17:37:38,pico,ff53aa714b0f,sistemas-distribuidos-accounts_db-1,3.63%,52.4MiB / 7.654GiB,0.67%,15.6MB / 11.7MB,5.3MB / 174MB
2026-04-04 17:37:38,pico,489d7ba9a64c,sistemas-distribuidos-delivery_db-1,3.93%,30.02MiB / 7.654GiB,0.38%,22.1MB / 18.8MB,10.1MB / 175MB
2026-04-04 17:37:38,pico,a32314d4dd03,sistemas-distribuidos-payments_db-1,3.48%,31.72MiB / 7.654GiB,0.40%,19.9MB / 16.8MB,12.9MB / 174MB
2026-04-04 17:37:38,pico,f5429bdd2fb0,sistemas-distribuidos-zookeeper-1,0.45%,157.6MiB / 7.654GiB,2.01%,418kB / 416kB,47.8MB / 430kB
2026-04-04 17:37:38,pico,86aa92827ac9,sistemas-distribuidos-otel-1,133.85%,1018MiB / 7.654GiB,12.99%,222MB / 1.05MB,488MB / 408MB
2026-04-04 17:37:42,pico,510b28b5e515,sistemas-distribuidos-crm-1,30.16%,69.88MiB / 7.654GiB,0.89%,29.8MB / 50.2MB,3.47MB / 401kB
2026-04-04 17:37:42,pico,ff3bf187a9b9,sistemas-distribuidos-delivery-1,29.13%,70.04MiB / 7.654GiB,0.89%,35MB / 53.4MB,4.65MB / 401kB
2026-04-04 17:37:42,pico,ecbfb6f4687b,sistemas-distribuidos-payments-1,26.02%,70.04MiB / 7.654GiB,0.89%,33.5MB / 52.6MB,6.24MB / 401kB
2026-04-04 17:37:42,pico,ee13bc4e589c,sistemas-distribuidos-accounts-1,40.03%,70.59MiB / 7.654GiB,0.90%,30.2MB / 53.3MB,14.9MB / 406kB
2026-04-04 17:37:42,pico,a117783aa7c8,sistemas-distribuidos-middleware-1,69.57%,80.14MiB / 7.654GiB,1.02%,367MB / 346MB,201kB / 786kB
2026-04-04 17:37:42,pico,088ebce9e27e,kafka-ui,2.00%,551.9MiB / 7.654GiB,7.04%,5.13MB / 26.5MB,92MB / 3MB
2026-04-04 17:37:42,pico,ee37a20584eb,sistemas-distribuidos-kafka-1,109.87%,695.6MiB / 7.654GiB,8.88%,152MB / 183MB,70.2MB / 51.6MB
2026-04-04 17:37:42,pico,b1267530f40d,sistemas-distribuidos-crm_db-1,5.30%,27.21MiB / 7.654GiB,0.35%,15.6MB / 12.3MB,8.72MB / 154MB
2026-04-04 17:37:42,pico,f1f8000a605f,sistemas-distribuidos-middleware_db-1,25.47%,66.98MiB / 7.654GiB,0.85%,220MB / 351MB,15.4MB / 760MB
2026-04-04 17:37:42,pico,ff53aa714b0f,sistemas-distribuidos-accounts_db-1,9.18%,52.4MiB / 7.654GiB,0.67%,15.6MB / 11.8MB,5.3MB / 175MB
2026-04-04 17:37:42,pico,489d7ba9a64c,sistemas-distribuidos-delivery_db-1,6.78%,30.02MiB / 7.654GiB,0.38%,22.2MB / 18.8MB,10.1MB / 175MB
2026-04-04 17:37:42,pico,a32314d4dd03,sistemas-distribuidos-payments_db-1,6.04%,31.47MiB / 7.654GiB,0.40%,19.9MB / 16.8MB,12.9MB / 174MB
2026-04-04 17:37:42,pico,f5429bdd2fb0,sistemas-distribuidos-zookeeper-1,5.26%,157.6MiB / 7.654GiB,2.01%,419kB / 417kB,47.8MB / 430kB
2026-04-04 17:37:42,pico,86aa92827ac9,sistemas-distribuidos-otel-1,123.80%,1019MiB / 7.654GiB,13.01%,223MB / 1.05MB,488MB / 408MB
2026-04-04 17:37:45,pico,510b28b5e515,sistemas-distribuidos-crm-1,22.05%,68.83MiB / 7.654GiB,0.88%,29.9MB / 50.5MB,3.47MB / 401kB
2026-04-04 17:37:45,pico,ff3bf187a9b9,sistemas-distribuidos-delivery-1,18.22%,70.02MiB / 7.654GiB,0.89%,35.1MB / 53.7MB,4.65MB / 401kB
2026-04-04 17:37:45,pico,ecbfb6f4687b,sistemas-distribuidos-payments-1,17.03%,70.29MiB / 7.654GiB,0.90%,33.6MB / 52.9MB,6.24MB / 401kB
2026-04-04 17:37:45,pico,ee13bc4e589c,sistemas-distribuidos-accounts-1,16.56%,70.59MiB / 7.654GiB,0.90%,30.3MB / 53.4MB,14.9MB / 406kB
2026-04-04 17:37:45,pico,a117783aa7c8,sistemas-distribuidos-middleware-1,72.84%,79.88MiB / 7.654GiB,1.02%,369MB / 348MB,201kB / 786kB
2026-04-04 17:37:45,pico,088ebce9e27e,kafka-ui,0.28%,551.9MiB / 7.654GiB,7.04%,5.13MB / 26.5MB,92MB / 3MB
2026-04-04 17:37:45,pico,ee37a20584eb,sistemas-distribuidos-kafka-1,31.61%,695.9MiB / 7.654GiB,8.88%,152MB / 183MB,70.2MB / 51.6MB
2026-04-04 17:37:45,pico,b1267530f40d,sistemas-distribuidos-crm_db-1,2.53%,27.22MiB / 7.654GiB,0.35%,15.7MB / 12.4MB,8.72MB / 154MB
2026-04-04 17:37:45,pico,f1f8000a605f,sistemas-distribuidos-middleware_db-1,25.20%,66.99MiB / 7.654GiB,0.85%,221MB / 353MB,15.4MB / 763MB
2026-04-04 17:37:45,pico,ff53aa714b0f,sistemas-distribuidos-accounts_db-1,3.71%,52.42MiB / 7.654GiB,0.67%,15.7MB / 11.8MB,5.3MB / 175MB
2026-04-04 17:37:45,pico,489d7ba9a64c,sistemas-distribuidos-delivery_db-1,5.04%,30.02MiB / 7.654GiB,0.38%,22.2MB / 18.9MB,10.1MB / 175MB
2026-04-04 17:37:45,pico,a32314d4dd03,sistemas-distribuidos-payments_db-1,11.52%,31.48MiB / 7.654GiB,0.40%,20MB / 16.9MB,12.9MB / 175MB
2026-04-04 17:37:45,pico,f5429bdd2fb0,sistemas-distribuidos-zookeeper-1,0.66%,157.6MiB / 7.654GiB,2.01%,419kB / 417kB,47.8MB / 430kB
2026-04-04 17:37:45,pico,86aa92827ac9,sistemas-distribuidos-otel-1,22.31%,1.002GiB / 7.654GiB,13.09%,223MB / 1.05MB,488MB / 408MB
2026-04-04 17:37:50,pico,510b28b5e515,sistemas-distribuidos-crm-1,16.66%,69.35MiB / 7.654GiB,0.88%,30.1MB / 50.9MB,3.47MB / 401kB
2026-04-04 17:37:50,pico,ff3bf187a9b9,sistemas-distribuidos-delivery-1,21.99%,70.05MiB / 7.654GiB,0.89%,35.3MB / 54MB,4.65MB / 401kB
2026-04-04 17:37:50,pico,ecbfb6f4687b,sistemas-distribuidos-payments-1,18.46%,70.05MiB / 7.654GiB,0.89%,33.8MB / 53.3MB,6.24MB / 401kB
2026-04-04 17:37:50,pico,ee13bc4e589c,sistemas-distribuidos-accounts-1,16.21%,70.59MiB / 7.654GiB,0.90%,30.5MB / 53.7MB,14.9MB / 406kB
2026-04-04 17:37:50,pico,a117783aa7c8,sistemas-distribuidos-middleware-1,67.55%,80.98MiB / 7.654GiB,1.03%,372MB / 350MB,201kB / 786kB
2026-04-04 17:37:50,pico,088ebce9e27e,kafka-ui,0.16%,551.9MiB / 7.654GiB,7.04%,5.13MB / 26.5MB,92MB / 3MB
2026-04-04 17:37:50,pico,ee37a20584eb,sistemas-distribuidos-kafka-1,40.34%,695.7MiB / 7.654GiB,8.88%,152MB / 184MB,70.2MB / 51.6MB
2026-04-04 17:37:50,pico,b1267530f40d,sistemas-distribuidos-crm_db-1,1.96%,27.23MiB / 7.654GiB,0.35%,15.7MB / 12.4MB,8.72MB / 154MB
2026-04-04 17:37:50,pico,f1f8000a605f,sistemas-distribuidos-middleware_db-1,30.39%,66.99MiB / 7.654GiB,0.85%,223MB / 355MB,15.4MB / 767MB
2026-04-04 17:37:50,pico,ff53aa714b0f,sistemas-distribuidos-accounts_db-1,3.30%,52.41MiB / 7.654GiB,0.67%,15.7MB / 11.9MB,5.3MB / 175MB
2026-04-04 17:37:50,pico,489d7ba9a64c,sistemas-distribuidos-delivery_db-1,4.62%,30.03MiB / 7.654GiB,0.38%,22.4MB / 19MB,10.1MB / 176MB
2026-04-04 17:37:50,pico,a32314d4dd03,sistemas-distribuidos-payments_db-1,3.16%,31.48MiB / 7.654GiB,0.40%,20.1MB / 17MB,12.9MB / 175MB
2026-04-04 17:37:50,pico,f5429bdd2fb0,sistemas-distribuidos-zookeeper-1,0.43%,157.6MiB / 7.654GiB,2.01%,419kB / 417kB,47.8MB / 430kB
2026-04-04 17:37:50,pico,86aa92827ac9,sistemas-distribuidos-otel-1,18.28%,1.019GiB / 7.654GiB,13.31%,225MB / 1.06MB,488MB / 408MB
2026-04-04 17:37:54,pico,510b28b5e515,sistemas-distribuidos-crm-1,10.36%,69.55MiB / 7.654GiB,0.89%,30.2MB / 51.2MB,3.47MB / 401kB
2026-04-04 17:37:54,pico,ff3bf187a9b9,sistemas-distribuidos-delivery-1,16.08%,70.05MiB / 7.654GiB,0.89%,35.4MB / 54.2MB,4.65MB / 401kB
2026-04-04 17:37:54,pico,ecbfb6f4687b,sistemas-distribuidos-payments-1,9.98%,70.04MiB / 7.654GiB,0.89%,33.9MB / 53.7MB,6.24MB / 401kB
2026-04-04 17:37:54,pico,ee13bc4e589c,sistemas-distribuidos-accounts-1,10.98%,70.44MiB / 7.654GiB,0.90%,30.6MB / 54.1MB,14.9MB / 406kB
2026-04-04 17:37:54,pico,a117783aa7c8,sistemas-distribuidos-middleware-1,63.43%,80.25MiB / 7.654GiB,1.02%,374MB / 352MB,201kB / 786kB
2026-04-04 17:37:54,pico,088ebce9e27e,kafka-ui,0.37%,551.9MiB / 7.654GiB,7.04%,5.13MB / 26.5MB,92MB / 3MB
2026-04-04 17:37:54,pico,ee37a20584eb,sistemas-distribuidos-kafka-1,18.55%,695.7MiB / 7.654GiB,8.88%,153MB / 184MB,70.2MB / 51.6MB
2026-04-04 17:37:54,pico,b1267530f40d,sistemas-distribuidos-crm_db-1,1.62%,27.22MiB / 7.654GiB,0.35%,15.8MB / 12.5MB,8.72MB / 155MB
2026-04-04 17:37:54,pico,f1f8000a605f,sistemas-distribuidos-middleware_db-1,33.12%,67MiB / 7.654GiB,0.85%,224MB / 357MB,15.4MB / 772MB
2026-04-04 17:37:54,pico,ff53aa714b0f,sistemas-distribuidos-accounts_db-1,6.08%,52.41MiB / 7.654GiB,0.67%,15.8MB / 11.9MB,5.3MB / 176MB
2026-04-04 17:37:54,pico,489d7ba9a64c,sistemas-distribuidos-delivery_db-1,2.82%,30.02MiB / 7.654GiB,0.38%,22.4MB / 19.1MB,10.1MB / 176MB
2026-04-04 17:37:54,pico,a32314d4dd03,sistemas-distribuidos-payments_db-1,2.87%,31.47MiB / 7.654GiB,0.40%,20.1MB / 17.1MB,12.9MB / 175MB
2026-04-04 17:37:54,pico,f5429bdd2fb0,sistemas-distribuidos-zookeeper-1,0.62%,157.6MiB / 7.654GiB,2.01%,419kB / 417kB,47.8MB / 430kB
2026-04-04 17:37:54,pico,86aa92827ac9,sistemas-distribuidos-otel-1,43.84%,1.029GiB / 7.654GiB,13.45%,227MB / 1.06MB,488MB / 408MB
2026-04-04 17:37:58,pos,510b28b5e515,sistemas-distribuidos-crm-1,12.88%,69.55MiB / 7.654GiB,0.89%,30.3MB / 51.4MB,3.47MB / 401kB
2026-04-04 17:37:58,pos,ff3bf187a9b9,sistemas-distribuidos-delivery-1,15.31%,70.05MiB / 7.654GiB,0.89%,35.6MB / 54.5MB,4.65MB / 401kB
2026-04-04 17:37:58,pos,ecbfb6f4687b,sistemas-distribuidos-payments-1,19.39%,69.75MiB / 7.654GiB,0.89%,34MB / 53.9MB,6.24MB / 401kB
2026-04-04 17:37:58,pos,ee13bc4e589c,sistemas-distribuidos-accounts-1,15.13%,70.33MiB / 7.654GiB,0.90%,30.7MB / 54.3MB,14.9MB / 406kB
2026-04-04 17:37:58,pos,a117783aa7c8,sistemas-distribuidos-middleware-1,61.60%,80.7MiB / 7.654GiB,1.03%,376MB / 354MB,201kB / 786kB
2026-04-04 17:37:58,pos,088ebce9e27e,kafka-ui,1.47%,551.9MiB / 7.654GiB,7.04%,5.13MB / 26.5MB,92MB / 3MB
2026-04-04 17:37:58,pos,ee37a20584eb,sistemas-distribuidos-kafka-1,24.25%,695.9MiB / 7.654GiB,8.88%,153MB / 184MB,70.2MB / 51.7MB
2026-04-04 17:37:58,pos,b1267530f40d,sistemas-distribuidos-crm_db-1,1.59%,27.22MiB / 7.654GiB,0.35%,15.8MB / 12.5MB,8.72MB / 155MB
2026-04-04 17:37:58,pos,f1f8000a605f,sistemas-distribuidos-middleware_db-1,33.04%,67MiB / 7.654GiB,0.85%,225MB / 359MB,15.4MB / 776MB
2026-04-04 17:37:58,pos,ff53aa714b0f,sistemas-distribuidos-accounts_db-1,6.98%,52.66MiB / 7.654GiB,0.67%,15.8MB / 12MB,5.3MB / 176MB
2026-04-04 17:37:58,pos,489d7ba9a64c,sistemas-distribuidos-delivery_db-1,47.22%,30.03MiB / 7.654GiB,0.38%,22.5MB / 19.2MB,10.1MB / 177MB
2026-04-04 17:37:58,pos,a32314d4dd03,sistemas-distribuidos-payments_db-1,1.50%,31.47MiB / 7.654GiB,0.40%,20.2MB / 17.1MB,12.9MB / 176MB
2026-04-04 17:37:58,pos,f5429bdd2fb0,sistemas-distribuidos-zookeeper-1,1.84%,157.6MiB / 7.654GiB,2.01%,419kB / 417kB,47.8MB / 430kB
2026-04-04 17:37:58,pos,86aa92827ac9,sistemas-distribuidos-otel-1,48.78%,1.029GiB / 7.654GiB,13.45%,227MB / 1.07MB,488MB / 421MB
2026-04-04 17:38:02,pos,510b28b5e515,sistemas-distribuidos-crm-1,12.44%,69.55MiB / 7.654GiB,0.89%,30.3MB / 51.5MB,3.47MB / 401kB
2026-04-04 17:38:02,pos,ff3bf187a9b9,sistemas-distribuidos-delivery-1,14.25%,70.04MiB / 7.654GiB,0.89%,35.6MB / 54.6MB,4.65MB / 401kB
2026-04-04 17:38:02,pos,ecbfb6f4687b,sistemas-distribuidos-payments-1,13.03%,69.75MiB / 7.654GiB,0.89%,34.1MB / 53.9MB,6.24MB / 401kB
2026-04-04 17:38:02,pos,ee13bc4e589c,sistemas-distribuidos-accounts-1,10.62%,70.32MiB / 7.654GiB,0.90%,30.7MB / 54.4MB,14.9MB / 406kB
2026-04-04 17:38:02,pos,a117783aa7c8,sistemas-distribuidos-middleware-1,62.40%,80MiB / 7.654GiB,1.02%,378MB / 356MB,201kB / 786kB
2026-04-04 17:38:02,pos,088ebce9e27e,kafka-ui,0.16%,551.9MiB / 7.654GiB,7.04%,5.13MB / 26.5MB,92MB / 3MB
2026-04-04 17:38:02,pos,ee37a20584eb,sistemas-distribuidos-kafka-1,75.35%,695.7MiB / 7.654GiB,8.88%,153MB / 185MB,70.2MB / 53.1MB
2026-04-04 17:38:02,pos,b1267530f40d,sistemas-distribuidos-crm_db-1,2.17%,27.22MiB / 7.654GiB,0.35%,15.9MB / 12.5MB,8.72MB / 155MB
2026-04-04 17:38:02,pos,f1f8000a605f,sistemas-distribuidos-middleware_db-1,32.34%,67.01MiB / 7.654GiB,0.85%,226MB / 361MB,15.4MB / 779MB
2026-04-04 17:38:02,pos,ff53aa714b0f,sistemas-distribuidos-accounts_db-1,8.73%,52.41MiB / 7.654GiB,0.67%,15.9MB / 12MB,5.3MB / 176MB
2026-04-04 17:38:02,pos,489d7ba9a64c,sistemas-distribuidos-delivery_db-1,3.33%,30.03MiB / 7.654GiB,0.38%,22.5MB / 19.2MB,10.1MB / 177MB
2026-04-04 17:38:02,pos,a32314d4dd03,sistemas-distribuidos-payments_db-1,2.64%,31.47MiB / 7.654GiB,0.40%,20.2MB / 17.2MB,12.9MB / 176MB
2026-04-04 17:38:02,pos,f5429bdd2fb0,sistemas-distribuidos-zookeeper-1,3.67%,157.6MiB / 7.654GiB,2.01%,419kB / 417kB,47.8MB / 430kB
2026-04-04 17:38:02,pos,86aa92827ac9,sistemas-distribuidos-otel-1,17.23%,1.03GiB / 7.654GiB,13.45%,228MB / 1.07MB,488MB / 422MB
2026-04-04 17:38:05,pos,510b28b5e515,sistemas-distribuidos-crm-1,11.41%,69.63MiB / 7.654GiB,0.89%,30.4MB / 51.7MB,3.47MB / 401kB
2026-04-04 17:38:05,pos,ff3bf187a9b9,sistemas-distribuidos-delivery-1,11.80%,70MiB / 7.654GiB,0.89%,35.8MB / 54.9MB,4.65MB / 401kB
2026-04-04 17:38:05,pos,ecbfb6f4687b,sistemas-distribuidos-payments-1,11.24%,69.71MiB / 7.654GiB,0.89%,34.2MB / 54.1MB,6.24MB / 401kB
2026-04-04 17:38:05,pos,ee13bc4e589c,sistemas-distribuidos-accounts-1,12.28%,70.33MiB / 7.654GiB,0.90%,30.8MB / 54.6MB,14.9MB / 406kB
2026-04-04 17:38:05,pos,a117783aa7c8,sistemas-distribuidos-middleware-1,61.12%,79.71MiB / 7.654GiB,1.02%,381MB / 359MB,201kB / 786kB
2026-04-04 17:38:05,pos,088ebce9e27e,kafka-ui,0.12%,551.9MiB / 7.654GiB,7.04%,5.13MB / 26.5MB,92MB / 3.01MB
2026-04-04 17:38:05,pos,ee37a20584eb,sistemas-distribuidos-kafka-1,22.39%,695.7MiB / 7.654GiB,8.88%,154MB / 185MB,70.2MB / 53.1MB
2026-04-04 17:38:05,pos,b1267530f40d,sistemas-distribuidos-crm_db-1,1.79%,27.23MiB / 7.654GiB,0.35%,15.9MB / 12.6MB,8.72MB / 156MB
2026-04-04 17:38:05,pos,f1f8000a605f,sistemas-distribuidos-middleware_db-1,33.94%,67.25MiB / 7.654GiB,0.86%,228MB / 363MB,15.4MB / 784MB
2026-04-04 17:38:05,pos,ff53aa714b0f,sistemas-distribuidos-accounts_db-1,5.63%,52.41MiB / 7.654GiB,0.67%,15.9MB / 12MB,5.3MB / 177MB
2026-04-04 17:38:05,pos,489d7ba9a64c,sistemas-distribuidos-delivery_db-1,2.58%,30.03MiB / 7.654GiB,0.38%,22.6MB / 19.3MB,10.1MB / 178MB
2026-04-04 17:38:05,pos,a32314d4dd03,sistemas-distribuidos-payments_db-1,1.78%,31.48MiB / 7.654GiB,0.40%,20.2MB / 17.2MB,12.9MB / 176MB
2026-04-04 17:38:05,pos,f5429bdd2fb0,sistemas-distribuidos-zookeeper-1,0.25%,157.6MiB / 7.654GiB,2.01%,419kB / 417kB,47.8MB / 430kB
2026-04-04 17:38:05,pos,86aa92827ac9,sistemas-distribuidos-otel-1,18.64%,1020MiB / 7.654GiB,13.02%,229MB / 1.07MB,488MB / 422MB
2026-04-04 17:38:09,pos,510b28b5e515,sistemas-distribuidos-crm-1,9.33%,69.1MiB / 7.654GiB,0.88%,30.5MB / 51.9MB,3.47MB / 401kB
2026-04-04 17:38:09,pos,ff3bf187a9b9,sistemas-distribuidos-delivery-1,10.30%,69.97MiB / 7.654GiB,0.89%,35.9MB / 55.1MB,4.65MB / 401kB
2026-04-04 17:38:09,pos,ecbfb6f4687b,sistemas-distribuidos-payments-1,10.46%,69.99MiB / 7.654GiB,0.89%,34.3MB / 54.4MB,6.24MB / 401kB
2026-04-04 17:38:09,pos,ee13bc4e589c,sistemas-distribuidos-accounts-1,9.33%,70.4MiB / 7.654GiB,0.90%,30.9MB / 54.8MB,14.9MB / 406kB
2026-04-04 17:38:09,pos,a117783aa7c8,sistemas-distribuidos-middleware-1,59.60%,79.58MiB / 7.654GiB,1.02%,384MB / 362MB,201kB / 786kB
2026-04-04 17:38:09,pos,088ebce9e27e,kafka-ui,22.21%,551.9MiB / 7.654GiB,7.04%,5.15MB / 26.5MB,92MB / 3.01MB
2026-04-04 17:38:09,pos,ee37a20584eb,sistemas-distribuidos-kafka-1,34.78%,696MiB / 7.654GiB,8.88%,154MB / 185MB,70.2MB / 53.1MB
2026-04-04 17:38:09,pos,b1267530f40d,sistemas-distribuidos-crm_db-1,1.43%,27.22MiB / 7.654GiB,0.35%,15.9MB / 12.6MB,8.72MB / 157MB
2026-04-04 17:38:09,pos,f1f8000a605f,sistemas-distribuidos-middleware_db-1,32.06%,67.02MiB / 7.654GiB,0.86%,230MB / 366MB,15.4MB / 789MB
2026-04-04 17:38:09,pos,ff53aa714b0f,sistemas-distribuidos-accounts_db-1,2.81%,52.42MiB / 7.654GiB,0.67%,16MB / 12.1MB,5.3MB / 177MB
2026-04-04 17:38:09,pos,489d7ba9a64c,sistemas-distribuidos-delivery_db-1,2.14%,30.03MiB / 7.654GiB,0.38%,22.6MB / 19.3MB,10.1MB / 178MB
2026-04-04 17:38:09,pos,a32314d4dd03,sistemas-distribuidos-payments_db-1,1.86%,31.48MiB / 7.654GiB,0.40%,20.3MB / 17.3MB,12.9MB / 177MB
2026-04-04 17:38:09,pos,f5429bdd2fb0,sistemas-distribuidos-zookeeper-1,0.29%,157.6MiB / 7.654GiB,2.01%,419kB / 417kB,47.8MB / 430kB
2026-04-04 17:38:09,pos,86aa92827ac9,sistemas-distribuidos-otel-1,20.23%,1021MiB / 7.654GiB,13.02%,231MB / 1.08MB,488MB / 422MB
2026-04-04 17:38:13,pos,510b28b5e515,sistemas-distribuidos-crm-1,11.34%,69.55MiB / 7.654GiB,0.89%,30.6MB / 52.1MB,3.47MB / 401kB
2026-04-04 17:38:13,pos,ff3bf187a9b9,sistemas-distribuidos-delivery-1,9.73%,69.97MiB / 7.654GiB,0.89%,36MB / 55.2MB,4.65MB / 401kB
2026-04-04 17:38:13,pos,ecbfb6f4687b,sistemas-distribuidos-payments-1,8.39%,69.99MiB / 7.654GiB,0.89%,34.4MB / 54.5MB,6.24MB / 401kB
2026-04-04 17:38:13,pos,ee13bc4e589c,sistemas-distribuidos-accounts-1,12.72%,70.16MiB / 7.654GiB,0.90%,31MB / 55MB,14.9MB / 406kB
2026-04-04 17:38:13,pos,a117783aa7c8,sistemas-distribuidos-middleware-1,63.11%,79.93MiB / 7.654GiB,1.02%,386MB / 364MB,201kB / 786kB
2026-04-04 17:38:13,pos,088ebce9e27e,kafka-ui,0.15%,551.9MiB / 7.654GiB,7.04%,5.15MB / 26.5MB,92MB / 3.01MB
2026-04-04 17:38:13,pos,ee37a20584eb,sistemas-distribuidos-kafka-1,18.72%,695.7MiB / 7.654GiB,8.88%,154MB / 186MB,70.2MB / 53.1MB
2026-04-04 17:38:13,pos,b1267530f40d,sistemas-distribuidos-crm_db-1,1.07%,27.22MiB / 7.654GiB,0.35%,16MB / 12.7MB,8.72MB / 157MB
2026-04-04 17:38:13,pos,f1f8000a605f,sistemas-distribuidos-middleware_db-1,32.87%,67.27MiB / 7.654GiB,0.86%,231MB / 369MB,15.4MB / 792MB
2026-04-04 17:38:13,pos,ff53aa714b0f,sistemas-distribuidos-accounts_db-1,3.54%,52.41MiB / 7.654GiB,0.67%,16MB / 12.1MB,5.3MB / 178MB
2026-04-04 17:38:13,pos,489d7ba9a64c,sistemas-distribuidos-delivery_db-1,2.66%,30.03MiB / 7.654GiB,0.38%,22.7MB / 19.4MB,10.1MB / 178MB
2026-04-04 17:38:13,pos,a32314d4dd03,sistemas-distribuidos-payments_db-1,1.95%,31.48MiB / 7.654GiB,0.40%,20.4MB / 17.3MB,12.9MB / 177MB
2026-04-04 17:38:13,pos,f5429bdd2fb0,sistemas-distribuidos-zookeeper-1,0.27%,157.6MiB / 7.654GiB,2.01%,420kB / 418kB,47.8MB / 430kB
2026-04-04 17:38:13,pos,86aa92827ac9,sistemas-distribuidos-otel-1,16.18%,1020MiB / 7.654GiB,13.02%,232MB / 1.08MB,488MB / 422MB
2026-04-04 17:38:16,pos,510b28b5e515,sistemas-distribuidos-crm-1,2.20%,69.55MiB / 7.654GiB,0.89%,30.6MB / 52.1MB,3.47MB / 401kB
2026-04-04 17:38:16,pos,ff3bf187a9b9,sistemas-distribuidos-delivery-1,2.06%,69.28MiB / 7.654GiB,0.88%,36MB / 55.4MB,4.65MB / 401kB
2026-04-04 17:38:16,pos,ecbfb6f4687b,sistemas-distribuidos-payments-1,2.02%,70.01MiB / 7.654GiB,0.89%,34.4MB / 54.6MB,6.24MB / 401kB
2026-04-04 17:38:16,pos,ee13bc4e589c,sistemas-distribuidos-accounts-1,2.99%,70.16MiB / 7.654GiB,0.90%,31MB / 55.1MB,14.9MB / 406kB
2026-04-04 17:38:16,pos,a117783aa7c8,sistemas-distribuidos-middleware-1,2.03%,79.92MiB / 7.654GiB,1.02%,387MB / 364MB,201kB / 786kB
2026-04-04 17:38:16,pos,088ebce9e27e,kafka-ui,0.15%,551.9MiB / 7.654GiB,7.04%,5.15MB / 26.5MB,92MB / 3.01MB
2026-04-04 17:38:16,pos,ee37a20584eb,sistemas-distribuidos-kafka-1,5.80%,695.7MiB / 7.654GiB,8.88%,155MB / 186MB,70.2MB / 53.7MB
2026-04-04 17:38:16,pos,b1267530f40d,sistemas-distribuidos-crm_db-1,0.06%,27.22MiB / 7.654GiB,0.35%,16MB / 12.7MB,8.72MB / 157MB
2026-04-04 17:38:16,pos,f1f8000a605f,sistemas-distribuidos-middleware_db-1,0.06%,66.99MiB / 7.654GiB,0.85%,232MB / 369MB,15.4MB / 793MB
2026-04-04 17:38:16,pos,ff53aa714b0f,sistemas-distribuidos-accounts_db-1,0.02%,52.39MiB / 7.654GiB,0.67%,16MB / 12.1MB,5.3MB / 178MB
2026-04-04 17:38:16,pos,489d7ba9a64c,sistemas-distribuidos-delivery_db-1,0.00%,30.02MiB / 7.654GiB,0.38%,22.7MB / 19.4MB,10.1MB / 179MB
2026-04-04 17:38:16,pos,a32314d4dd03,sistemas-distribuidos-payments_db-1,0.08%,31.47MiB / 7.654GiB,0.40%,20.4MB / 17.3MB,12.9MB / 178MB
2026-04-04 17:38:16,pos,f5429bdd2fb0,sistemas-distribuidos-zookeeper-1,1.71%,157.6MiB / 7.654GiB,2.01%,420kB / 418kB,47.8MB / 430kB
2026-04-04 17:38:16,pos,86aa92827ac9,sistemas-distribuidos-otel-1,81.12%,1021MiB / 7.654GiB,13.03%,232MB / 1.08MB,488MB / 422MB
2026-04-04 17:38:21,pos,510b28b5e515,sistemas-distribuidos-crm-1,2.69%,68.36MiB / 7.654GiB,0.87%,30.6MB / 52.2MB,3.47MB / 401kB
2026-04-04 17:38:21,pos,ff3bf187a9b9,sistemas-distribuidos-delivery-1,2.63%,69.28MiB / 7.654GiB,0.88%,36MB / 55.4MB,4.65MB / 401kB
2026-04-04 17:38:21,pos,ecbfb6f4687b,sistemas-distribuidos-payments-1,2.44%,68.34MiB / 7.654GiB,0.87%,34.4MB / 54.7MB,6.24MB / 401kB
2026-04-04 17:38:21,pos,ee13bc4e589c,sistemas-distribuidos-accounts-1,2.90%,70.16MiB / 7.654GiB,0.90%,31MB / 55.1MB,14.9MB / 406kB
2026-04-04 17:38:21,pos,a117783aa7c8,sistemas-distribuidos-middleware-1,1.42%,79.48MiB / 7.654GiB,1.01%,387MB / 364MB,201kB / 786kB
2026-04-04 17:38:21,pos,088ebce9e27e,kafka-ui,0.14%,551.9MiB / 7.654GiB,7.04%,5.15MB / 26.5MB,92MB / 3.01MB
2026-04-04 17:38:21,pos,ee37a20584eb,sistemas-distribuidos-kafka-1,5.53%,695.7MiB / 7.654GiB,8.88%,155MB / 186MB,70.2MB / 53.7MB
2026-04-04 17:38:21,pos,b1267530f40d,sistemas-distribuidos-crm_db-1,0.00%,27.22MiB / 7.654GiB,0.35%,16MB / 12.7MB,8.72MB / 157MB
2026-04-04 17:38:21,pos,f1f8000a605f,sistemas-distribuidos-middleware_db-1,0.00%,66.99MiB / 7.654GiB,0.85%,232MB / 369MB,15.4MB / 793MB
2026-04-04 17:38:21,pos,ff53aa714b0f,sistemas-distribuidos-accounts_db-1,0.00%,52.39MiB / 7.654GiB,0.67%,16MB / 12.1MB,5.3MB / 178MB
2026-04-04 17:38:21,pos,489d7ba9a64c,sistemas-distribuidos-delivery_db-1,0.06%,30.02MiB / 7.654GiB,0.38%,22.7MB / 19.4MB,10.1MB / 179MB
2026-04-04 17:38:21,pos,a32314d4dd03,sistemas-distribuidos-payments_db-1,0.00%,31.47MiB / 7.654GiB,0.40%,20.4MB / 17.3MB,12.9MB / 178MB
2026-04-04 17:38:21,pos,f5429bdd2fb0,sistemas-distribuidos-zookeeper-1,0.99%,157.6MiB / 7.654GiB,2.01%,420kB / 418kB,47.8MB / 430kB
2026-04-04 17:38:21,pos,86aa92827ac9,sistemas-distribuidos-otel-1,4.26%,1020MiB / 7.654GiB,13.02%,232MB / 1.08MB,488MB / 422MB
2026-04-04 17:38:24,pos,510b28b5e515,sistemas-distribuidos-crm-1,4.38%,68.35MiB / 7.654GiB,0.87%,30.6MB / 52.2MB,3.47MB / 401kB
2026-04-04 17:38:24,pos,ff3bf187a9b9,sistemas-distribuidos-delivery-1,3.45%,69.29MiB / 7.654GiB,0.88%,36MB / 55.4MB,4.65MB / 401kB
2026-04-04 17:38:24,pos,ecbfb6f4687b,sistemas-distribuidos-payments-1,5.74%,68.34MiB / 7.654GiB,0.87%,34.4MB / 54.7MB,6.24MB / 401kB
2026-04-04 17:38:24,pos,ee13bc4e589c,sistemas-distribuidos-accounts-1,3.64%,70.16MiB / 7.654GiB,0.90%,31MB / 55.1MB,14.9MB / 406kB
2026-04-04 17:38:24,pos,a117783aa7c8,sistemas-distribuidos-middleware-1,2.77%,79.48MiB / 7.654GiB,1.01%,387MB / 364MB,201kB / 786kB
2026-04-04 17:38:24,pos,088ebce9e27e,kafka-ui,0.21%,551.9MiB / 7.654GiB,7.04%,5.15MB / 26.5MB,92MB / 3.01MB
2026-04-04 17:38:24,pos,ee37a20584eb,sistemas-distribuidos-kafka-1,15.44%,695.6MiB / 7.654GiB,8.88%,155MB / 186MB,70.2MB / 53.8MB
2026-04-04 17:38:24,pos,b1267530f40d,sistemas-distribuidos-crm_db-1,0.00%,27.21MiB / 7.654GiB,0.35%,16MB / 12.7MB,8.72MB / 157MB
2026-04-04 17:38:24,pos,f1f8000a605f,sistemas-distribuidos-middleware_db-1,1.02%,66.99MiB / 7.654GiB,0.85%,232MB / 369MB,15.4MB / 794MB
2026-04-04 17:38:24,pos,ff53aa714b0f,sistemas-distribuidos-accounts_db-1,0.00%,52.39MiB / 7.654GiB,0.67%,16MB / 12.1MB,5.3MB / 178MB
2026-04-04 17:38:24,pos,489d7ba9a64c,sistemas-distribuidos-delivery_db-1,0.00%,30.02MiB / 7.654GiB,0.38%,22.7MB / 19.4MB,10.1MB / 179MB
2026-04-04 17:38:24,pos,a32314d4dd03,sistemas-distribuidos-payments_db-1,0.00%,31.47MiB / 7.654GiB,0.40%,20.4MB / 17.3MB,12.9MB / 178MB
2026-04-04 17:38:24,pos,f5429bdd2fb0,sistemas-distribuidos-zookeeper-1,0.83%,157.6MiB / 7.654GiB,2.01%,420kB / 418kB,47.8MB / 430kB
2026-04-04 17:38:24,pos,86aa92827ac9,sistemas-distribuidos-otel-1,16.45%,1.009GiB / 7.654GiB,13.19%,232MB / 1.08MB,488MB / 422MB
2026-04-04 17:38:28,pos,510b28b5e515,sistemas-distribuidos-crm-1,1.80%,68.35MiB / 7.654GiB,0.87%,30.7MB / 52.2MB,3.47MB / 401kB
2026-04-04 17:38:28,pos,ff3bf187a9b9,sistemas-distribuidos-delivery-1,2.32%,69.28MiB / 7.654GiB,0.88%,36MB / 55.4MB,4.65MB / 401kB
2026-04-04 17:38:28,pos,ecbfb6f4687b,sistemas-distribuidos-payments-1,2.78%,68.34MiB / 7.654GiB,0.87%,34.5MB / 54.7MB,6.24MB / 401kB
2026-04-04 17:38:28,pos,ee13bc4e589c,sistemas-distribuidos-accounts-1,3.24%,70.16MiB / 7.654GiB,0.90%,31MB / 55.1MB,14.9MB / 406kB
2026-04-04 17:38:28,pos,a117783aa7c8,sistemas-distribuidos-middleware-1,1.09%,79.48MiB / 7.654GiB,1.01%,387MB / 364MB,201kB / 786kB
2026-04-04 17:38:28,pos,088ebce9e27e,kafka-ui,0.43%,551.9MiB / 7.654GiB,7.04%,5.15MB / 26.5MB,92MB / 3.01MB
2026-04-04 17:38:28,pos,ee37a20584eb,sistemas-distribuidos-kafka-1,7.57%,695.7MiB / 7.654GiB,8.88%,155MB / 186MB,70.2MB / 53.8MB
2026-04-04 17:38:28,pos,b1267530f40d,sistemas-distribuidos-crm_db-1,0.04%,27.23MiB / 7.654GiB,0.35%,16MB / 12.7MB,8.72MB / 157MB
2026-04-04 17:38:28,pos,f1f8000a605f,sistemas-distribuidos-middleware_db-1,0.08%,67MiB / 7.654GiB,0.85%,232MB / 369MB,15.4MB / 794MB
2026-04-04 17:38:28,pos,ff53aa714b0f,sistemas-distribuidos-accounts_db-1,0.06%,52.39MiB / 7.654GiB,0.67%,16MB / 12.1MB,5.3MB / 178MB
2026-04-04 17:38:28,pos,489d7ba9a64c,sistemas-distribuidos-delivery_db-1,0.06%,30.03MiB / 7.654GiB,0.38%,22.7MB / 19.4MB,10.1MB / 179MB
2026-04-04 17:38:28,pos,a32314d4dd03,sistemas-distribuidos-payments_db-1,0.05%,31.47MiB / 7.654GiB,0.40%,20.4MB / 17.3MB,12.9MB / 178MB
2026-04-04 17:38:28,pos,f5429bdd2fb0,sistemas-distribuidos-zookeeper-1,0.25%,157.6MiB / 7.654GiB,2.01%,421kB / 418kB,47.8MB / 430kB
2026-04-04 17:38:28,pos,86aa92827ac9,sistemas-distribuidos-otel-1,8.31%,1.009GiB / 7.654GiB,13.19%,232MB / 1.08MB,488MB / 432MB
2026-04-04 17:38:32,pos,510b28b5e515,sistemas-distribuidos-crm-1,2.82%,68.35MiB / 7.654GiB,0.87%,30.7MB / 52.2MB,3.47MB / 401kB
2026-04-04 17:38:32,pos,ff3bf187a9b9,sistemas-distribuidos-delivery-1,2.42%,69.28MiB / 7.654GiB,0.88%,36.1MB / 55.4MB,4.65MB / 401kB
2026-04-04 17:38:32,pos,ecbfb6f4687b,sistemas-distribuidos-payments-1,2.87%,68.35MiB / 7.654GiB,0.87%,34.5MB / 54.7MB,6.24MB / 401kB
2026-04-04 17:38:32,pos,ee13bc4e589c,sistemas-distribuidos-accounts-1,3.56%,70.16MiB / 7.654GiB,0.90%,31.1MB / 55.1MB,14.9MB / 406kB
2026-04-04 17:38:32,pos,a117783aa7c8,sistemas-distribuidos-middleware-1,1.72%,79.49MiB / 7.654GiB,1.01%,387MB / 364MB,201kB / 786kB
2026-04-04 17:38:32,pos,088ebce9e27e,kafka-ui,0.24%,551.9MiB / 7.654GiB,7.04%,5.15MB / 26.5MB,92MB / 3.01MB
2026-04-04 17:38:32,pos,ee37a20584eb,sistemas-distribuidos-kafka-1,8.31%,695.7MiB / 7.654GiB,8.88%,155MB / 186MB,70.2MB / 53.8MB
2026-04-04 17:38:32,pos,b1267530f40d,sistemas-distribuidos-crm_db-1,0.13%,27.23MiB / 7.654GiB,0.35%,16MB / 12.7MB,8.72MB / 157MB
2026-04-04 17:38:32,pos,f1f8000a605f,sistemas-distribuidos-middleware_db-1,0.09%,66.99MiB / 7.654GiB,0.85%,232MB / 369MB,15.4MB / 794MB
2026-04-04 17:38:32,pos,ff53aa714b0f,sistemas-distribuidos-accounts_db-1,0.06%,52.39MiB / 7.654GiB,0.67%,16MB / 12.1MB,5.3MB / 178MB
2026-04-04 17:38:32,pos,489d7ba9a64c,sistemas-distribuidos-delivery_db-1,0.08%,30.02MiB / 7.654GiB,0.38%,22.7MB / 19.4MB,10.1MB / 179MB
2026-04-04 17:38:32,pos,a32314d4dd03,sistemas-distribuidos-payments_db-1,0.06%,31.47MiB / 7.654GiB,0.40%,20.4MB / 17.3MB,12.9MB / 178MB
2026-04-04 17:38:32,pos,f5429bdd2fb0,sistemas-distribuidos-zookeeper-1,0.50%,157.6MiB / 7.654GiB,2.01%,421kB / 418kB,47.8MB / 430kB
2026-04-04 17:38:32,pos,86aa92827ac9,sistemas-distribuidos-otel-1,4.56%,1.01GiB / 7.654GiB,13.19%,232MB / 1.08MB,488MB / 432MB
2026-04-04 17:38:35,pos,510b28b5e515,sistemas-distribuidos-crm-1,2.59%,68.35MiB / 7.654GiB,0.87%,30.7MB / 52.2MB,3.47MB / 401kB
2026-04-04 17:38:35,pos,ff3bf187a9b9,sistemas-distribuidos-delivery-1,2.42%,69.28MiB / 7.654GiB,0.88%,36.1MB / 55.4MB,4.65MB / 401kB
2026-04-04 17:38:35,pos,ecbfb6f4687b,sistemas-distribuidos-payments-1,2.58%,68.34MiB / 7.654GiB,0.87%,34.5MB / 54.7MB,6.24MB / 401kB
2026-04-04 17:38:35,pos,ee13bc4e589c,sistemas-distribuidos-accounts-1,2.36%,70.16MiB / 7.654GiB,0.90%,31.1MB / 55.2MB,14.9MB / 406kB
2026-04-04 17:38:35,pos,a117783aa7c8,sistemas-distribuidos-middleware-1,1.20%,79.48MiB / 7.654GiB,1.01%,387MB / 364MB,201kB / 786kB
2026-04-04 17:38:35,pos,088ebce9e27e,kafka-ui,0.16%,551.9MiB / 7.654GiB,7.04%,5.15MB / 26.5MB,92MB / 3.03MB
2026-04-04 17:38:35,pos,ee37a20584eb,sistemas-distribuidos-kafka-1,9.64%,695.8MiB / 7.654GiB,8.88%,155MB / 186MB,70.2MB / 53.8MB
2026-04-04 17:38:35,pos,b1267530f40d,sistemas-distribuidos-crm_db-1,0.06%,27.23MiB / 7.654GiB,0.35%,16MB / 12.7MB,8.72MB / 157MB
2026-04-04 17:38:35,pos,f1f8000a605f,sistemas-distribuidos-middleware_db-1,0.01%,67MiB / 7.654GiB,0.85%,232MB / 369MB,15.4MB / 794MB
2026-04-04 17:38:35,pos,ff53aa714b0f,sistemas-distribuidos-accounts_db-1,0.06%,52.39MiB / 7.654GiB,0.67%,16MB / 12.1MB,5.3MB / 178MB
2026-04-04 17:38:35,pos,489d7ba9a64c,sistemas-distribuidos-delivery_db-1,0.08%,30.02MiB / 7.654GiB,0.38%,22.7MB / 19.4MB,10.1MB / 179MB
2026-04-04 17:38:35,pos,a32314d4dd03,sistemas-distribuidos-payments_db-1,0.08%,31.47MiB / 7.654GiB,0.40%,20.4MB / 17.3MB,12.9MB / 178MB
2026-04-04 17:38:35,pos,f5429bdd2fb0,sistemas-distribuidos-zookeeper-1,1.05%,157.6MiB / 7.654GiB,2.01%,421kB / 418kB,47.8MB / 430kB
2026-04-04 17:38:35,pos,86aa92827ac9,sistemas-distribuidos-otel-1,3.65%,1.01GiB / 7.654GiB,13.19%,232MB / 1.08MB,488MB / 432MB
2026-04-04 17:38:39,pos,510b28b5e515,sistemas-distribuidos-crm-1,2.19%,68.35MiB / 7.654GiB,0.87%,30.7MB / 52.3MB,3.47MB / 401kB
2026-04-04 17:38:39,pos,ff3bf187a9b9,sistemas-distribuidos-delivery-1,2.16%,69.28MiB / 7.654GiB,0.88%,36.1MB / 55.4MB,4.65MB / 401kB
2026-04-04 17:38:39,pos,ecbfb6f4687b,sistemas-distribuidos-payments-1,2.56%,68.34MiB / 7.654GiB,0.87%,34.5MB / 54.7MB,6.24MB / 401kB
2026-04-04 17:38:39,pos,ee13bc4e589c,sistemas-distribuidos-accounts-1,2.28%,70.16MiB / 7.654GiB,0.90%,31.1MB / 55.2MB,14.9MB / 406kB
2026-04-04 17:38:39,pos,a117783aa7c8,sistemas-distribuidos-middleware-1,1.02%,79.48MiB / 7.654GiB,1.01%,387MB / 364MB,201kB / 786kB
2026-04-04 17:38:39,pos,088ebce9e27e,kafka-ui,0.27%,551.9MiB / 7.654GiB,7.04%,5.15MB / 26.5MB,92MB / 3.03MB
2026-04-04 17:38:39,pos,ee37a20584eb,sistemas-distribuidos-kafka-1,20.72%,695.8MiB / 7.654GiB,8.88%,155MB / 186MB,70.2MB / 53.8MB
2026-04-04 17:38:39,pos,b1267530f40d,sistemas-distribuidos-crm_db-1,0.00%,27.23MiB / 7.654GiB,0.35%,16MB / 12.7MB,8.72MB / 157MB
2026-04-04 17:38:39,pos,f1f8000a605f,sistemas-distribuidos-middleware_db-1,0.56%,66.99MiB / 7.654GiB,0.85%,232MB / 369MB,15.4MB / 794MB
2026-04-04 17:38:39,pos,ff53aa714b0f,sistemas-distribuidos-accounts_db-1,0.00%,52.39MiB / 7.654GiB,0.67%,16MB / 12.1MB,5.3MB / 178MB
2026-04-04 17:38:39,pos,489d7ba9a64c,sistemas-distribuidos-delivery_db-1,0.00%,30.02MiB / 7.654GiB,0.38%,22.7MB / 19.4MB,10.1MB / 179MB
2026-04-04 17:38:39,pos,a32314d4dd03,sistemas-distribuidos-payments_db-1,0.00%,31.47MiB / 7.654GiB,0.40%,20.4MB / 17.3MB,12.9MB / 178MB
2026-04-04 17:38:39,pos,f5429bdd2fb0,sistemas-distribuidos-zookeeper-1,1.99%,157.6MiB / 7.654GiB,2.01%,422kB / 419kB,47.8MB / 430kB
2026-04-04 17:38:39,pos,86aa92827ac9,sistemas-distribuidos-otel-1,17.31%,1.01GiB / 7.654GiB,13.19%,232MB / 1.08MB,488MB / 432MB
2026-04-04 17:38:43,pos,510b28b5e515,sistemas-distribuidos-crm-1,3.41%,68.35MiB / 7.654GiB,0.87%,30.7MB / 52.3MB,3.47MB / 401kB
2026-04-04 17:38:43,pos,ff3bf187a9b9,sistemas-distribuidos-delivery-1,3.32%,69.28MiB / 7.654GiB,0.88%,36.1MB / 55.4MB,4.65MB / 401kB
2026-04-04 17:38:43,pos,ecbfb6f4687b,sistemas-distribuidos-payments-1,3.12%,68.34MiB / 7.654GiB,0.87%,34.5MB / 54.7MB,6.24MB / 401kB
2026-04-04 17:38:43,pos,ee13bc4e589c,sistemas-distribuidos-accounts-1,3.49%,70.16MiB / 7.654GiB,0.90%,31.1MB / 55.2MB,14.9MB / 406kB
2026-04-04 17:38:43,pos,a117783aa7c8,sistemas-distribuidos-middleware-1,2.01%,79.48MiB / 7.654GiB,1.01%,387MB / 364MB,201kB / 786kB
2026-04-04 17:38:43,pos,088ebce9e27e,kafka-ui,0.17%,551.9MiB / 7.654GiB,7.04%,5.16MB / 26.5MB,92MB / 3.03MB
2026-04-04 17:38:43,pos,ee37a20584eb,sistemas-distribuidos-kafka-1,7.79%,696.5MiB / 7.654GiB,8.89%,155MB / 186MB,70.2MB / 53.8MB
2026-04-04 17:38:43,pos,b1267530f40d,sistemas-distribuidos-crm_db-1,0.00%,27.23MiB / 7.654GiB,0.35%,16MB / 12.7MB,8.72MB / 157MB
2026-04-04 17:38:43,pos,f1f8000a605f,sistemas-distribuidos-middleware_db-1,0.00%,66.99MiB / 7.654GiB,0.85%,232MB / 369MB,15.4MB / 794MB
2026-04-04 17:38:43,pos,ff53aa714b0f,sistemas-distribuidos-accounts_db-1,0.00%,52.39MiB / 7.654GiB,0.67%,16MB / 12.1MB,5.3MB / 178MB
2026-04-04 17:38:43,pos,489d7ba9a64c,sistemas-distribuidos-delivery_db-1,0.00%,30.02MiB / 7.654GiB,0.38%,22.7MB / 19.4MB,10.1MB / 179MB
2026-04-04 17:38:43,pos,a32314d4dd03,sistemas-distribuidos-payments_db-1,0.29%,31.47MiB / 7.654GiB,0.40%,20.4MB / 17.3MB,12.9MB / 178MB
2026-04-04 17:38:43,pos,f5429bdd2fb0,sistemas-distribuidos-zookeeper-1,0.28%,157.6MiB / 7.654GiB,2.01%,422kB / 419kB,47.8MB / 430kB
2026-04-04 17:38:43,pos,86aa92827ac9,sistemas-distribuidos-otel-1,3.22%,1.01GiB / 7.654GiB,13.19%,232MB / 1.08MB,488MB / 432MB
2026-04-04 17:38:46,pos,510b28b5e515,sistemas-distribuidos-crm-1,2.77%,68.35MiB / 7.654GiB,0.87%,30.7MB / 52.3MB,3.47MB / 401kB
2026-04-04 17:38:46,pos,ff3bf187a9b9,sistemas-distribuidos-delivery-1,2.92%,69.53MiB / 7.654GiB,0.89%,36.1MB / 55.5MB,4.65MB / 401kB
2026-04-04 17:38:46,pos,ecbfb6f4687b,sistemas-distribuidos-payments-1,2.74%,68.35MiB / 7.654GiB,0.87%,34.5MB / 54.8MB,6.24MB / 401kB
2026-04-04 17:38:46,pos,ee13bc4e589c,sistemas-distribuidos-accounts-1,2.69%,70.16MiB / 7.654GiB,0.90%,31.1MB / 55.2MB,14.9MB / 406kB
2026-04-04 17:38:46,pos,a117783aa7c8,sistemas-distribuidos-middleware-1,1.25%,79.48MiB / 7.654GiB,1.01%,387MB / 364MB,201kB / 786kB
2026-04-04 17:38:46,pos,088ebce9e27e,kafka-ui,0.17%,551.9MiB / 7.654GiB,7.04%,5.16MB / 26.5MB,92MB / 3.03MB
2026-04-04 17:38:46,pos,ee37a20584eb,sistemas-distribuidos-kafka-1,8.81%,695.8MiB / 7.654GiB,8.88%,155MB / 186MB,70.2MB / 53.8MB
2026-04-04 17:38:46,pos,b1267530f40d,sistemas-distribuidos-crm_db-1,0.07%,27.23MiB / 7.654GiB,0.35%,16MB / 12.7MB,8.72MB / 157MB
2026-04-04 17:38:46,pos,f1f8000a605f,sistemas-distribuidos-middleware_db-1,0.00%,66.99MiB / 7.654GiB,0.85%,232MB / 369MB,15.4MB / 794MB
2026-04-04 17:38:46,pos,ff53aa714b0f,sistemas-distribuidos-accounts_db-1,0.11%,52.39MiB / 7.654GiB,0.67%,16MB / 12.1MB,5.3MB / 178MB
2026-04-04 17:38:46,pos,489d7ba9a64c,sistemas-distribuidos-delivery_db-1,0.13%,30.02MiB / 7.654GiB,0.38%,22.7MB / 19.4MB,10.1MB / 179MB
2026-04-04 17:38:46,pos,a32314d4dd03,sistemas-distribuidos-payments_db-1,0.00%,31.47MiB / 7.654GiB,0.40%,20.4MB / 17.3MB,12.9MB / 178MB
2026-04-04 17:38:46,pos,f5429bdd2fb0,sistemas-distribuidos-zookeeper-1,0.30%,157.6MiB / 7.654GiB,2.01%,422kB / 419kB,47.8MB / 430kB
2026-04-04 17:38:46,pos,86aa92827ac9,sistemas-distribuidos-otel-1,7.98%,1.01GiB / 7.654GiB,13.20%,232MB / 1.08MB,488MB / 432MB
2026-04-04 17:38:50,pos,510b28b5e515,sistemas-distribuidos-crm-1,2.85%,68.35MiB / 7.654GiB,0.87%,30.7MB / 52.3MB,3.47MB / 401kB
2026-04-04 17:38:50,pos,ff3bf187a9b9,sistemas-distribuidos-delivery-1,3.04%,69.29MiB / 7.654GiB,0.88%,36.1MB / 55.5MB,4.65MB / 401kB
2026-04-04 17:38:50,pos,ecbfb6f4687b,sistemas-distribuidos-payments-1,2.47%,68.34MiB / 7.654GiB,0.87%,34.6MB / 54.8MB,6.24MB / 401kB
2026-04-04 17:38:50,pos,ee13bc4e589c,sistemas-distribuidos-accounts-1,2.84%,70.16MiB / 7.654GiB,0.90%,31.1MB / 55.2MB,14.9MB / 406kB
2026-04-04 17:38:50,pos,a117783aa7c8,sistemas-distribuidos-middleware-1,1.17%,79.73MiB / 7.654GiB,1.02%,387MB / 364MB,201kB / 786kB
2026-04-04 17:38:50,pos,088ebce9e27e,kafka-ui,0.39%,551.9MiB / 7.654GiB,7.04%,5.16MB / 26.5MB,92MB / 3.03MB
2026-04-04 17:38:50,pos,ee37a20584eb,sistemas-distribuidos-kafka-1,7.80%,695.7MiB / 7.654GiB,8.88%,155MB / 186MB,70.2MB / 53.9MB
2026-04-04 17:38:50,pos,b1267530f40d,sistemas-distribuidos-crm_db-1,0.00%,27.23MiB / 7.654GiB,0.35%,16MB / 12.7MB,8.72MB / 157MB
2026-04-04 17:38:50,pos,f1f8000a605f,sistemas-distribuidos-middleware_db-1,0.04%,66.99MiB / 7.654GiB,0.85%,232MB / 369MB,15.4MB / 794MB
2026-04-04 17:38:50,pos,ff53aa714b0f,sistemas-distribuidos-accounts_db-1,0.00%,52.39MiB / 7.654GiB,0.67%,16MB / 12.1MB,5.3MB / 178MB
2026-04-04 17:38:50,pos,489d7ba9a64c,sistemas-distribuidos-delivery_db-1,0.00%,30.02MiB / 7.654GiB,0.38%,22.7MB / 19.4MB,10.1MB / 179MB
2026-04-04 17:38:50,pos,a32314d4dd03,sistemas-distribuidos-payments_db-1,0.00%,31.47MiB / 7.654GiB,0.40%,20.4MB / 17.3MB,12.9MB / 178MB
2026-04-04 17:38:50,pos,f5429bdd2fb0,sistemas-distribuidos-zookeeper-1,0.27%,157.6MiB / 7.654GiB,2.01%,422kB / 419kB,47.8MB / 430kB
2026-04-04 17:38:50,pos,86aa92827ac9,sistemas-distribuidos-otel-1,2.78%,1.01GiB / 7.654GiB,13.19%,232MB / 1.08MB,488MB / 432MB
2026-04-04 17:38:53,pos,510b28b5e515,sistemas-distribuidos-crm-1,2.23%,68.35MiB / 7.654GiB,0.87%,30.8MB / 52.3MB,3.47MB / 401kB
2026-04-04 17:38:53,pos,ff3bf187a9b9,sistemas-distribuidos-delivery-1,2.50%,69.29MiB / 7.654GiB,0.88%,36.1MB / 55.5MB,4.65MB / 401kB
2026-04-04 17:38:53,pos,ecbfb6f4687b,sistemas-distribuidos-payments-1,2.23%,68.34MiB / 7.654GiB,0.87%,34.6MB / 54.8MB,6.24MB / 401kB
2026-04-04 17:38:53,pos,ee13bc4e589c,sistemas-distribuidos-accounts-1,2.49%,70.41MiB / 7.654GiB,0.90%,31.2MB / 55.2MB,14.9MB / 406kB
2026-04-04 17:38:53,pos,a117783aa7c8,sistemas-distribuidos-middleware-1,0.99%,79.48MiB / 7.654GiB,1.01%,387MB / 364MB,201kB / 786kB
2026-04-04 17:38:53,pos,088ebce9e27e,kafka-ui,0.13%,551.9MiB / 7.654GiB,7.04%,5.16MB / 26.5MB,92MB / 3.03MB
2026-04-04 17:38:53,pos,ee37a20584eb,sistemas-distribuidos-kafka-1,7.51%,695.7MiB / 7.654GiB,8.88%,155MB / 186MB,70.2MB / 53.9MB
2026-04-04 17:38:53,pos,b1267530f40d,sistemas-distribuidos-crm_db-1,0.00%,27.23MiB / 7.654GiB,0.35%,16MB / 12.7MB,8.72MB / 157MB
2026-04-04 17:38:53,pos,f1f8000a605f,sistemas-distribuidos-middleware_db-1,0.00%,66.99MiB / 7.654GiB,0.85%,232MB / 369MB,15.4MB / 794MB
2026-04-04 17:38:53,pos,ff53aa714b0f,sistemas-distribuidos-accounts_db-1,0.00%,52.39MiB / 7.654GiB,0.67%,16MB / 12.1MB,5.3MB / 178MB
2026-04-04 17:38:53,pos,489d7ba9a64c,sistemas-distribuidos-delivery_db-1,0.00%,30.02MiB / 7.654GiB,0.38%,22.7MB / 19.4MB,10.1MB / 179MB
2026-04-04 17:38:53,pos,a32314d4dd03,sistemas-distribuidos-payments_db-1,0.00%,31.47MiB / 7.654GiB,0.40%,20.4MB / 17.3MB,12.9MB / 178MB
2026-04-04 17:38:53,pos,f5429bdd2fb0,sistemas-distribuidos-zookeeper-1,0.38%,157.6MiB / 7.654GiB,2.01%,422kB / 420kB,47.8MB / 430kB
2026-04-04 17:38:53,pos,86aa92827ac9,sistemas-distribuidos-otel-1,5.53%,1.01GiB / 7.654GiB,13.19%,232MB / 1.08MB,488MB / 432MB
2026-04-04 17:38:58,pos,510b28b5e515,sistemas-distribuidos-crm-1,2.16%,68.35MiB / 7.654GiB,0.87%,30.8MB / 52.3MB,3.47MB / 401kB
2026-04-04 17:38:58,pos,ff3bf187a9b9,sistemas-distribuidos-delivery-1,2.57%,69.28MiB / 7.654GiB,0.88%,36.2MB / 55.5MB,4.65MB / 401kB
2026-04-04 17:38:58,pos,ecbfb6f4687b,sistemas-distribuidos-payments-1,1.85%,68.34MiB / 7.654GiB,0.87%,34.6MB / 54.8MB,6.24MB / 401kB
2026-04-04 17:38:58,pos,ee13bc4e589c,sistemas-distribuidos-accounts-1,3.42%,70.4MiB / 7.654GiB,0.90%,31.2MB / 55.2MB,14.9MB / 406kB
2026-04-04 17:38:58,pos,a117783aa7c8,sistemas-distribuidos-middleware-1,0.99%,79.48MiB / 7.654GiB,1.01%,387MB / 364MB,201kB / 786kB
2026-04-04 17:38:58,pos,088ebce9e27e,kafka-ui,0.33%,551.9MiB / 7.654GiB,7.04%,5.16MB / 26.5MB,92MB / 3.03MB
2026-04-04 17:38:58,pos,ee37a20584eb,sistemas-distribuidos-kafka-1,6.18%,695.7MiB / 7.654GiB,8.88%,155MB / 187MB,70.2MB / 53.9MB
2026-04-04 17:38:58,pos,b1267530f40d,sistemas-distribuidos-crm_db-1,0.05%,27.23MiB / 7.654GiB,0.35%,16MB / 12.7MB,8.72MB / 157MB
2026-04-04 17:38:58,pos,f1f8000a605f,sistemas-distribuidos-middleware_db-1,0.00%,66.99MiB / 7.654GiB,0.85%,232MB / 369MB,15.4MB / 794MB
2026-04-04 17:38:58,pos,ff53aa714b0f,sistemas-distribuidos-accounts_db-1,0.00%,52.39MiB / 7.654GiB,0.67%,16MB / 12.1MB,5.3MB / 178MB
2026-04-04 17:38:58,pos,489d7ba9a64c,sistemas-distribuidos-delivery_db-1,2.35%,30.03MiB / 7.654GiB,0.38%,22.7MB / 19.4MB,10.1MB / 179MB
2026-04-04 17:38:58,pos,a32314d4dd03,sistemas-distribuidos-payments_db-1,0.10%,31.47MiB / 7.654GiB,0.40%,20.4MB / 17.3MB,12.9MB / 178MB
2026-04-04 17:38:58,pos,f5429bdd2fb0,sistemas-distribuidos-zookeeper-1,0.37%,157.6MiB / 7.654GiB,2.01%,422kB / 420kB,47.8MB / 430kB
2026-04-04 17:38:58,pos,86aa92827ac9,sistemas-distribuidos-otel-1,5.23%,1.01GiB / 7.654GiB,13.19%,232MB / 1.08MB,488MB / 432MB
2026-04-04 17:39:01,pos,510b28b5e515,sistemas-distribuidos-crm-1,2.79%,68.35MiB / 7.654GiB,0.87%,30.8MB / 52.3MB,3.47MB / 401kB
2026-04-04 17:39:01,pos,ff3bf187a9b9,sistemas-distribuidos-delivery-1,2.33%,69.29MiB / 7.654GiB,0.88%,36.2MB / 55.5MB,4.65MB / 401kB
2026-04-04 17:39:01,pos,ecbfb6f4687b,sistemas-distribuidos-payments-1,2.42%,68.34MiB / 7.654GiB,0.87%,34.6MB / 54.8MB,6.24MB / 401kB
2026-04-04 17:39:01,pos,ee13bc4e589c,sistemas-distribuidos-accounts-1,3.46%,70.16MiB / 7.654GiB,0.90%,31.2MB / 55.2MB,14.9MB / 406kB
2026-04-04 17:39:01,pos,a117783aa7c8,sistemas-distribuidos-middleware-1,0.99%,79.48MiB / 7.654GiB,1.01%,387MB / 364MB,201kB / 786kB
2026-04-04 17:39:01,pos,088ebce9e27e,kafka-ui,0.13%,551.9MiB / 7.654GiB,7.04%,5.16MB / 26.5MB,92MB / 3.03MB
2026-04-04 17:39:01,pos,ee37a20584eb,sistemas-distribuidos-kafka-1,7.79%,695.7MiB / 7.654GiB,8.88%,155MB / 187MB,70.2MB / 53.9MB
2026-04-04 17:39:01,pos,b1267530f40d,sistemas-distribuidos-crm_db-1,0.00%,27.23MiB / 7.654GiB,0.35%,16MB / 12.7MB,8.72MB / 157MB
2026-04-04 17:39:01,pos,f1f8000a605f,sistemas-distribuidos-middleware_db-1,0.00%,66.99MiB / 7.654GiB,0.85%,232MB / 369MB,15.4MB / 794MB
2026-04-04 17:39:01,pos,ff53aa714b0f,sistemas-distribuidos-accounts_db-1,0.83%,52.39MiB / 7.654GiB,0.67%,16MB / 12.1MB,5.3MB / 178MB
2026-04-04 17:39:01,pos,489d7ba9a64c,sistemas-distribuidos-delivery_db-1,0.04%,30.02MiB / 7.654GiB,0.38%,22.7MB / 19.4MB,10.1MB / 179MB
2026-04-04 17:39:01,pos,a32314d4dd03,sistemas-distribuidos-payments_db-1,0.00%,31.47MiB / 7.654GiB,0.40%,20.4MB / 17.3MB,12.9MB / 178MB
2026-04-04 17:39:01,pos,f5429bdd2fb0,sistemas-distribuidos-zookeeper-1,0.31%,157.6MiB / 7.654GiB,2.01%,422kB / 420kB,47.8MB / 430kB
2026-04-04 17:39:01,pos,86aa92827ac9,sistemas-distribuidos-otel-1,5.08%,1.01GiB / 7.654GiB,13.19%,232MB / 1.08MB,488MB / 432MB
2026-04-04 17:39:05,pos,510b28b5e515,sistemas-distribuidos-crm-1,3.52%,68.35MiB / 7.654GiB,0.87%,30.8MB / 52.3MB,3.47MB / 401kB
2026-04-04 17:39:05,pos,ff3bf187a9b9,sistemas-distribuidos-delivery-1,2.49%,69.28MiB / 7.654GiB,0.88%,36.2MB / 55.5MB,4.65MB / 401kB
2026-04-04 17:39:05,pos,ecbfb6f4687b,sistemas-distribuidos-payments-1,2.60%,68.34MiB / 7.654GiB,0.87%,34.6MB / 54.8MB,6.24MB / 401kB
2026-04-04 17:39:05,pos,ee13bc4e589c,sistemas-distribuidos-accounts-1,3.42%,70.16MiB / 7.654GiB,0.90%,31.2MB / 55.3MB,14.9MB / 406kB
2026-04-04 17:39:05,pos,a117783aa7c8,sistemas-distribuidos-middleware-1,1.08%,79.48MiB / 7.654GiB,1.01%,387MB / 364MB,201kB / 786kB
2026-04-04 17:39:05,pos,088ebce9e27e,kafka-ui,0.25%,551.9MiB / 7.654GiB,7.04%,5.16MB / 26.5MB,92MB / 3.04MB
2026-04-04 17:39:05,pos,ee37a20584eb,sistemas-distribuidos-kafka-1,8.22%,695.7MiB / 7.654GiB,8.88%,155MB / 187MB,70.2MB / 53.9MB
2026-04-04 17:39:05,pos,b1267530f40d,sistemas-distribuidos-crm_db-1,0.00%,27.23MiB / 7.654GiB,0.35%,16MB / 12.7MB,8.72MB / 157MB
2026-04-04 17:39:05,pos,f1f8000a605f,sistemas-distribuidos-middleware_db-1,1.35%,67MiB / 7.654GiB,0.85%,232MB / 369MB,15.4MB / 794MB
2026-04-04 17:39:05,pos,ff53aa714b0f,sistemas-distribuidos-accounts_db-1,0.00%,52.39MiB / 7.654GiB,0.67%,16MB / 12.1MB,5.3MB / 178MB
2026-04-04 17:39:05,pos,489d7ba9a64c,sistemas-distribuidos-delivery_db-1,0.00%,30.02MiB / 7.654GiB,0.38%,22.7MB / 19.4MB,10.1MB / 179MB
2026-04-04 17:39:05,pos,a32314d4dd03,sistemas-distribuidos-payments_db-1,0.00%,31.47MiB / 7.654GiB,0.40%,20.4MB / 17.3MB,12.9MB / 178MB
2026-04-04 17:39:05,pos,f5429bdd2fb0,sistemas-distribuidos-zookeeper-1,0.27%,157.6MiB / 7.654GiB,2.01%,422kB / 420kB,47.8MB / 430kB
2026-04-04 17:39:05,pos,86aa92827ac9,sistemas-distribuidos-otel-1,2.71%,1.01GiB / 7.654GiB,13.20%,232MB / 1.08MB,488MB / 432MB
2026-04-04 17:39:08,pos,510b28b5e515,sistemas-distribuidos-crm-1,5.75%,68.35MiB / 7.654GiB,0.87%,30.8MB / 52.4MB,3.47MB / 401kB
2026-04-04 17:39:08,pos,ff3bf187a9b9,sistemas-distribuidos-delivery-1,4.67%,69.53MiB / 7.654GiB,0.89%,36.2MB / 55.5MB,4.65MB / 401kB
2026-04-04 17:39:08,pos,ecbfb6f4687b,sistemas-distribuidos-payments-1,6.09%,68.34MiB / 7.654GiB,0.87%,34.6MB / 54.8MB,6.24MB / 401kB
2026-04-04 17:39:08,pos,ee13bc4e589c,sistemas-distribuidos-accounts-1,5.60%,70.16MiB / 7.654GiB,0.90%,31.2MB / 55.3MB,14.9MB / 406kB
2026-04-04 17:39:08,pos,a117783aa7c8,sistemas-distribuidos-middleware-1,1.36%,79.48MiB / 7.654GiB,1.01%,387MB / 364MB,201kB / 786kB
2026-04-04 17:39:08,pos,088ebce9e27e,kafka-ui,0.18%,551.9MiB / 7.654GiB,7.04%,5.16MB / 26.5MB,92MB / 3.04MB
2026-04-04 17:39:08,pos,ee37a20584eb,sistemas-distribuidos-kafka-1,14.36%,695.7MiB / 7.654GiB,8.88%,155MB / 187MB,70.2MB / 53.9MB
2026-04-04 17:39:08,pos,b1267530f40d,sistemas-distribuidos-crm_db-1,0.00%,27.23MiB / 7.654GiB,0.35%,16MB / 12.7MB,8.72MB / 157MB
2026-04-04 17:39:08,pos,f1f8000a605f,sistemas-distribuidos-middleware_db-1,0.10%,67MiB / 7.654GiB,0.85%,232MB / 369MB,15.4MB / 794MB
2026-04-04 17:39:08,pos,ff53aa714b0f,sistemas-distribuidos-accounts_db-1,0.00%,52.39MiB / 7.654GiB,0.67%,16MB / 12.1MB,5.3MB / 178MB
2026-04-04 17:39:08,pos,489d7ba9a64c,sistemas-distribuidos-delivery_db-1,0.00%,30.02MiB / 7.654GiB,0.38%,22.7MB / 19.4MB,10.1MB / 179MB
2026-04-04 17:39:08,pos,a32314d4dd03,sistemas-distribuidos-payments_db-1,0.04%,31.47MiB / 7.654GiB,0.40%,20.4MB / 17.3MB,12.9MB / 178MB
2026-04-04 17:39:08,pos,f5429bdd2fb0,sistemas-distribuidos-zookeeper-1,0.30%,157.6MiB / 7.654GiB,2.01%,422kB / 420kB,47.8MB / 430kB
2026-04-04 17:39:08,pos,86aa92827ac9,sistemas-distribuidos-otel-1,26.80%,1.01GiB / 7.654GiB,13.19%,232MB / 1.08MB,488MB / 432MB
2026-04-04 17:39:12,pos,510b28b5e515,sistemas-distribuidos-crm-1,3.93%,68.35MiB / 7.654GiB,0.87%,30.8MB / 52.4MB,3.47MB / 401kB
2026-04-04 17:39:12,pos,ff3bf187a9b9,sistemas-distribuidos-delivery-1,3.25%,69.28MiB / 7.654GiB,0.88%,36.2MB / 55.5MB,4.65MB / 401kB
2026-04-04 17:39:12,pos,ecbfb6f4687b,sistemas-distribuidos-payments-1,3.78%,68.34MiB / 7.654GiB,0.87%,34.6MB / 54.8MB,6.24MB / 401kB
2026-04-04 17:39:12,pos,ee13bc4e589c,sistemas-distribuidos-accounts-1,3.69%,70.16MiB / 7.654GiB,0.90%,31.2MB / 55.3MB,14.9MB / 406kB
2026-04-04 17:39:12,pos,a117783aa7c8,sistemas-distribuidos-middleware-1,1.65%,79.48MiB / 7.654GiB,1.01%,387MB / 364MB,201kB / 786kB
2026-04-04 17:39:12,pos,088ebce9e27e,kafka-ui,0.20%,551.9MiB / 7.654GiB,7.04%,5.18MB / 26.5MB,92MB / 3.04MB
2026-04-04 17:39:12,pos,ee37a20584eb,sistemas-distribuidos-kafka-1,7.39%,695.7MiB / 7.654GiB,8.88%,155MB / 187MB,70.2MB / 53.9MB
2026-04-04 17:39:12,pos,b1267530f40d,sistemas-distribuidos-crm_db-1,0.11%,27.23MiB / 7.654GiB,0.35%,16MB / 12.7MB,8.72MB / 157MB
2026-04-04 17:39:12,pos,f1f8000a605f,sistemas-distribuidos-middleware_db-1,0.08%,67MiB / 7.654GiB,0.85%,232MB / 369MB,15.4MB / 794MB
2026-04-04 17:39:12,pos,ff53aa714b0f,sistemas-distribuidos-accounts_db-1,0.00%,52.39MiB / 7.654GiB,0.67%,16MB / 12.1MB,5.3MB / 178MB
2026-04-04 17:39:12,pos,489d7ba9a64c,sistemas-distribuidos-delivery_db-1,0.00%,30.02MiB / 7.654GiB,0.38%,22.7MB / 19.4MB,10.1MB / 179MB
2026-04-04 17:39:12,pos,a32314d4dd03,sistemas-distribuidos-payments_db-1,0.00%,31.47MiB / 7.654GiB,0.40%,20.4MB / 17.3MB,12.9MB / 178MB
2026-04-04 17:39:12,pos,f5429bdd2fb0,sistemas-distribuidos-zookeeper-1,1.47%,157.6MiB / 7.654GiB,2.01%,423kB / 421kB,47.8MB / 430kB
2026-04-04 17:39:12,pos,86aa92827ac9,sistemas-distribuidos-otel-1,5.45%,1.01GiB / 7.654GiB,13.20%,232MB / 1.08MB,488MB / 432MB
2026-04-04 17:39:15,pos,510b28b5e515,sistemas-distribuidos-crm-1,2.74%,68.35MiB / 7.654GiB,0.87%,30.8MB / 52.4MB,3.47MB / 401kB
2026-04-04 17:39:15,pos,ff3bf187a9b9,sistemas-distribuidos-delivery-1,17.40%,69.28MiB / 7.654GiB,0.88%,36.2MB / 55.6MB,4.65MB / 401kB
2026-04-04 17:39:15,pos,ecbfb6f4687b,sistemas-distribuidos-payments-1,14.79%,68.34MiB / 7.654GiB,0.87%,34.7MB / 54.9MB,6.24MB / 401kB
2026-04-04 17:39:15,pos,ee13bc4e589c,sistemas-distribuidos-accounts-1,21.77%,70.16MiB / 7.654GiB,0.90%,31.2MB / 55.3MB,14.9MB / 406kB
2026-04-04 17:39:15,pos,a117783aa7c8,sistemas-distribuidos-middleware-1,13.57%,79.48MiB / 7.654GiB,1.01%,387MB / 364MB,201kB / 786kB
2026-04-04 17:39:15,pos,088ebce9e27e,kafka-ui,5.83%,551.9MiB / 7.654GiB,7.04%,5.18MB / 26.5MB,92MB / 3.04MB
2026-04-04 17:39:15,pos,ee37a20584eb,sistemas-distribuidos-kafka-1,67.22%,695.8MiB / 7.654GiB,8.88%,155MB / 187MB,70.2MB / 53.9MB
2026-04-04 17:39:15,pos,b1267530f40d,sistemas-distribuidos-crm_db-1,0.00%,27.23MiB / 7.654GiB,0.35%,16MB / 12.7MB,8.72MB / 157MB
2026-04-04 17:39:15,pos,f1f8000a605f,sistemas-distribuidos-middleware_db-1,0.11%,67MiB / 7.654GiB,0.85%,232MB / 369MB,15.4MB / 794MB
2026-04-04 17:39:15,pos,ff53aa714b0f,sistemas-distribuidos-accounts_db-1,2.42%,52.39MiB / 7.654GiB,0.67%,16MB / 12.1MB,5.3MB / 178MB
2026-04-04 17:39:15,pos,489d7ba9a64c,sistemas-distribuidos-delivery_db-1,0.06%,30.02MiB / 7.654GiB,0.38%,22.7MB / 19.4MB,10.1MB / 179MB
2026-04-04 17:39:15,pos,a32314d4dd03,sistemas-distribuidos-payments_db-1,0.00%,31.47MiB / 7.654GiB,0.40%,20.4MB / 17.3MB,12.9MB / 178MB
2026-04-04 17:39:15,pos,f5429bdd2fb0,sistemas-distribuidos-zookeeper-1,5.48%,157.6MiB / 7.654GiB,2.01%,423kB / 421kB,47.8MB / 430kB
2026-04-04 17:39:15,pos,86aa92827ac9,sistemas-distribuidos-otel-1,85.05%,1.01GiB / 7.654GiB,13.20%,232MB / 1.08MB,488MB / 432MB
2026-04-04 17:39:20,pos,510b28b5e515,sistemas-distribuidos-crm-1,2.25%,68.35MiB / 7.654GiB,0.87%,30.9MB / 52.4MB,3.47MB / 401kB
2026-04-04 17:39:20,pos,ff3bf187a9b9,sistemas-distribuidos-delivery-1,2.87%,69.28MiB / 7.654GiB,0.88%,36.3MB / 55.6MB,4.65MB / 401kB
2026-04-04 17:39:20,pos,ecbfb6f4687b,sistemas-distribuidos-payments-1,2.99%,68.34MiB / 7.654GiB,0.87%,34.7MB / 54.9MB,6.24MB / 401kB
2026-04-04 17:39:20,pos,ee13bc4e589c,sistemas-distribuidos-accounts-1,2.30%,70.16MiB / 7.654GiB,0.90%,31.3MB / 55.3MB,14.9MB / 406kB
2026-04-04 17:39:20,pos,a117783aa7c8,sistemas-distribuidos-middleware-1,0.87%,79.48MiB / 7.654GiB,1.01%,387MB / 364MB,201kB / 786kB
2026-04-04 17:39:20,pos,088ebce9e27e,kafka-ui,0.15%,551.9MiB / 7.654GiB,7.04%,5.18MB / 26.5MB,92MB / 3.04MB
2026-04-04 17:39:20,pos,ee37a20584eb,sistemas-distribuidos-kafka-1,8.63%,695.8MiB / 7.654GiB,8.88%,155MB / 187MB,70.2MB / 53.9MB
2026-04-04 17:39:20,pos,b1267530f40d,sistemas-distribuidos-crm_db-1,0.00%,27.23MiB / 7.654GiB,0.35%,16MB / 12.7MB,8.72MB / 157MB
2026-04-04 17:39:20,pos,f1f8000a605f,sistemas-distribuidos-middleware_db-1,0.00%,66.99MiB / 7.654GiB,0.85%,232MB / 369MB,15.4MB / 794MB
2026-04-04 17:39:20,pos,ff53aa714b0f,sistemas-distribuidos-accounts_db-1,0.00%,52.39MiB / 7.654GiB,0.67%,16MB / 12.1MB,5.3MB / 178MB
2026-04-04 17:39:20,pos,489d7ba9a64c,sistemas-distribuidos-delivery_db-1,0.00%,30.02MiB / 7.654GiB,0.38%,22.7MB / 19.4MB,10.1MB / 179MB
2026-04-04 17:39:20,pos,a32314d4dd03,sistemas-distribuidos-payments_db-1,0.00%,31.47MiB / 7.654GiB,0.40%,20.4MB / 17.3MB,12.9MB / 178MB
2026-04-04 17:39:20,pos,f5429bdd2fb0,sistemas-distribuidos-zookeeper-1,0.22%,157.6MiB / 7.654GiB,2.01%,423kB / 421kB,47.8MB / 430kB
2026-04-04 17:39:20,pos,86aa92827ac9,sistemas-distribuidos-otel-1,2.61%,1.01GiB / 7.654GiB,13.20%,232MB / 1.08MB,488MB / 432MB
2026-04-04 17:39:23,pos,510b28b5e515,sistemas-distribuidos-crm-1,2.44%,68.35MiB / 7.654GiB,0.87%,30.9MB / 52.4MB,3.47MB / 401kB
2026-04-04 17:39:23,pos,ff3bf187a9b9,sistemas-distribuidos-delivery-1,3.56%,69.28MiB / 7.654GiB,0.88%,36.3MB / 55.6MB,4.65MB / 401kB
2026-04-04 17:39:23,pos,ecbfb6f4687b,sistemas-distribuidos-payments-1,3.59%,68.34MiB / 7.654GiB,0.87%,34.7MB / 54.9MB,6.24MB / 401kB
2026-04-04 17:39:23,pos,ee13bc4e589c,sistemas-distribuidos-accounts-1,3.21%,70.4MiB / 7.654GiB,0.90%,31.3MB / 55.3MB,14.9MB / 406kB
2026-04-04 17:39:23,pos,a117783aa7c8,sistemas-distribuidos-middleware-1,1.02%,79.48MiB / 7.654GiB,1.01%,387MB / 364MB,201kB / 786kB
2026-04-04 17:39:23,pos,088ebce9e27e,kafka-ui,0.13%,551.9MiB / 7.654GiB,7.04%,5.18MB / 26.5MB,92MB / 3.04MB
2026-04-04 17:39:23,pos,ee37a20584eb,sistemas-distribuidos-kafka-1,7.79%,695.8MiB / 7.654GiB,8.88%,156MB / 187MB,70.2MB / 54MB
2026-04-04 17:39:23,pos,b1267530f40d,sistemas-distribuidos-crm_db-1,0.00%,27.23MiB / 7.654GiB,0.35%,16MB / 12.7MB,8.72MB / 157MB
2026-04-04 17:39:23,pos,f1f8000a605f,sistemas-distribuidos-middleware_db-1,0.00%,66.99MiB / 7.654GiB,0.85%,232MB / 369MB,15.4MB / 794MB
2026-04-04 17:39:23,pos,ff53aa714b0f,sistemas-distribuidos-accounts_db-1,0.00%,52.39MiB / 7.654GiB,0.67%,16MB / 12.1MB,5.3MB / 178MB
2026-04-04 17:39:23,pos,489d7ba9a64c,sistemas-distribuidos-delivery_db-1,0.00%,30.02MiB / 7.654GiB,0.38%,22.7MB / 19.4MB,10.1MB / 179MB
2026-04-04 17:39:23,pos,a32314d4dd03,sistemas-distribuidos-payments_db-1,0.00%,31.47MiB / 7.654GiB,0.40%,20.4MB / 17.3MB,12.9MB / 178MB
2026-04-04 17:39:23,pos,f5429bdd2fb0,sistemas-distribuidos-zookeeper-1,0.31%,157.6MiB / 7.654GiB,2.01%,423kB / 421kB,47.8MB / 430kB
2026-04-04 17:39:23,pos,86aa92827ac9,sistemas-distribuidos-otel-1,7.85%,1.01GiB / 7.654GiB,13.20%,232MB / 1.08MB,488MB / 432MB
2026-04-04 17:39:27,pos,510b28b5e515,sistemas-distribuidos-crm-1,2.13%,68.35MiB / 7.654GiB,0.87%,30.9MB / 52.4MB,3.47MB / 401kB
2026-04-04 17:39:27,pos,ff3bf187a9b9,sistemas-distribuidos-delivery-1,2.50%,69.28MiB / 7.654GiB,0.88%,36.3MB / 55.6MB,4.65MB / 401kB
2026-04-04 17:39:27,pos,ecbfb6f4687b,sistemas-distribuidos-payments-1,2.76%,68.34MiB / 7.654GiB,0.87%,34.7MB / 54.9MB,6.24MB / 401kB
2026-04-04 17:39:27,pos,ee13bc4e589c,sistemas-distribuidos-accounts-1,3.15%,70.16MiB / 7.654GiB,0.90%,31.3MB / 55.3MB,14.9MB / 406kB
2026-04-04 17:39:27,pos,a117783aa7c8,sistemas-distribuidos-middleware-1,0.81%,79.48MiB / 7.654GiB,1.01%,387MB / 364MB,201kB / 786kB
2026-04-04 17:39:27,pos,088ebce9e27e,kafka-ui,0.22%,551.9MiB / 7.654GiB,7.04%,5.18MB / 26.5MB,92MB / 3.04MB
2026-04-04 17:39:27,pos,ee37a20584eb,sistemas-distribuidos-kafka-1,5.73%,695.8MiB / 7.654GiB,8.88%,156MB / 187MB,70.2MB / 54MB
2026-04-04 17:39:27,pos,b1267530f40d,sistemas-distribuidos-crm_db-1,8.14%,27.48MiB / 7.654GiB,0.35%,16MB / 12.7MB,8.72MB / 157MB
2026-04-04 17:39:27,pos,f1f8000a605f,sistemas-distribuidos-middleware_db-1,0.00%,66.99MiB / 7.654GiB,0.85%,232MB / 369MB,15.4MB / 794MB
2026-04-04 17:39:27,pos,ff53aa714b0f,sistemas-distribuidos-accounts_db-1,0.01%,52.39MiB / 7.654GiB,0.67%,16MB / 12.1MB,5.3MB / 178MB
2026-04-04 17:39:27,pos,489d7ba9a64c,sistemas-distribuidos-delivery_db-1,0.04%,30.02MiB / 7.654GiB,0.38%,22.7MB / 19.4MB,10.1MB / 179MB
2026-04-04 17:39:27,pos,a32314d4dd03,sistemas-distribuidos-payments_db-1,0.05%,31.46MiB / 7.654GiB,0.40%,20.4MB / 17.3MB,12.9MB / 178MB
2026-04-04 17:39:27,pos,f5429bdd2fb0,sistemas-distribuidos-zookeeper-1,8.20%,157.6MiB / 7.654GiB,2.01%,423kB / 421kB,47.8MB / 430kB
2026-04-04 17:39:27,pos,86aa92827ac9,sistemas-distribuidos-otel-1,6.58%,1.01GiB / 7.654GiB,13.20%,232MB / 1.08MB,488MB / 432MB
2026-04-04 17:39:31,pos,510b28b5e515,sistemas-distribuidos-crm-1,2.53%,68.36MiB / 7.654GiB,0.87%,30.9MB / 52.4MB,3.47MB / 401kB
2026-04-04 17:39:31,pos,ff3bf187a9b9,sistemas-distribuidos-delivery-1,1.98%,69.28MiB / 7.654GiB,0.88%,36.3MB / 55.6MB,4.65MB / 401kB
2026-04-04 17:39:31,pos,ecbfb6f4687b,sistemas-distribuidos-payments-1,2.02%,68.34MiB / 7.654GiB,0.87%,34.7MB / 54.9MB,6.24MB / 401kB
2026-04-04 17:39:31,pos,ee13bc4e589c,sistemas-distribuidos-accounts-1,1.71%,70.16MiB / 7.654GiB,0.90%,31.3MB / 55.3MB,14.9MB / 406kB
2026-04-04 17:39:31,pos,a117783aa7c8,sistemas-distribuidos-middleware-1,1.02%,79.48MiB / 7.654GiB,1.01%,387MB / 364MB,201kB / 786kB
2026-04-04 17:39:31,pos,088ebce9e27e,kafka-ui,0.13%,551.9MiB / 7.654GiB,7.04%,5.18MB / 26.5MB,92MB / 3.04MB
2026-04-04 17:39:31,pos,ee37a20584eb,sistemas-distribuidos-kafka-1,4.81%,695.8MiB / 7.654GiB,8.88%,156MB / 187MB,70.2MB / 54MB
2026-04-04 17:39:31,pos,b1267530f40d,sistemas-distribuidos-crm_db-1,0.08%,27.23MiB / 7.654GiB,0.35%,16MB / 12.7MB,8.72MB / 157MB
2026-04-04 17:39:31,pos,f1f8000a605f,sistemas-distribuidos-middleware_db-1,0.04%,66.99MiB / 7.654GiB,0.85%,232MB / 369MB,15.4MB / 794MB
2026-04-04 17:39:31,pos,ff53aa714b0f,sistemas-distribuidos-accounts_db-1,0.04%,52.39MiB / 7.654GiB,0.67%,16MB / 12.1MB,5.3MB / 178MB
2026-04-04 17:39:31,pos,489d7ba9a64c,sistemas-distribuidos-delivery_db-1,0.14%,30.02MiB / 7.654GiB,0.38%,22.7MB / 19.4MB,10.1MB / 179MB
2026-04-04 17:39:31,pos,a32314d4dd03,sistemas-distribuidos-payments_db-1,0.06%,31.47MiB / 7.654GiB,0.40%,20.4MB / 17.3MB,12.9MB / 178MB
2026-04-04 17:39:31,pos,f5429bdd2fb0,sistemas-distribuidos-zookeeper-1,0.40%,157.6MiB / 7.654GiB,2.01%,423kB / 421kB,47.8MB / 430kB
2026-04-04 17:39:31,pos,86aa92827ac9,sistemas-distribuidos-otel-1,2.06%,1.01GiB / 7.654GiB,13.20%,232MB / 1.08MB,488MB / 432MB
2026-04-04 17:39:34,pos,510b28b5e515,sistemas-distribuidos-crm-1,2.23%,68.35MiB / 7.654GiB,0.87%,30.9MB / 52.4MB,3.47MB / 401kB
2026-04-04 17:39:34,pos,ff3bf187a9b9,sistemas-distribuidos-delivery-1,2.64%,69.28MiB / 7.654GiB,0.88%,36.3MB / 55.6MB,4.65MB / 401kB
2026-04-04 17:39:34,pos,ecbfb6f4687b,sistemas-distribuidos-payments-1,2.31%,68.59MiB / 7.654GiB,0.88%,34.7MB / 54.9MB,6.24MB / 401kB
2026-04-04 17:39:34,pos,ee13bc4e589c,sistemas-distribuidos-accounts-1,2.59%,70.16MiB / 7.654GiB,0.90%,31.3MB / 55.4MB,14.9MB / 406kB
2026-04-04 17:39:34,pos,a117783aa7c8,sistemas-distribuidos-middleware-1,1.02%,79.48MiB / 7.654GiB,1.01%,387MB / 364MB,201kB / 786kB
2026-04-04 17:39:34,pos,088ebce9e27e,kafka-ui,0.14%,551.9MiB / 7.654GiB,7.04%,5.18MB / 26.5MB,92MB / 3.04MB
2026-04-04 17:39:34,pos,ee37a20584eb,sistemas-distribuidos-kafka-1,6.56%,695.8MiB / 7.654GiB,8.88%,156MB / 187MB,70.2MB / 54MB
2026-04-04 17:39:34,pos,b1267530f40d,sistemas-distribuidos-crm_db-1,0.06%,27.23MiB / 7.654GiB,0.35%,16MB / 12.7MB,8.72MB / 157MB
2026-04-04 17:39:34,pos,f1f8000a605f,sistemas-distribuidos-middleware_db-1,0.00%,66.99MiB / 7.654GiB,0.85%,232MB / 369MB,15.4MB / 794MB
2026-04-04 17:39:34,pos,ff53aa714b0f,sistemas-distribuidos-accounts_db-1,0.00%,52.39MiB / 7.654GiB,0.67%,16MB / 12.1MB,5.3MB / 178MB
2026-04-04 17:39:34,pos,489d7ba9a64c,sistemas-distribuidos-delivery_db-1,0.00%,30.02MiB / 7.654GiB,0.38%,22.7MB / 19.4MB,10.1MB / 179MB
2026-04-04 17:39:34,pos,a32314d4dd03,sistemas-distribuidos-payments_db-1,0.05%,31.47MiB / 7.654GiB,0.40%,20.4MB / 17.3MB,12.9MB / 178MB
2026-04-04 17:39:34,pos,f5429bdd2fb0,sistemas-distribuidos-zookeeper-1,0.28%,157.6MiB / 7.654GiB,2.01%,424kB / 421kB,47.8MB / 430kB
2026-04-04 17:39:34,pos,86aa92827ac9,sistemas-distribuidos-otel-1,24.40%,1.009GiB / 7.654GiB,13.19%,232MB / 1.08MB,488MB / 433MB
2026-04-04 17:39:38,pos,510b28b5e515,sistemas-distribuidos-crm-1,1.67%,68.35MiB / 7.654GiB,0.87%,30.9MB / 52.4MB,3.47MB / 401kB
2026-04-04 17:39:38,pos,ff3bf187a9b9,sistemas-distribuidos-delivery-1,1.98%,69.28MiB / 7.654GiB,0.88%,36.3MB / 55.6MB,4.65MB / 401kB
2026-04-04 17:39:38,pos,ecbfb6f4687b,sistemas-distribuidos-payments-1,1.89%,68.34MiB / 7.654GiB,0.87%,34.7MB / 54.9MB,6.24MB / 401kB
2026-04-04 17:39:38,pos,ee13bc4e589c,sistemas-distribuidos-accounts-1,1.90%,70.16MiB / 7.654GiB,0.90%,31.3MB / 55.4MB,14.9MB / 406kB
2026-04-04 17:39:38,pos,a117783aa7c8,sistemas-distribuidos-middleware-1,1.41%,79.48MiB / 7.654GiB,1.01%,387MB / 364MB,201kB / 786kB
2026-04-04 17:39:38,pos,088ebce9e27e,kafka-ui,0.10%,551.9MiB / 7.654GiB,7.04%,5.18MB / 26.5MB,92MB / 3.05MB
2026-04-04 17:39:38,pos,ee37a20584eb,sistemas-distribuidos-kafka-1,5.91%,695.8MiB / 7.654GiB,8.88%,156MB / 187MB,70.2MB / 54MB
2026-04-04 17:39:38,pos,b1267530f40d,sistemas-distribuidos-crm_db-1,0.09%,27.22MiB / 7.654GiB,0.35%,16MB / 12.7MB,8.72MB / 157MB
2026-04-04 17:39:38,pos,f1f8000a605f,sistemas-distribuidos-middleware_db-1,0.00%,66.99MiB / 7.654GiB,0.85%,232MB / 369MB,15.4MB / 794MB
2026-04-04 17:39:38,pos,ff53aa714b0f,sistemas-distribuidos-accounts_db-1,0.07%,52.39MiB / 7.654GiB,0.67%,16MB / 12.1MB,5.3MB / 178MB
2026-04-04 17:39:38,pos,489d7ba9a64c,sistemas-distribuidos-delivery_db-1,0.00%,30.02MiB / 7.654GiB,0.38%,22.7MB / 19.4MB,10.1MB / 179MB
2026-04-04 17:39:38,pos,a32314d4dd03,sistemas-distribuidos-payments_db-1,0.05%,31.47MiB / 7.654GiB,0.40%,20.4MB / 17.3MB,12.9MB / 178MB
2026-04-04 17:39:38,pos,f5429bdd2fb0,sistemas-distribuidos-zookeeper-1,0.16%,157.6MiB / 7.654GiB,2.01%,424kB / 421kB,47.8MB / 430kB
2026-04-04 17:39:38,pos,86aa92827ac9,sistemas-distribuidos-otel-1,7.09%,1.009GiB / 7.654GiB,13.18%,232MB / 1.09MB,488MB / 433MB
2026-04-04 17:39:42,pos,510b28b5e515,sistemas-distribuidos-crm-1,2.02%,68.35MiB / 7.654GiB,0.87%,31MB / 52.5MB,3.47MB / 401kB
2026-04-04 17:39:42,pos,ff3bf187a9b9,sistemas-distribuidos-delivery-1,2.07%,69.28MiB / 7.654GiB,0.88%,36.3MB / 55.6MB,4.65MB / 401kB
2026-04-04 17:39:42,pos,ecbfb6f4687b,sistemas-distribuidos-payments-1,1.70%,68.35MiB / 7.654GiB,0.87%,34.8MB / 54.9MB,6.24MB / 401kB
2026-04-04 17:39:42,pos,ee13bc4e589c,sistemas-distribuidos-accounts-1,1.50%,70.16MiB / 7.654GiB,0.90%,31.3MB / 55.4MB,14.9MB / 406kB
2026-04-04 17:39:42,pos,a117783aa7c8,sistemas-distribuidos-middleware-1,1.02%,79.48MiB / 7.654GiB,1.01%,387MB / 364MB,201kB / 786kB
2026-04-04 17:39:42,pos,088ebce9e27e,kafka-ui,0.07%,551.9MiB / 7.654GiB,7.04%,5.2MB / 26.6MB,92MB / 3.05MB
2026-04-04 17:39:42,pos,ee37a20584eb,sistemas-distribuidos-kafka-1,5.89%,695.8MiB / 7.654GiB,8.88%,156MB / 187MB,70.2MB / 54MB
2026-04-04 17:39:42,pos,b1267530f40d,sistemas-distribuidos-crm_db-1,0.00%,27.22MiB / 7.654GiB,0.35%,16MB / 12.7MB,8.72MB / 157MB
2026-04-04 17:39:42,pos,f1f8000a605f,sistemas-distribuidos-middleware_db-1,0.00%,66.99MiB / 7.654GiB,0.85%,232MB / 369MB,15.4MB / 794MB
2026-04-04 17:39:42,pos,ff53aa714b0f,sistemas-distribuidos-accounts_db-1,0.00%,52.39MiB / 7.654GiB,0.67%,16MB / 12.1MB,5.3MB / 178MB
2026-04-04 17:39:42,pos,489d7ba9a64c,sistemas-distribuidos-delivery_db-1,0.00%,30.02MiB / 7.654GiB,0.38%,22.7MB / 19.4MB,10.1MB / 179MB
2026-04-04 17:39:42,pos,a32314d4dd03,sistemas-distribuidos-payments_db-1,0.00%,31.46MiB / 7.654GiB,0.40%,20.4MB / 17.3MB,12.9MB / 178MB
2026-04-04 17:39:42,pos,f5429bdd2fb0,sistemas-distribuidos-zookeeper-1,0.56%,157.6MiB / 7.654GiB,2.01%,424kB / 422kB,47.8MB / 430kB
2026-04-04 17:39:42,pos,86aa92827ac9,sistemas-distribuidos-otel-1,15.36%,1.009GiB / 7.654GiB,13.18%,232MB / 1.09MB,488MB / 433MB
2026-04-04 17:39:45,pos,510b28b5e515,sistemas-distribuidos-crm-1,2.59%,68.36MiB / 7.654GiB,0.87%,31MB / 52.5MB,3.47MB / 401kB
2026-04-04 17:39:45,pos,ff3bf187a9b9,sistemas-distribuidos-delivery-1,2.76%,69.29MiB / 7.654GiB,0.88%,36.4MB / 55.7MB,4.65MB / 401kB
2026-04-04 17:39:45,pos,ecbfb6f4687b,sistemas-distribuidos-payments-1,2.66%,68.34MiB / 7.654GiB,0.87%,34.8MB / 54.9MB,6.24MB / 401kB
2026-04-04 17:39:45,pos,ee13bc4e589c,sistemas-distribuidos-accounts-1,2.46%,70.4MiB / 7.654GiB,0.90%,31.4MB / 55.4MB,14.9MB / 406kB
2026-04-04 17:39:45,pos,a117783aa7c8,sistemas-distribuidos-middleware-1,1.68%,79.48MiB / 7.654GiB,1.01%,387MB / 364MB,201kB / 786kB
2026-04-04 17:39:45,pos,088ebce9e27e,kafka-ui,0.21%,551.9MiB / 7.654GiB,7.04%,5.2MB / 26.6MB,92MB / 3.05MB
2026-04-04 17:39:45,pos,ee37a20584eb,sistemas-distribuidos-kafka-1,8.23%,695.8MiB / 7.654GiB,8.88%,156MB / 187MB,70.2MB / 54MB
2026-04-04 17:39:45,pos,b1267530f40d,sistemas-distribuidos-crm_db-1,0.00%,27.22MiB / 7.654GiB,0.35%,16MB / 12.7MB,8.72MB / 157MB
2026-04-04 17:39:45,pos,f1f8000a605f,sistemas-distribuidos-middleware_db-1,0.11%,66.99MiB / 7.654GiB,0.85%,232MB / 369MB,15.4MB / 794MB
2026-04-04 17:39:45,pos,ff53aa714b0f,sistemas-distribuidos-accounts_db-1,0.09%,52.39MiB / 7.654GiB,0.67%,16MB / 12.1MB,5.3MB / 178MB
2026-04-04 17:39:45,pos,489d7ba9a64c,sistemas-distribuidos-delivery_db-1,0.12%,30.02MiB / 7.654GiB,0.38%,22.7MB / 19.4MB,10.1MB / 179MB
2026-04-04 17:39:45,pos,a32314d4dd03,sistemas-distribuidos-payments_db-1,0.00%,31.46MiB / 7.654GiB,0.40%,20.4MB / 17.3MB,12.9MB / 178MB
2026-04-04 17:39:45,pos,f5429bdd2fb0,sistemas-distribuidos-zookeeper-1,0.85%,157.6MiB / 7.654GiB,2.01%,425kB / 422kB,47.8MB / 430kB
2026-04-04 17:39:45,pos,86aa92827ac9,sistemas-distribuidos-otel-1,3.56%,1.009GiB / 7.654GiB,13.19%,232MB / 1.09MB,488MB / 433MB
2026-04-04 17:39:49,pos,510b28b5e515,sistemas-distribuidos-crm-1,1.75%,68.35MiB / 7.654GiB,0.87%,31MB / 52.5MB,3.47MB / 401kB
2026-04-04 17:39:49,pos,ff3bf187a9b9,sistemas-distribuidos-delivery-1,1.71%,69.28MiB / 7.654GiB,0.88%,36.4MB / 55.7MB,4.65MB / 401kB
2026-04-04 17:39:49,pos,ecbfb6f4687b,sistemas-distribuidos-payments-1,1.97%,68.35MiB / 7.654GiB,0.87%,34.8MB / 55MB,6.24MB / 401kB
2026-04-04 17:39:49,pos,ee13bc4e589c,sistemas-distribuidos-accounts-1,1.99%,70.16MiB / 7.654GiB,0.90%,31.4MB / 55.4MB,14.9MB / 406kB
2026-04-04 17:39:49,pos,a117783aa7c8,sistemas-distribuidos-middleware-1,1.85%,79.48MiB / 7.654GiB,1.01%,387MB / 364MB,201kB / 786kB
2026-04-04 17:39:49,pos,088ebce9e27e,kafka-ui,0.26%,551.9MiB / 7.654GiB,7.04%,5.2MB / 26.6MB,92MB / 3.05MB
2026-04-04 17:39:49,pos,ee37a20584eb,sistemas-distribuidos-kafka-1,7.37%,695.8MiB / 7.654GiB,8.88%,156MB / 187MB,70.2MB / 54MB
2026-04-04 17:39:49,pos,b1267530f40d,sistemas-distribuidos-crm_db-1,0.00%,27.22MiB / 7.654GiB,0.35%,16MB / 12.7MB,8.72MB / 157MB
2026-04-04 17:39:49,pos,f1f8000a605f,sistemas-distribuidos-middleware_db-1,0.00%,66.99MiB / 7.654GiB,0.85%,232MB / 369MB,15.4MB / 794MB
2026-04-04 17:39:49,pos,ff53aa714b0f,sistemas-distribuidos-accounts_db-1,0.00%,52.39MiB / 7.654GiB,0.67%,16MB / 12.1MB,5.3MB / 178MB
2026-04-04 17:39:49,pos,489d7ba9a64c,sistemas-distribuidos-delivery_db-1,0.00%,30.02MiB / 7.654GiB,0.38%,22.7MB / 19.4MB,10.1MB / 179MB
2026-04-04 17:39:49,pos,a32314d4dd03,sistemas-distribuidos-payments_db-1,0.03%,31.46MiB / 7.654GiB,0.40%,20.4MB / 17.3MB,12.9MB / 178MB
2026-04-04 17:39:49,pos,f5429bdd2fb0,sistemas-distribuidos-zookeeper-1,0.61%,157.6MiB / 7.654GiB,2.01%,425kB / 422kB,47.8MB / 430kB
2026-04-04 17:39:49,pos,86aa92827ac9,sistemas-distribuidos-otel-1,19.66%,1.009GiB / 7.654GiB,13.19%,232MB / 1.09MB,488MB / 433MB
2026-04-04 17:39:53,pos,510b28b5e515,sistemas-distribuidos-crm-1,2.44%,68.36MiB / 7.654GiB,0.87%,31MB / 52.5MB,3.47MB / 401kB
2026-04-04 17:39:53,pos,ff3bf187a9b9,sistemas-distribuidos-delivery-1,1.65%,69.29MiB / 7.654GiB,0.88%,36.4MB / 55.7MB,4.65MB / 401kB
2026-04-04 17:39:53,pos,ecbfb6f4687b,sistemas-distribuidos-payments-1,2.06%,68.34MiB / 7.654GiB,0.87%,34.8MB / 55MB,6.24MB / 401kB
2026-04-04 17:39:53,pos,ee13bc4e589c,sistemas-distribuidos-accounts-1,2.82%,70.16MiB / 7.654GiB,0.90%,31.4MB / 55.4MB,14.9MB / 406kB
2026-04-04 17:39:53,pos,a117783aa7c8,sistemas-distribuidos-middleware-1,1.27%,79.48MiB / 7.654GiB,1.01%,387MB / 364MB,201kB / 786kB
2026-04-04 17:39:53,pos,088ebce9e27e,kafka-ui,0.20%,551.9MiB / 7.654GiB,7.04%,5.2MB / 26.6MB,92MB / 3.05MB
2026-04-04 17:39:53,pos,ee37a20584eb,sistemas-distribuidos-kafka-1,6.83%,695.8MiB / 7.654GiB,8.88%,156MB / 187MB,70.2MB / 54.1MB
2026-04-04 17:39:53,pos,b1267530f40d,sistemas-distribuidos-crm_db-1,0.34%,27.22MiB / 7.654GiB,0.35%,16MB / 12.7MB,8.72MB / 157MB
2026-04-04 17:39:53,pos,f1f8000a605f,sistemas-distribuidos-middleware_db-1,0.00%,66.99MiB / 7.654GiB,0.85%,232MB / 369MB,15.4MB / 794MB
2026-04-04 17:39:53,pos,ff53aa714b0f,sistemas-distribuidos-accounts_db-1,0.00%,52.39MiB / 7.654GiB,0.67%,16MB / 12.1MB,5.3MB / 178MB
2026-04-04 17:39:53,pos,489d7ba9a64c,sistemas-distribuidos-delivery_db-1,0.00%,30.02MiB / 7.654GiB,0.38%,22.7MB / 19.4MB,10.1MB / 179MB
2026-04-04 17:39:53,pos,a32314d4dd03,sistemas-distribuidos-payments_db-1,0.05%,31.46MiB / 7.654GiB,0.40%,20.4MB / 17.3MB,12.9MB / 178MB
2026-04-04 17:39:53,pos,f5429bdd2fb0,sistemas-distribuidos-zookeeper-1,0.52%,157.6MiB / 7.654GiB,2.01%,425kB / 423kB,47.8MB / 430kB
2026-04-04 17:39:53,pos,86aa92827ac9,sistemas-distribuidos-otel-1,3.93%,1.007GiB / 7.654GiB,13.16%,232MB / 1.09MB,488MB / 433MB
